0.02,-1.5,1.5,1.5000743245274049,0.005404607577401959,0.0006715408547691082,0.00012754657355416968
0.04,-1.5,1.5,1.5001667198015136,0.01176340828594016,0.007026347250166571,-2.31663793239299e-05
0.06,-1.4999973438301,1.49997864500985,1.5002903204829314,0.022248709955440617,0.016447266344199112,-0.0004557166498028141
0.08,-1.499966906158914,1.4999107872695265,1.5004481181154834,0.03647170667582981,0.029262638140847647,-0.0011066646610285221
0.1,-1.4998713969539008,1.4997548243216081,1.5006457408224876,0.05419984615676884,0.04546727919011604,-0.001983459802608993
0.12,-1.499660085025136,1.4994541468916855,1.500887550427602,0.07505160586102319,0.0649878463120467,-0.0031618844742959144
0.14,-1.49926937235691,1.4989385030150013,1.5011653252785984,0.09825971361581205,0.08746270000712258,-0.004918029316870379
0.16,-1.498623815357389,1.4981259461527097,1.5014581617865574,0.12262382178434296,0.11150989956815784,-0.008194628005906214
0.18,-1.4976385284940281,1.4969262439171236,1.5017330368992166,0.14670471892703665,0.13622867949694267,-0.013837868137718826
0.2,-1.4962234158526133,1.495242670253977,1.5019692340969881,0.16969959705007123,0.16124640185195488,-0.022069037946154228
0.22,-1.494287123115237,1.49297612104312,1.5021551064379843,0.19106527210049362,0.18625105699063557,-0.03288206081098048
0.24,-1.491739873225946,1.4900280755948057,1.502279645455669,0.21036790915304207,0.2108904495816858,-0.04629459410890924
0.26,-1.4884920295476824,1.4862984257076326,1.502349788097097,0.22683340537485383,0.23439842680211537,-0.062250540514531806
0.28,-1.4844607689290705,1.4816920173698693,1.5023609727844902,0.23971789769271434,0.2561517300981058,-0.08072296713982476
0.3,-1.479578588516129,1.4761277038715317,1.502277160261129,0.24837807979815862,0.27615183416512185,-0.10155519883639913
0.32,-1.4737931717436,1.4695390460441997,1.5020485443078593,0.25208188425222156,0.2946958131081634,-0.12439623094415939
0.34,-1.4670645333758063,1.4618749686714103,1.5016221707452935,0.25033952157955863,0.31219719842313565,-0.14884590027838934
0.36,-1.459352002030039,1.453091234963119,1.5009807698360487,0.24337033659276394,0.3285615438660837,-0.1748715326126887
0.38,-1.4506145237389343,1.4431570538745242,1.500124412657391,0.23163244270702116,0.34338240346279425,-0.20255427864449616
0.4,-1.4408154280321648,1.4320608893727491,1.4990490117377375,0.21588822972055427,0.356018298017927,-0.23182050341060878
0.42,-1.429926328659203,1.4198122970904308,1.4977358687233473,0.1977987632904089,0.3657150509159515,-0.26195950908076454
0.44,-1.4179231039094498,1.4064332448846129,1.4961715606694044,0.17939322113277767,0.3720824765113545,-0.29188858700753983
0.46,-1.4047859360389974,1.3919510708630507,1.4943556003923208,0.16233437634120576,0.37544081092034637,-0.3204374446000649
0.48,-1.3905070464614058,1.3763988470700566,1.4922813629919085,0.14717275120188072,0.3764221465021472,-0.34679810087203605
0.5,-1.375087461533401,1.3598081550299288,1.4899444827406456,0.1341375961979068,0.3755193218562159,-0.3704655981115796
0.52,-1.3585335519658492,1.3422068387001833,1.4873466956005401,0.12336238413731951,0.3729707253627568,-0.39123054125476237
0.54,-1.3408593899225834,1.3236222443145156,1.4844834087772256,0.11468060535062709,0.3690198919558704,-0.40886461244812883
0.56,-1.322081283339971,1.3040766338400986,1.4813597736266382,0.10804010191971337,0.3637252315997176,-0.4233672151579582
0.58,-1.3022197026711537,1.2835905769492502,1.4779817601704304,0.10345259940587635,0.35717254934535697,-0.43483335731925155
0.6,-1.2813025657495367,1.262186071888193,1.4743455302014534,0.10080092881072107,0.34956028569043746,-0.44346981377556005
0.62,-1.2593637515447558,1.2398850268918356,1.4704420816885717,0.09970656121271786,0.341026199020024,-0.44972814936011013
0.64,-1.236441466576895,1.216708185880755,1.4662606310847317,0.09928501071670351,0.33132162002123744,-0.4542964097896548
0.66,-1.2125684473075504,1.1926673171344182,1.4618219967483548,0.09909784573775696,0.3198175999621735,-0.4574354544720334
0.68,-1.1877790471216494,1.1677740213832417,1.4571556417310856,0.09903463177836748,0.30534366712426453,-0.45948072702344983
0.7,-1.1621137052456652,1.1420445193102522,1.4522902120709702,0.09896288075091876,0.28679407551665614,-0.4609182256961474
0.72,-1.1356245186924128,1.115503068469152,1.4472483089320984,0.09889123980921027,0.26398429122728456,-0.46176429187812784
0.74,-1.1083777420257854,1.0881824493516914,1.4420525138623823,0.09868085918917506,0.23706470259759277,-0.46190781386374635
0.76,-1.08045568466022,1.0601255127731057,1.4367182333145254,0.09804474811416214,0.20671053035675924,-0.4608790113057861
0.78,-1.0519540613315037,1.0313835826251503,1.4312597843617723,0.09662526660055819,0.17371541731953102,-0.45819715455725074
0.8,-1.0229773370427149,1.002014414904038,1.4256986278858612,0.09402216338385874,0.13859559540991667,-0.45363041548742616
0.82,-0.9936357824436255,0.9720820331372303,1.4200629668710594,0.09000120539980251,0.10173176007568849,-0.4470057013054422
0.84,-0.9640426349444089,0.9416547879443858,1.414402721344345,0.08452708629265636,0.0637467109493035,-0.43815958487475287
0.86,-0.9343151963623585,0.9108067483378728,1.4087853871583367,0.07738596426319458,0.02550069389559176,-0.4270911434634326
0.88,-0.9045753413388795,0.8796187014037654,1.4032828853666377,0.06795364319397028,-0.01184948904109194,-0.41394634488612014
0.9,-0.8749473014374667,0.8481789276034591,1.3979509777411618,0.05581917254453852,-0.04736727913697325,-0.3988699404494961
0.92,-0.8455516133393028,0.8165825916967685,1.392821426733067,0.041102868802461924,-0.08060042370118843,-0.38203273919292335
0.94,-0.816500178092106,0.7849298494437862,1.3879072887003328,0.024365699907381775,-0.1113254015601628,-0.363733932476152
0.96,-0.7878929305416837,0.7533236470421272,1.3831891724448824,0.006418257378323428,-0.13896854882428064,-0.34434328770318784
0.98,-0.7598178933039965,0.7218654725484811,1.3786287660430747,-0.011956817936755924,-0.16299801606452127,-0.3243273221166583
1.0,-0.732352248008617,0.6906515006875856,1.3741890061911297,-0.030163459929582984,-0.18307814920626875,-0.3041720442664844
1.02,-0.7055631812675527,0.6597705276044128,1.3698440558116254,-0.047786340517321696,-0.19911203407178196,-0.284251031541702
1.04,-0.6795070052193721,0.6293027280599746,1.3655751501187705,-0.06466831200827354,-0.21113855227725276,-0.2647266102425018
1.06,-0.6542286832899773,0.5993192125086126,1.3613685557615913,-0.08057999907804314,-0.21953921809068308,-0.24578385802447344
1.08,-0.6297608033527858,0.5698820473214663,1.357210738015641,-0.09532309858176542,-0.2248147811183498,-0.22754219382369636
1.1,-0.6061256421740714,0.5410452876120248,1.3530930854039476,-0.10875557603319759,-0.22756889951102857,-0.2100357482526329
1.12,-0.5833356824325013,0.5128547622181726,1.3490060378206035,-0.12066085493288267,-0.22829968936284803,-0.19333285079065782
1.14,-0.5613943278190073,0.48534755649463096,1.3449325195715556,-0.1308821910168127,-0.22726425129250083,-0.1774798932730274
1.16,-0.5403000125675411,0.45855381064730805,1.3408597313668729,-0.1393523703584942,-0.22471649739135596,-0.16251590874193483
1.18,-0.5200471961359305,0.4324969794071791,1.336780356557171,-0.14611849627739332,-0.22081988121380022,-0.14846485307337395
1.2,-0.5006265087712876,0.4071936912724237,1.3326900431200557,-0.15132063259482242,-0.21570588716923747,-0.13530764246481483
1.22,-0.48202814755805573,0.38265717825088386,1.3286031715414108,-0.1552685943224512,-0.2094531184765142,-0.12260715777273136
1.24,-0.4642392054994931,0.35889570344152144,1.3245394450960988,-0.1584734501576193,-0.20202528011112636,-0.11004150893024822
1.26,-0.44724189968093947,0.3359118007614347,1.3205140590484254,-0.1612793276421518,-0.1933834131947676,-0.09734306941897083
1.28,-0.4310121879224828,0.31370312898632474,1.3165318737071692,-0.16383753279103658,-0.18363016242736008,-0.08422974862778053
1.3,-0.41551902508158417,0.29226311048947007,1.3125833650198473,-0.16606421662619902,-0.17297129849537363,-0.07050388007223968
1.32,-0.40072791436288496,0.271584533667758,1.3086602902222688,-0.16791531496486603,-0.16160046420319427,-0.056025084295101946
1.34,-0.3866004259761796,0.25165775281443487,1.304746638273318,-0.1694838988475327,-0.149730274108838,-0.0404860756253969
1.36,-0.3730959671928163,0.23247155430570493,1.3008230384267616,-0.17082467781293917,-0.1374238056946567,-0.023667254500869407
1.38,-0.3601711479464894,0.21401147684473953,1.296854550765768,-0.1718868807618605,-0.1247582929167417,-0.00549895259315073
1.4,-0.34778412150005844,0.19626488862372649,1.2928169165089678,-0.17247282177177478,-0.11190151573264379,0.013969852299101918
1.42,-0.3358945267473127,0.17922083435831684,1.2886959637681112,-0.17235026723980362,-0.09889996537862666,0.0346732645703601
1.44,-0.32446312233466273,0.16286849369888534,1.2844820901339444,-0.1713270952822147,-0.08579507538370099,0.05653951781842206
1.46,-0.31345196296362865,0.1471969524898659,1.2801731569716992,-0.16923676130189588,-0.0725404168279857,0.0794402070195335
1.48,-0.30282370105936846,0.13219390438185102,1.2757703787595291,-0.16583374763684122,-0.05915667356983429,0.10315812439619859
1.5,-0.29254048499326474,0.11784428251397562,1.2712727645138893,-0.160837170137402,-0.046010883569102295,0.12739457992893793
1.52,-0.28256276878242514,0.10412781286018911,1.2666660994545733,-0.15442628701591038,-0.03354454088750841,0.15176860367773026
1.54,-0.2728518005130951,0.09102140571979327,1.2619432475890822,-0.14687185156565716,-0.022072785278390326,0.17581002391510858
1.56,-0.2633704850144438,0.07849952256047628,1.2571030545129054,-0.13869517091145542,-0.011867956397983754,0.19908188341750385
1.58,-0.25408444454904683,0.06653636732979587,1.2521606392356603,-0.1303782583650664,-0.0032379799864656654,0.22135820907076792
1.6,-0.244962452047306,0.055106903854953135,1.2471455571922199,-0.12246434531059668,0.003782112369075757,0.2423599858843039
1.62,-0.2359770121972966,0.04418587193118561,1.2420868656328736,-0.11531415412419752,0.009252758387482032,0.26174460306539044
1.64,-0.2271047702535314,0.0337484051388582,1.2370047892151381,-0.10903603286179303,0.013255416612653297,0.27915353673344506
1.66,-0.21832688116624543,0.023771252401545873,1.2319111827391154,-0.10365429357260135,0.015918893867769433,0.2943183240851178
1.68,-0.2096290746142728,0.014233152594618574,1.2268110106436239,-0.099155325734454,0.017464832052582025,0.3069889779380654
1.7,-0.20100144590439972,0.0051150298856256216,1.2217047605405031,-0.09554154487419314,0.018146397365339104,0.31695453879733915
1.72,-0.19243781214080136,-0.0035997018313921724,1.2165920855871584,-0.09290245630096192,0.01809082017357552,0.3241497099162217
1.74,-0.1839348200269201,-0.011925596517591574,1.2114661765403558,-0.09124024281309567,0.01753939245805309,0.3284712129830864
1.76,-0.17549172836570132,-0.019874847659284038,1.2063131540573646,-0.09062623576183206,0.016854206756447134,0.3298505821482048
1.78,-0.16710936073666488,-0.02745877577037848,1.2010933037600557,-0.09135019129706756,0.017004288396010002,0.3282286839866677
1.8,-0.1587888471559225,-0.03468735664782452,1.195738365830248,-0.09144083566253557,0.01369812770119089,0.32646688825429465
1.82,-0.1505316559518695,-0.041545727568714455,1.1903840771523997,-0.091252438689807,0.014215535085778903,0.32298832473371947
1.84,-0.14234844172224534,-0.0480432281378081,1.1849749969153764,-0.09242118752714885,0.010342093256063613,0.32022435868291493
1.86,-0.13423673380201814,-0.054174064590712855,1.1795785716006115,-0.09221605570265318,0.009155040106876334,0.3158106994268551
1.88,-0.12621163595124424,-0.05993721155724479,1.1742144336475135,-0.09383351200624786,0.005672330782229213,0.3112504509723743
1.9,-0.1182753322221267,-0.06533613098984668,1.1688710755214953,-0.09328332688156969,0.003508188154549739,0.3054971261522535
1.92,-0.11044203462950644,-0.07036506875185376,1.1635922607936553,-0.09457804081968396,-0.00031308098723798914,0.29953108686225133
1.94,-0.10271654701758236,-0.07503028541396017,1.1583603887866096,-0.09410388933449582,-0.0035963435232636335,0.2926559855643377
1.96,-0.09511356919937235,-0.07932781679241882,1.1532129695407405,-0.09455211463318049,-0.00821647347306304,0.2855197800654167
1.98,-0.08764147777425688,-0.0832656610516542,1.1481201414954507,-0.09395055767208293,-0.012785584416169438,0.27774078971928545
2.0,-0.08031713073628272,-0.08684294681611263,1.1431259958697266,-0.09317123499898966,-0.017818204246481135,0.2696471793802814
2.02,-0.0731543084305501,-0.09006677968274943,1.13822635427035,-0.091810181161479,-0.023096427250283987,0.26117308772702363
2.04,-0.06616868617044294,-0.0929444379205319,1.1334250095234388,-0.09005658443271622,-0.028539501611733183,0.2522944717454131
2.06,-0.05937588709898018,-0.09548611935896831,1.128716717453474,-0.08798678622811973,-0.03400458832353083,0.24301385107478826
2.08,-0.052791370543258276,-0.0977039268511953,1.1240882842100186,-0.08568450266589206,-0.03931107403431667,0.23339358391577839
2.1,-0.046430335467121574,-0.09961072279125946,1.119526398723705,-0.08318893753038104,-0.0444610411615463,0.22358567994482112
2.12,-0.04030770881623949,-0.10121892808265852,1.1150270218342322,-0.0805469229030076,-0.04948978246750668,0.21371558655094655
2.14,-0.03443789841077166,-0.10254104117130325,1.1105877500717192,-0.07773753164708011,-0.05428181040015388,0.20388222055922228
2.16,-0.028835237074502286,-0.10358934170619315,1.1062107524295524,-0.07476995972249449,-0.05868031138525435,0.19415434395868683
2.18,-0.0235130498354607,-0.10437648430629623,1.1018947937982417,-0.07166742739203921,-0.06256235946198832,0.1846120980407544
2.2,-0.01848284233689391,-0.10491553181406928,1.0976325150491955,-0.06853349077654383,-0.06573451178676676,0.17534828010047102
2.22,-0.013754530785739207,-0.10521922107115751,1.0934200874870452,-0.06542010204017824,-0.06807435083349676,0.16650132292332825
2.24,-0.009339662301256706,-0.10529672341044523,1.0893074589119123,-0.06235866875410735,-0.06951534991129571,0.15824097313865076
2.26,-0.005245262100174318,-0.10515799238986168,1.0853225285853485,-0.0594027308949409,-0.07007189583551353,0.1506370923781395
2.28,-0.0014746177995509616,-0.104812784254282,1.0814860737286327,-0.05655066836542907,-0.06992804119782643,0.14372610420069076
2.3,0.0019724857253838584,-0.10427035483672333,1.0778146457690772,-0.05385447789138853,-0.06917918735108507,0.13741344706958733
2.32,0.005100196481412181,-0.10354028092423927,1.0743062162781196,-0.05088532382626805,-0.06833475598569871,0.13174604604089518
2.34,0.007915203083025419,-0.10263163181639613,1.0709529727610323,-0.048103794360066364,-0.06732126859584146,0.126695196846863
2.36,0.0104244253371586,-0.10155472518075445,1.0677475558665843,-0.04548793418676894,-0.06638066599929672,0.12225545024775075
2.38,0.01263594151608223,-0.10031967447206877,1.0646712579043855,-0.04323882998720318,-0.06547842118382596,0.11838501339473731
2.4,0.01455681844552327,-0.09893590651435652,1.0617105531389082,-0.04118863420818694,-0.06473441518745686,0.11500814106923596
2.42,0.01619214092674598,-0.09741081059494754,1.058872383282153,-0.039400863577351945,-0.06375253124692068,0.11200458737233189
2.44,0.017546699357294682,-0.09575150874380478,1.0561555958293642,-0.037227708225137705,-0.06313469578938734,0.10943610085048848
2.46,0.018626804459180555,-0.09396445348082225,1.0535473795439352,-0.0360830785864152,-0.06113646505707664,0.10737246425496196
2.48,0.019435435756422904,-0.09205703795445555,1.0510634347091252,-0.03422713847652492,-0.05988047855341616,0.10531261736952773
2.5,0.01998580886154789,-0.09003445556253542,1.0486395929308157,-0.03271318708059213,-0.058341275911507555,0.10340756824965676
2.52,0.020281971110379732,-0.08790216036549217,1.0463106060405358,-0.030952609021842235,-0.05653780812897393,0.10130610334128912
2.54,0.020332046278645367,-0.08566558070649875,1.0440620770878404,-0.029131346479805555,-0.05353029167628981,0.09873004272667811
2.56,0.02014221757030033,-0.08332967818652941,1.041930628583234,-0.026930747019710474,-0.04880049317150634,0.09559735970102858
2.58,0.0197265159364778,-0.08090037618918111,1.0399035951602293,-0.024507629399613772,-0.04243090520307665,0.09169868109961214
2.6,0.019105343251173603,-0.07838411568654059,1.037979822756187,-0.02177969233285738,-0.03482195706161922,0.08679361148208296
2.62,0.018305548561388975,-0.07578751007964354,1.0361625550869815,-0.018651209422679203,-0.026327359038158277,0.08073886145138275
2.64,0.01735929189003909,-0.07311811948418169,1.0344496357933453,-0.01519610270281717,-0.017405844583769866,0.07347956797561837
2.66,0.016302268421801158,-0.07038493773813252,1.032841327400507,-0.011128722928612594,-0.008694226149821929,0.06518643693554516
2.68,0.015172166584995646,-0.06759866582033837,1.0313231473912963,-0.006452935265674685,-0.0005921889438984568,0.05579262407241833
2.7,0.014005512929602625,-0.0647728350698982,1.0298868440026812,-0.001115640941676731,0.006592209908178882,0.04526230509305511
2.72,0.012836154052195018,-0.0619240627079557,1.0285231827888837,0.004677239217591182,0.012392306787401285,0.03358404732694434
2.74,0.011693985842516769,-0.059072311136872994,1.027234271020715,0.010393617881099644,0.016226905372043857,0.021155154436490877
2.76,0.010603179520652617,-0.05624029851678778,1.0260364387827772,0.015432371708798699,0.01795920480096455,0.008533189857888495
2.78,0.009579126734819197,-0.053451095735020146,1.0249172974557115,0.018949032709705584,0.01790256227253666,-0.004085131922939989
2.8,0.008628038671383354,-0.050725309098491475,1.0238596617681077,0.020927075475498002,0.01593625600695481,-0.016608636301181753
2.82,0.007748320770961468,-0.04807727745345067,1.0228372704982416,0.021546052723464867,0.012568482523436507,-0.029029354737236404
2.84,0.00693110770304806,-0.04551556738887558,1.021853827664863,0.021071143553337748,0.00847385535232788,-0.04117861278618892
2.86,0.006162144167026845,-0.043043366597431486,1.020930249556483,0.020016749962351643,0.004937928149315012,-0.0528146075822985
2.88,0.0054241792102947516,-0.040658762627779954,1.0200745816124273,0.01852193024795277,0.003135710487376252,-0.0636860960759829
2.9,0.004702392868664463,-0.03835739767682645,1.0193031411485756,0.015608973887769538,0.003547025419653668,-0.07321362103153728
2.92,0.003989065900508141,-0.03613291965665218,1.0186160414582557,0.011105251638248999,0.007015234341413585,-0.08119432546563062
2.94,0.0032858990971871126,-0.03397333586933427,1.0179834061426516,0.006543584825518646,0.013894572462919615,-0.08790691289558256
2.96,0.0026075936544703417,-0.03186198198102294,1.0174094326676146,0.003170921170727529,0.020723862695209788,-0.09422441460852549
2.98,0.001982505082320541,-0.029783199976737812,1.0168815271410456,0.0024713350875246003,0.024405339047780188,-0.10065101463319034
3.0,0.0014387030846646585,-0.027726542736190428,1.0164038348768627,0.005398820903910316,0.024287752068537276,-0.10673546618126094
3.02,0.0009885807875168499,-0.025690755479275157,1.015883605800286,0.010693768233492504,0.022111719935211292,-0.1139999723531274
3.04,0.0006296496915163719,-0.02368741346556683,1.0152944071357457,0.01592972657498685,0.017841561501464577,-0.12178443180191419
3.06,0.0003506773416980198,-0.021736276523171446,1.0146229379850973,0.01982258579050452,0.011984002800347542,-0.12938939371940897
3.08,0.00013283460659535855,-0.019856266271146797,1.0138913833164551,0.02243076978525545,0.005068946169347166,-0.13608753621634698
3.1,-4.8624052932302246e-05,-0.018060211395179132,1.013121168404831,0.025099606521416264,-0.002063319727063697,-0.1408995840279206
3.12,-0.00022223516668847158,-0.016354781482203897,1.0123175889519165,0.0276224010263946,-0.00826575438024886,-0.14335979072913047
3.14,-0.00041745514516577443,-0.014746847712536454,1.011502600083776,0.02967712699800369,-0.01193086439847455,-0.143971583735739
3.16,-0.0006602892097544296,-0.013243405330415254,1.0107081106256013,0.030167336940919956,-0.011595517904218451,-0.14360602938464676
3.18,-0.0009659801034584903,-0.011849874781947753,1.0099194983118711,0.0262317127133449,-0.008554609059975867,-0.14315388227409834
3.2,-0.0013344418337103015,-0.010570120521922795,1.0092022546285926,0.018285505344276715,-0.003410003158623906,-0.14280487608785564
3.22,-0.0017522097423738003,-0.009392048931766348,1.0086295544322377,0.009341624367412317,0.0035207709599217847,-0.14204681120427845
3.24,-0.002193670649068149,-0.008285856493358223,1.0081604579377508,0.0018286138757743538,0.009037729105832497,-0.14186891609548796
3.26,-0.002626213462811025,-0.00721910040864605,1.0077214396595,-0.0017433310338062777,0.011409789209707215,-0.1417334022112401
3.28,-0.0030242432803835365,-0.00616538683027838,1.0072927262424891,-0.000866946423229295,0.010649572749627677,-0.1416673181501259
3.3,-0.003376101905546119,-0.005112113714883536,1.0069153516414657,0.0017110485347511327,0.009006076439691861,-0.14074103462974838
3.32,-0.0036857483826941008,-0.004062268936602002,1.0065481054467962,0.004932816961001677,0.007155576934080226,-0.13972265429582115
3.34,-0.003961169136706841,-0.0030248888206120357,1.0061752849457386,0.007854219180885896,0.005635855690647693,-0.13850140183712764
3.36,-0.0042114587700545145,-0.0020112705049759316,1.0057737689376272,0.009669343231590998,0.0049363340646922885,-0.13736840850182766
3.38,-0.004443895108188364,-0.0010320751082949936,1.0053751328796376,0.009979837630971116,0.0052522956711905594,-0.13680236988679975
3.4,-0.004661870261214745,-9.473055498314766e-05,1.0050574687069356,0.009635251034184446,0.00512393378808742,-0.13767544307046328
3.42,-0.004864326955656425,0.0007995052791793371,1.0048113405519823,0.010616601847572035,0.0057941567345807495,-0.13674264694839705
3.44,-0.00505167972318724,0.0016522140471599254,1.0046246181348646,0.010996800150586558,0.006571757545661939,-0.13587921346301277
3.46,-0.005222004911854694,0.0024597696162805853,1.0044480916483218,0.010766435201124873,0.006189043862941902,-0.13668643961644447
3.48,-0.0053725381842082915,0.0032205304696747636,1.0042648343394012,0.012691223454728036,0.006605021435656948,-0.13578795236747623
3.5,-0.005504561891493238,0.003935291567106023,1.004103260053627,0.012429177262217608,0.008360007991501365,-0.13471398841736656
3.52,-0.005617440143406958,0.004596331660074084,1.0039661340767945,0.011590764488746528,0.009063659580813935,-0.13592071285818397
3.54,-0.00570393390160541,0.005203406050447583,1.003883595374568,0.01200186151275195,0.010935102734205752,-0.13542793502459505
3.56,-0.005760573393566355,0.005758879635989051,1.0039006317733543,0.013687265862376346,0.008716401223481576,-0.13432926919106378
3.58,-0.005782380156137912,0.006263425444976623,1.0037726803538733,0.013910547938510348,0.00772327411475664,-0.1335114942931335
3.6,-0.005777895850644367,0.006710674798805473,1.0035857887130755,0.013239607527559179,0.008080908834397774,-0.13470647669356747
3.62,-0.005750332778378407,0.007098621942818101,1.0034568518411473,0.013487136771991372,0.008997489825136255,-0.13378125333469978
3.64,-0.005698260480049784,0.007430309939391215,1.0033459232784292,0.012457450568466848,0.00904435873227145,-0.13517914683028195
3.66,-0.005618052102709405,0.007704057829378031,1.0032737344074831,0.01288280599453038,0.00846025175157159,-0.13417149906903975
3.68,-0.005509797440609216,0.007925229331430764,1.003141429631117,0.01103725332595179,0.008557172077262608,-0.13510863823105207
3.7,-0.005375188121410064,0.008091041685595239,1.0030590163179336,0.011528812787956151,0.007854069318598928,-0.13378524784307827
3.72,-0.005213617354047699,0.008209915224358245,1.0029279661322172,0.009820214473736284,0.007671820592347981,-0.13452532169191372
3.74,-0.0050273455093059385,0.008279100261798795,1.0028525769880474,0.011004994196092521,0.006548314292593996,-0.13308311879828105
3.76,-0.004817029923056269,0.008306807502052732,1.0027064872942932,0.009374211520980136,0.005781145593760585,-0.13301615321879162
3.78,-0.004587069219715623,0.008288097505774774,1.0025798659797467,0.012508410089872218,0.00493859784066317,-0.1317065751833126
3.8,-0.00433991048102581,0.008230430385709525,1.0024078870731974,0.01242540177281875,0.0036441595564900855,-0.13031008559478258
3.82,-0.004080417463755139,0.00812252687789818,1.0021693319113172,0.010555074228918283,0.003590633272064523,-0.13130277316701874
3.84,-0.003813166761684906,0.007963696226843455,1.0019982978146362,0.010175145194077749,0.002547376139792151,-0.12968969153116908
3.86,-0.003537725115790574,0.007762774452656178,1.001768516948976,0.007934138780262612,0.0026637015240697395,-0.1305936816304602
3.88,-0.0032576663077508432,0.0075203218511358,1.0016205350548566,0.007737329669925552,0.00143755750322439,-0.1291406131791595
3.9,-0.002971639250585155,0.007246410032410234,1.0014068754802892,0.00578217491412763,0.0014121483235463178,-0.13014507442513515
3.92,-0.0026841274947619308,0.00694125077543947,1.0012783187518506,0.0057799882656260305,0.00010196374959687315,-0.12875061209086772
3.94,-0.002394350195517596,0.006613572323508198,1.0010781301285774,0.004051912975712919,0.00011073588888046346,-0.1297909916824487
3.96,-0.0021073781103409066,0.006263147303457957,1.0009639890954982,0.004086782870603258,-0.0010257394727526622,-0.12841830271165133
3.98,-0.0018222372995247884,0.005897484970212845,1.0007800116411394,0.0023588907680656347,-0.0007745349303337329,-0.12957769085151866
4.0,-0.0015434963791583253,0.005516426645922282,1.0006783887637984,0.00216150606256844,-0.0014480845688098515,-0.12841155413465322
4.02,-0.0012691268935619794,0.005127033946474795,1.0005185887355976,0.00035331378761420287,-0.0008635109698341554,-0.12994426796127145
4.04,-0.001001850679550954,0.004730108731589835,1.0004484978385002,2.281895021581092e-05,-0.00157967090039225,-0.12928463114614677
4.06,-0.0007382811729316702,0.004332586776250923,1.000325055785344,-0.0011337649248600499,-0.0017674421060449718,-0.13074345443242505
4.08,-0.00048120248476156543,0.003936114453058771,1.0002798323761593,-0.0006159480682930304,-0.002516207681847748,-0.1300002217126605
4.1,-0.00023049280864924425,0.003545165640801163,1.0001527772047103,-0.0025529542316982323,-0.0020360471680164684,-0.13124763760986055
4.12,1.0338201391651546e-05,0.003158289820619602,1.0001111009904482,-0.0023437077357453405,-0.002789053777208994,-0.13034119567876076
4.14,0.00024445873122019715,0.002782547926051598,1.0000162922426994,-0.0033420578441589947,-0.002556905796810357,-0.13208673874178198
4.16,0.0004685269043602536,0.0024178781028750705,1.000008747671549,-0.002810948040272346,-0.0030743182518203644,-0.131676831774252
4.18,0.0006843948879881233,0.0020674764228399483,0.999908942781218,-0.004749262842412488,-0.002724088551812262,-0.13249329031011406
4.2,0.0008893831056891069,0.001730108844827717,0.9998850540367729,-0.0038031678331935676,-0.003568230625348623,-0.13124425066182138
4.22,0.0010861979412665646,0.0014125897824910066,0.999803651639714,-0.005068852915744474,-0.0038067888920480368,-0.1318493440110528
4.24,0.0012708436948183834,0.0011120693429126167,0.9997527268920535,-0.0028578221595342832,-0.004284758876065704,-0.1305354757053533
4.26,0.0014431914947007618,0.0008333940537743124,0.9996911379035884,-0.002563775477832575,-0.004752915697349179,-0.12988633564188198
4.28,0.0016004527717456958,0.0005680214526056801,0.9995653887290679,-0.004090808656336534,-0.003979673858927413,-0.13162523966533848
4.3,0.0017400109782550663,0.000315533300658036,0.9995315608184007,-0.004117136226487154,-0.0032136696480882564,-0.13130242075787446
4.32,0.0018658467010295413,8.152870081860734e-05,0.9995706499471398,-0.004796375317424521,-0.004479162573572577,-0.13279814549640373
4.34,0.0019812234579516014,-0.00013466905487623205,0.9996024562785913,-0.002898400025695266,-0.005163741524822957,-0.13205796776228332
4.36,0.0020817883074474874,-0.00033000547232754835,0.9995827691714846,-0.0029957715385764178,-0.005378038363733984,-0.13147879974712118
4.38,0.0021640012059422355,-0.0005114799053978314,0.9994999561433688,-0.004637936236067029,-0.003957765652108594,-0.13362246336943273
4.4,0.002226378670072325,-0.0006780975661289654,0.9994998986120446,-0.005109948919450239,-0.0015857677071752052,-0.13391862441405145
4.42,0.0022752657708192073,-0.0008237414065084677,0.9996468963042784,-0.006651222188918683,-0.0007840371967978494,-0.135865630769518
4.44,0.0023205946174779165,-0.0009483915941874555,0.9998305592803798,-0.0058380074701271266,-0.00045923389808576973,-0.13552220924796116
4.46,0.002366364725007427,-0.0010471516427805992,0.9999453924049002,-0.004909773112434116,-0.001061406203803301,-0.13500685756557504
4.48,0.0024133737360681152,-0.001123482318248333,0.9999628291629815,-0.004984346224829067,-0.0019063599545607543,-0.13472157358959122
4.5,0.0024588016835029695,-0.0011799799837851556,1.0000082681784406,-0.0012333561368321822,-0.0026821252203114796,-0.13498703153861402
4.52,0.0024994101231117115,-0.001216057667849649,1.0000554180147612,0.0015794999924848853,-0.003976079371806556,-0.13349950557974166
4.54,0.0025304467456714014,-0.0012460457899436492,1.0000108490050545,0.0016079463440102284,-0.004793163546951859,-0.13231824686728375
4.56,0.002545507674404863,-0.0012799917313845192,0.9998889899441766,-0.00016916058236328567,-0.003737930766653684,-0.13367724571501868
4.58,0.0025406761200758073,-0.001317761619045504,0.9998525841029681,-0.000772806831067701,-0.0021698508830252537,-0.13309639908226312
4.6,0.002521223097707515,-0.001352856436921575,0.9998682682854321,-0.002365856260781464,-0.0015844816604568275,-0.13551433860634607
4.62,0.002493728270240989,-0.0013837769178361736,0.9998980085901313,-0.002404886893189131,-0.0004054485127253136,-0.13550625701844768
4.64,0.002461193612360833,-0.0014043157244274873,1.0000561674753523,-0.001636808890785569,-0.0024785009247349265,-0.1353711267438813
4.66,0.0024283947973170435,-0.001415626857958793,1.0000729304268534,-0.0002397441721274855,-0.0031139040397183057,-0.13417870219010444
4.68,0.002387023903094744,-0.0014194023835747034,1.0000169461517154,-0.0016053813663054403,-0.0027888742979344638,-0.1340539820271293
4.7,0.00233353338100693,-0.0014205716462797717,1.000020517901209,0.0016804510592967079,-0.004226456082518948,-0.1330683143148145
4.72,0.0022702828129614666,-0.0014141887354808807,0.9999494445288294,0.0021695101236419725,-0.004494766453341728,-0.13197070630234822
4.74,0.0021901827073383708,-0.0014120430996666224,0.9997889119026488,-0.00024793095589640375,-0.0026806937139360674,-0.13293904732749237
4.76,0.0020908739322739304,-0.0014162374986402227,0.9997735845153335,-0.0009732357850382933,-0.0014324392119900997,-0.1327066800848978
4.78,0.0019812119012461668,-0.001418038839874423,0.9998140198994337,-0.0025590233159582957,-0.0010473929679897702,-0.13548739443381033
4.8,0.0018665743713523514,-0.0014153117429240062,0.9998565533790594,-0.0026064241500007006,0.00018001023701373937,-0.13587271082889973
4.82,0.0017492754767652896,-0.0014019363234008164,0.9999575008703842,-0.004712006867542473,0.0011546425762172094,-0.13717687249175325
4.84,0.001634176777885286,-0.001378435829965991,1.000100743743531,-0.0037266276260724636,0.0015000388203880977,-0.13672146654737222
4.86,0.0015260491505790844,-0.0013376070276811124,1.0001703725916629,-0.003315404964089704,0.0015688171945225297,-0.13610490503232725
4.88,0.0014258184226855477,-0.0012831518552755296,1.0002366633359103,-0.004373484382268266,0.0018062055942004442,-0.13681396193289874
4.9,0.0013336139764268048,-0.0012165619104516385,1.0003474320529777,-0.0024227530748812914,0.0015427869985328638,-0.13562159256121556
4.92,0.001250600971024381,-0.0011344104054482214,1.0003594725635794,-0.001758905949254784,0.0018940598255233114,-0.13512953803959982
4.94,0.001174998343352814,-0.0010436532151783316,1.0004077590497333,-0.0015216606286443516,0.0012700468689564367,-0.13468240522758207
4.96,0.0011075680492980088,-0.0009472600484108473,1.0003734761959817,-0.0021125498870366083,0.0022837283436915076,-0.13617964386564718
4.98,0.0010460384964841513,-0.0008455996595452111,1.0004157985613864,-0.001194885866024099,0.003778616582081642,-0.13596447087178165
5.0,0.0009948134297501497,-0.000736849118330994,1.0005606015261939,0.000954665195566249,0.0010197714898089098,-0.1348141920322443
5.02,0.0009584009261867767,-0.0006256461130294474,1.0005672224617188,0.0018104128318312456,-0.0006527297235969691,-0.13392798428191435
5.04,0.0009254016028860455,-0.0005186869163605144,1.000489541457368,0.0008743249519523327,-0.0003935958176563206,-0.1342166177426049
5.06,0.0008889077547944271,-0.00041857789235418165,1.0004543382596793,0.002744062298351385,-0.0007047575310159305,-0.1324821944483506
5.08,0.0008504755970963145,-0.0003217074091585118,1.0003797607398492,0.0017652773121500619,-0.00010339008262916997,-0.13183441964094966
5.1,0.0008079194700002956,-0.0002352014819388525,1.000301056677703,0.0023583079848436615,-0.0010528184456888281,-0.133274846087582
5.12,0.00076407833947285,-0.00015561249352802806,1.0002458749585845,0.0021700673753027957,-0.0011797858115316358,-0.1337400977438383
5.14,0.0007148774135407551,-8.482509013227812e-05,1.0002468793486066,0.0027114120456885444,-0.0004837307318094471,-0.13201410213275036
5.16,0.0006600280164589449,-2.186793760417011e-05,1.0002274809679266,0.001295962477390888,0.0010574170621581534,-0.1323665276498693
5.18,0.0006018311733507672,3.039833490220627e-05,1.000342854432916,0.001159216772409272,0.0009265328963592422,-0.13275513098400712
5.2,0.0005470968160775412,7.707660069919333e-05,1.0004322217616681,0.0027257984612026106,0.0016929675709319737,-0.13101209466197875
5.22,0.000495384654194183,0.00011876633455404811,1.000494837411455,0.0024586179849351592,0.0022286474225722856,-0.12961485075793977
5.24,0.00044879928017416886,0.00014917965939242086,1.0004829519375877,0.0006698572769409158,0.00380320969778863,-0.1307569731069346
5.26,0.000409885016225511,0.0001685706230706506,1.0005854504613583,0.0010261223720675096,0.003372739372259661,-0.13060762247084845
5.28,0.00038504152039444534,0.00018352451434862357,1.0005793938784975,-7.879778064919398e-05,0.003322985321492521,-0.13048056428998456
5.3,0.000372931830375123,0.00019269776197647698,1.0006135820401874,0.003640632002163851,0.0020482402409848486,-0.1294341733600892
5.32,0.00037353760254074593,0.00020050185918599328,1.0005721438303143,0.004867972046414308,0.0006380551483421479,-0.12802034231051068
5.34,0.0003801053732936756,0.00019350204094385214,1.0004299084546753,0.0028665428178467,0.0008635240665674585,-0.12819030729414435
5.36,0.0003867130098719437,0.00016694004127357413,1.0003533830850388,0.004481884005645875,-0.0003229513881725877,-0.12675576219001766
5.38,0.00039519794874150877,0.0001290516888346739,1.0001991339836311,0.0027705207058240414,-0.00030795401425237205,-0.12666268912464967
5.4,0.00040015397155031843,7.370111300067493e-05,1.0000960096969929,0.004600109457618753,-0.0014368365399575558,-0.1251233120012345
5.42,0.00040258019064211883,7.954471871811602e-06,0.9999263990592875,0.002897187740367786,-0.0013580305645074567,-0.1248910320242827
5.44,0.00039704815932704884,-7.51854570785261e-05,0.999815688688272,0.00456490378522557,-0.0026983312173066384,-0.12357374168514418
5.46,0.00038497151089375765,-0.00016863001396606546,0.999618637991917,0.0026828128376473704,-0.0023069268048489305,-0.12367040669274056
5.48,0.00035992890580227084,-0.00027880729686098876,0.9995060617999704,0.0038491490147846675,-0.0033430632649526205,-0.12236106965856296
5.5,0.0003248762826611765,-0.0003979977102058403,0.9993015319236949,0.001475537111622801,-0.002372558990436585,-0.12272794464265545
5.52,0.0002745690889545479,-0.0005308594389148243,0.9992118467586396,0.001302743791342184,-0.002495876040047866,-0.12169555031590824
5.54,0.00021456110606908187,-0.0006681247235466152,0.999044448205881,-0.00087247089405247,-0.0008368711562699505,-0.12330047138215806
5.56,0.00014381404520232867,-0.0008093316338902628,0.9990502745587997,-0.002625432484534659,0.0014393845299576834,-0.12364853444343407
5.58,7.022392560116258e-05,-0.000946539886018299,0.9991461167359785,-0.005251056793796117,0.002493032810567121,-0.12633899477429303
5.6,3.6268266241679283e-06,-0.0010740300727831212,0.9992789664422673,-0.005504791369280482,0.0032126539409189966,-0.12700911792503494
5.62,-5.04204030197609e-05,-0.001181904226496378,0.9994779173412041,-0.005802872171187871,0.004459350299469591,-0.12748286422972271
5.64,-8.879005317520276e-05,-0.0012693498160300952,0.9997818158752089,-0.006728195158750839,0.0043866172099954436,-0.12917789935845606
5.66,-0.00010686716930972319,-0.001336353156560917,1.0000913456147347,-0.00470400615958449,0.0038576386814435934,-0.1289995313105663
5.68,-0.00010513587025325648,-0.0013801300328779597,1.0002748242139208,-0.0031146653460863856,0.0028664531809252337,-0.1279483675431311
5.7,-8.66367917419596e-05,-0.0014080940309470155,1.0003228839653557,-0.0031799266024794626,0.0018107462328362744,-0.12751096854041283
5.72,-5.5456065174885656e-05,-0.0014253647405253942,1.0003690155409792,-0.0004712546003320418,0.0009549296157846775,-0.1281816228159602
5.74,-1.5635413678955995e-05,-0.0014311078808982912,1.0004329553821119,0.001612277877618664,-0.0003178842128568428,-0.12665468017143972
5.76,2.7992796706557273e-05,-0.0014355302007596246,1.0003884157544811,0.0008551346014394542,-0.0007762759028472473,-0.12608878067247897
5.78,6.956557293495682e-05,-0.001446018902937618,1.0003168622389635,0.0012623460924893793,-0.0021907452138697943,-0.12583510415521776
5.8,0.00010770022219702799,-0.0014594115203691571,1.0002047331923032,0.0012165290749235084,-0.001383556274500171,-0.1249434861631033
5.82,0.0001367904287190589,-0.0014765715714665758,1.000038178952278,-0.0007361039242208292,0.0006834648783794542,-0.1266594703986878
5.84,0.00015959291870142105,-0.0014979694769986331,1.0000611476575816,-0.0017137887477857295,0.0023985907336451042,-0.12725560133193917
5.86,0.00018551878642862613,-0.001516726512910703,1.000239007062657,-0.002407415964477671,0.0026304695942959404,-0.12812725839786837
5.88,0.00022163960154968055,-0.0015299781668266996,1.0004308960842174,-0.0011342179235849365,0.002510626528211206,-0.12666700770700942
5.9,0.0002689019569419196,-0.0015353612659285648,1.00053277394518,-0.002321137512036457,0.0028374507660946413,-0.12634351453405052
5.92,0.00032647363282391396,-0.0015375657836746628,1.0006432407874835,0.000666331875420993,-0.00019372224110690022,-0.12601503868203073
5.94,0.000395865098000228,-0.0015323406208333228,1.0006523809010115,0.0019578582351991495,-0.002724022565265961,-0.12503148578268278
5.96,0.0004641476398225964,-0.0015295499017279248,1.0005584526481945,0.0010652757803386978,-0.0030679095363496125,-0.12480333574661619
5.98,0.0005207087000055825,-0.001533107057959506,1.0005034885126618,0.004051024860051402,-0.003023008438726846,-0.12400032095287225
6.0,0.0005647901204612297,-0.0015393038674327269,1.0004428054333185,0.0036656343498398854,-0.002861261396850215,-0.12260068783963272
6.02,0.0005953609624833486,-0.0015595298187027398,1.0003112841279989,0.00146750116537436,-0.0012073860476684158,-0.12388379928928694
6.04,0.0006126055270415219,-0.0015930417601925278,1.0003052848681333,0.0003180800361926825,2.9526595489327077e-05,-0.12372598082475154
6.06,0.0006243550289558334,-0.001631720382939468,1.0003527337261953,-0.001482096787110659,0.0002196979421042687,-0.1265414087523893
6.08,0.0006360560027890238,-0.0016716221997398132,1.0004083094993943,-0.001856437639631238,0.0007756244000741554,-0.12697346769962903
6.1,0.0006493689380126322,-0.0017057169043572197,1.0005473046510247,-0.0013885059960082608,0.001913301596629827,-0.12627475090885382
6.12,0.000666608847590796,-0.001732950159548454,1.0006863801745558,-0.0016995490919638001,0.0009373642456533433,-0.12657913098019247
6.14,0.0006918329622238366,-0.0017557764965379647,1.0007636813132517,0.0003119194198242675,0.0015111890321086463,-0.12460923581049922
6.16,0.0007214791945193271,-0.0017724993394004497,1.00080270007794,0.00038544998114445686,0.002068099492112651,-0.1231057871900586
6.18,0.000756798894989758,-0.0017911484961811168,1.0008220270213966,-0.0007255335034206665,0.0026457386347275205,-0.12423825936626609
6.2,0.0008000476187538488,-0.001812308605127076,1.0008898505914714,-5.98716088669535e-05,0.0022649996054181737,-0.12310770026297933
6.22,0.0008537155800317455,-0.0018319421505623235,1.0008877041913635,-0.0018436365520112978,0.0028092735030254864,-0.12396065882878182
6.24,0.0009163354309700542,-0.0018524322994091576,1.0009540716766987,-0.0009397854146782316,0.0017042958377221948,-0.12281940559334745
6.26,0.0009904222470606529,-0.0018672454441362907,1.000919523925426,-0.0023335292870407345,0.001615792662127853,-0.12341198993458122
6.28,0.0010716449388167499,-0.0018791634525345364,1.0009478543022847,-0.00013681605948782143,0.0004929583728828809,-0.12212686580813799
6.3,0.001160070788656844,-0.0018829342017609733,1.0009003382832058,-7.619298349906592e-05,-0.001119665423052391,-0.12117894644426146
6.32,0.0012503928834506036,-0.0018864074013750275,1.00082123827894,-2.6821158355731735e-05,-0.0015648296583453166,-0.12217165081162228
6.34,0.0013362905952152004,-0.0018890448416239648,1.0007702283308721,0.00018851024818276101,-0.0013243471317611812,-0.12214172578234454
6.36,0.0014158686187614932,-0.001890803709596645,1.0008321857391884,0.0009709140609645048,-0.004195926466814075,-0.12111462430979467
6.38,0.0014902979819650284,-0.0018926590581252655,1.000775865129485,0.00019483165687935003,-0.004343877373871794,-0.12084618543524599
6.4,0.0015477572655800001,-0.0018963169087745624,1.000748260050586,0.003507621352006235,-0.005253192346950145,-0.119939373020252
6.42,0.001588469609423598,-0.0018986997073510345,1.0006525992687905,0.0038804176002645405,-0.005228395733932947,-0.1188806815545295
6.44,0.0016073372743415134,-0.0019121271518562038,1.0005076732078613,0.0016195102110659009,-0.003839630861142527,-0.12007023773389175
6.46,0.0016035708429994924,-0.0019384825458366476,1.0004449533990927,0.00039087988722330677,-0.0021514557091449785,-0.11948334054193721
6.48,0.0015839756768888265,-0.0019693534722277396,1.0004143006040578,-0.0014073209734745246,-0.0008923811707220544,-0.12223566202435934
6.5,0.0015557782403879665,-0.0020007194025599834,1.0004119631441268,-0.0024294423642339177,0.0017861202847557576,-0.12279187574668873
6.52,0.0015247283316296076,-0.0020259985022391836,1.0005156367951185,-0.00498489650437943,0.003027638181662584,-0.12555825186532107
6.54,0.0015019436642908343,-0.0020425308178355635,1.0006795664542563,-0.004746124615118759,0.0030340681414765367,-0.1263273130221457
6.56,0.0014933190193667455,-0.002041250043702303,1.0008212022716658,-0.0042356080655183235,0.0031848255709660067,-0.12651419598593983
6.58,0.001498984990177424,-0.0020228432093885576,1.0010017447205373,-0.002217916948778666,0.001368097603386318,-0.12481723406919644
6.6,0.0015185169071233245,-0.0019901822086934996,1.0010171980946352,-0.002088472772017875,0.0003292833772892101,-0.12414614628158402
6.62,0.0015443649157318362,-0.0019496777275551976,1.0009886539918533,-0.0015019085561241926,0.000257235704198913,-0.12541931102264853
6.64,0.0015725302348051284,-0.0019010910037292948,1.001034336519128,-0.0021731213183658624,0.001172798136909183,-0.12613037638890487
6.66,0.0016024485061416087,-0.0018467010043370427,1.0011672159759173,-0.0009375247380074951,0.0013531831655270272,-0.1255870075991889
6.68,0.0016378280494963064,-0.0017846877650744444,1.0011976242949316,-0.0009413600685076096,0.001314463289357813,-0.12492186158546063
6.7,0.0016788248004312614,-0.0017197829299743165,1.0011749817153635,-0.0024970545940629805,0.0023629805498816443,-0.12695455218355428
6.72,0.001725480272107839,-0.001651846203389339,1.0012362979653,-0.001496102323448203,0.0020994519834531514,-0.1269373681759872
6.74,0.0017824807840277391,-0.0015754641606489186,1.0012805894202537,-0.0011794879125651514,0.0008408414137230152,-0.12541044530619186
6.76,0.0018482497730420975,-0.0014944170855637662,1.0012844448825535,-0.001221653818877348,9.632414718940211e-05,-0.1265665401512161
6.78,0.0019177723903652066,-0.0014093057725942468,1.0012454938045632,0.0005852497400633863,-0.0005357924061542625,-0.12609935302978947
6.8,0.001988211818090219,-0.0013195903547047513,1.0011812965866418,0.0009252769589172842,-0.0014438766758605997,-0.12521054297135956
6.82,0.002056255696145195,-0.0012319307303851688,1.0010620745107914,8.881933268357327e-05,-0.0012018153395645904,-0.126722308031927
6.84,0.002118077278892351,-0.0011472807212956012,1.0010067431756557,0.0009764642474177004,-0.0015905667638843452,-0.12583335280784938
6.86,0.0021751774286267716,-0.0010624512267105241,1.0009135117898136,-0.0005757480868767039,-0.0015082782726959082,-0.12622892048190998
6.88,0.0022254924148594917,-0.0009807380806655004,1.0008633124775588,0.0017250349407308104,-0.002068182351654478,-0.12487106643918776
6.9,0.0022702240131792163,-0.0008961278432873011,1.0007862103892464,0.002068131082944004,-0.0022709985566901434,-0.1241074832703722
6.92,0.0023061795971265637,-0.0008171916054025274,1.0006446086522465,-4.91606751529193e-05,-0.0010014878696668389,-0.12551162857481382
6.94,0.002331973303925099,-0.0007454702891513564,1.0006208492633508,0.0005715281954923362,-0.0012953277203418046,-0.12514477423536693
6.96,0.0023539146927837517,-0.0006731308578302518,1.000557382958727,-0.000552374504749686,-0.0014960531591260145,-0.1252047209524119
6.98,0.0023705340628285853,-0.0006024347099646869,1.0004842067179491,0.0030977964641728836,-0.001233205351901134,-0.123937800211887
7.0,0.0023815679563825584,-0.0005289022975062279,1.0004279654716994,0.004098046450517991,-0.0011835834436392022,-0.12226962626362833
7.02,0.002386315838788864,-0.00046684323900795827,1.0003586233947732,0.0023490490846424304,-0.00044910161625065715,-0.1223709132661795
7.04,0.0023843316788519906,-0.00042059670227826405,1.0003872200200397,0.004378235620460721,-0.0024234982220303356,-0.12127224217771236
7.06,0.0023795558211253845,-0.00038306923710617604,1.00030925066442,0.003522111904257044,-0.002858988516404507,-0.12091703982961287
7.08,0.0023632269242270056,-0.00036152880262030394,1.0002484592682162,0.005664658606399177,-0.003202444259471622,-0.12031996214916582
7.1,0.002334188725005304,-0.00035229368867044033,1.0001667427528058,0.004566918795869946,-0.00297505896191709,-0.11929154724123452
7.12,0.0022900771791538412,-0.00036356162695343365,1.00007691737529,0.0034403926423551105,-0.003006884092267179,-0.12030627290872416
7.14,0.002232209696407804,-0.0003913052587241253,1.00001045595025,0.003275738986068363,-0.001852168443457523,-0.11896601953343036
7.16,0.0021613273312541996,-0.00043076807936963304,0.9998678200733611,0.0008418509123784428,0.000951720402712286,-0.12009030827417447
7.18,0.0020813502945219247,-0.0004826574136253999,0.9999131987624773,-0.0013549977586999272,0.0023927024454294963,-0.12095627768769217
7.2,0.0020048130649401264,-0.0005383036169424175,1.0000378826227319,-0.0010205846959802896,0.0014315284402184039,-0.12048224295338235
7.22,0.0019379735255285575,-0.0005898952997825227,1.0000380692591115,-0.0020214685811853483,0.0022798660682081476,-0.12132401821366455
7.24,0.001877399182500226,-0.0006380612724232307,1.0001417237064758,-0.0007893467245883293,0.0018063247256551581,-0.12064567667364479
7.26,0.0018264779481271599,-0.0006795601870198739,1.0001551354503948,-0.0015350390794726075,0.0011514658805872348,-0.12042335402669174
7.28,0.0017830328485956117,-0.0007187961811635392,1.0001862929127932,0.0021761809663133204,0.0009486401002250212,-0.12009273032480539
7.3,0.0017448192443079312,-0.0007525767828420778,1.0002119144621666,0.00402886264600545,-5.58080286918195e-06,-0.11853596399288044
7.32,0.0017092507154583866,-0.0007950598147207964,1.0001560851549527,0.002481841836781236,1.0569935901797686e-06,-0.11818222452975126
7.34,0.0016718036051738003,-0.0008533357672391604,1.0001371072432423,0.004366254635520068,-0.0018693294966595597,-0.11690626275744984
7.36,0.0016332762609635716,-0.0009209500949335344,1.0000060387643517,0.00281427346609973,-0.0018570339409221036,-0.11691863680795868
7.38,0.0015854551100054541,-0.0010047425000145884,0.9998965078827331,0.004315810659203596,-0.0022826909827065316,-0.11519357284980801
7.4,0.001529278133968024,-0.0010984295858863771,0.9997307143937415,0.002352196628640344,-0.0013820256680098216,-0.1151360676774609
7.42,0.0014620913487954803,-0.0012081414885730744,0.9996453059131089,0.0023507131022579746,-0.002961784212394852,-0.1153942585741923
7.44,0.001388611056248632,-0.0013261785063793964,0.9995031910880707,0.00306698105383968,-0.0019425036197075834,-0.11399157098358441
7.46,0.0013027357575144142,-0.0014518502827257532,0.9993177324660099,0.0006159381796380165,0.0006469798968979141,-0.1144462608643489
7.48,0.0012076694982363352,-0.001588905292909042,0.999276260545322,-0.0032727802732470074,0.0016260869105678497,-0.11680051142700652
7.5,0.0011149603428748747,-0.0017285818135238365,0.9992986786703474,-0.005136381366109941,0.002012088408450845,-0.11717687701069979
7.52,0.0010302675569223534,-0.0018559691756238946,0.9993790168539961,-0.003196181858083228,0.0011957043000394444,-0.11594922209286247
7.54,0.0009556309305427022,-0.0019645525105924525,0.9993825498809142,-0.0035000836967369526,0.0006882012417256708,-0.1155967169945829
7.56,0.0008871444676697006,-0.0020611751731619945,0.9993763752562437,-0.0031352019226257226,0.0012071192243480655,-0.1169423649892878
7.58,0.0008230645457439902,-0.0021441237676354486,0.9994522248478127,-0.004759734068524002,0.0007402081247269818,-0.11794267745499457
7.6,0.0007651819784489759,-0.002215328364450287,0.9995358202902107,-0.0030550800528202364,0.0004981210258880921,-0.11696120040267428
7.62,0.000712339712916422,-0.0022685866641014344,0.9995550607377253,-0.003311020222798109,0.0008515418093535164,-0.1168372670919986
7.64,0.0006629004864676498,-0.0023100527925374744,0.9996022186571879,-0.003907748095085762,0.0007379699561907037,-0.12012709669948213
7.66,0.0006184133735037786,-0.0023387662065415993,0.9997176216715022,-0.003872495357780657,0.0004986799909304536,-0.12125089292625324
7.68,0.0005786611797342762,-0.0023526223617941497,0.9998257453176322,-0.0035000387182801923,0.0017206379332801419,-0.12137243288564852
7.7,0.0005428061796289218,-0.002351286951179737,1.0000257677818098,-0.0014675122290161485,-0.0003824036288412077,-0.11971183171760232
7.72,0.0005150045442945893,-0.0023376587172674575,1.0000698549871174,-0.002038958212354482,-0.000526168909447374,-0.1194070151267934
7.74,0.00048642457219040205,-0.0023181556095912773,1.000110780438839,0.0008183010442144301,-0.001725246181826551,-0.11899500114085118
7.76,0.0004567887333083679,-0.0022906134238776413,1.0000909217626486,0.001305701495909577,-0.00209281339696229,-0.11791282667660631
7.78,0.000420240662409871,-0.0022654218213938146,0.9999827135655328,-0.0009135006063175128,-0.0005453820634935884,-0.11902576753631576
7.8,0.00037470602532071464,-0.0022444938686285894,0.9999942116592134,-0.0013530898506348154,0.0002863940099988083,-0.1188546762745054
7.82,0.0003274936666286652,-0.0022197358001267028,1.0000442357475545,-0.002408880122322864,0.0004987276700725349,-0.12198468454502134
7.84,0.00028208615859646774,-0.0021897955469661824,1.0001465170341457,-0.0023634179099813633,0.0006299453218101358,-0.12275277045893113
7.86,0.0002398376321921347,-0.0021506472381899867,1.0002905031350844,-0.002624033532640493,0.0008389051828899514,-0.1219283609014779
7.88,0.00020115516114661041,-0.002102769938275802,1.0003761902472128,-0.0039048585370226965,0.00200087349251375,-0.12396937988789261
7.9,0.0001670517585728026,-0.0020450500079770397,1.0004902720863997,-0.0033947037002790264,0.0035874733593203403,-0.12396156808635181
7.92,0.00014290143788119858,-0.001972789900173667,1.0007053879591676,-0.0011457002479146982,0.0009744897254447195,-0.12254240759367763
7.94,0.00013370201246436952,-0.0018896135767509004,1.0007522085371854,-0.0006999470183582935,-8.261376868355182e-05,-0.12194529894083259
7.96,0.00012874220533979383,-0.001802612982803327,1.000701350020027,-0.0018561561850948295,0.001106160637294707,-0.12291567250071694
7.98,0.00012379908272678458,-0.001712835739812177,1.0007694172898416,-0.0010880227027137762,0.0017064696944841782,-0.12267483495783871
8.0,0.0001241289958983257,-0.0016163464519661312,1.0008929003197273,-7.024160637400851e-05,0.0002942336408632469,-0.12181008187889307
8.02,0.000131386017918847,-0.0015166319113960227,1.000888395104582,-0.001198693818302028,0.000821902792131554,-0.12228329087215133
8.04,0.00013983267991456977,-0.001416862442710998,1.000941007678176,0.0006268876055119611,6.750851264710596e-05,-0.12108214455367006
8.06,0.0001519651906640418,-0.0013129911458275192,1.0009121617252297,0.00042108860492372934,-0.0002089047251585101,-0.12057523956264599
8.08,0.00016405408113180907,-0.001211655705481513,1.0008531015011035,-0.0006006689346971372,0.0008420846856993807,-0.12277191734921815
8.1,0.00017510924224047465,-0.0011119610155387021,1.0008425024776606,-0.00035179331935538793,0.0027347684255190313,-0.12295705441888195
8.12,0.00018981761733022617,-0.0010103609034297903,1.0009392690093466,0.0010814568829964155,0.0009914306279177275,-0.12233985768996963
8.14,0.00021501516615940496,-0.0009087903716869059,1.0009244360783098,0.001058349729761628,0.0001446437108113055,-0.12188072486965117
8.16,0.00024351228419564313,-0.0008119551403428682,1.000885926885868,0.0017833622518996406,0.0004080120142773726,-0.12310391792286655
8.18,0.00027204548454443523,-0.0007194281030644278,1.0008880966286602,-0.0003607362603409918,0.0016579129915154246,-0.12369759022852364
8.2,0.00030130248297900947,-0.0006342844731798543,1.0009862812291193,0.0007847264691352684,0.0002861305871470846,-0.1229678141187459
8.22,0.0003369620493024713,-0.0005486259450565607,1.000967380862815,-7.702377106624607e-05,0.0004076260024741072,-0.12307635641476827
8.24,0.0003733392034644953,-0.0004662718394677348,1.001003899928464,0.0031298251111439124,-0.0006274735695063643,-0.12163557065127654
8.26,0.00041127530637890354,-0.0003838826662832428,1.0009566157701673,0.004048212780077964,-0.0012698902010848275,-0.12044167600344358
8.28,0.00044532452090758956,-0.00031321651304936493,1.0008357575798708,0.001998907909404198,-0.0006039568347457142,-0.12093266214980042
8.3,0.0004723900031399655,-0.0002580016758637318,1.000776644367145,0.0028687397667623155,-0.001071133985043352,-0.11950215586536331
8.32,0.0004961981847589338,-0.0002101877790207156,1.0006462659003859,0.0009882753604022792,4.6846218108992196e-05,-0.12004925465761242
8.34,0.0005143019592282081,-0.000173417141627566,1.0006409730747872,0.0019262224425124353,-0.0010280327305349495,-0.11915335419077581
8.36,0.000532117263329433,-0.00014043856460849212,1.000528701744876,6.348286993589363e-05,-0.00020242200192376007,-0.11985143283453988
8.38,0.0005449129788423365,-0.00011465712640230777,1.00050162744131,0.001004094373070004,-0.0006648003285249654,-0.11880910449412878
8.4,0.0005568925956769647,-8.90463671958743e-05,1.000418407880233,-0.0007454740172373133,-0.00010324995980669689,-0.11935298058441211
8.42,0.0005657566143394255,-6.71166320285258e-05,1.0004017222014379,0.0005792772238184437,-0.0006364656357055194,-0.118032508659716
8.44,0.0005745603666276894,-4.22954467323193e-05,1.0003310375138112,-0.0007792257091832279,-0.00021785873144007577,-0.11814590452966363
8.46,0.0005805544818225864,-1.949649713451211e-05,1.000342635159784,0.002062504218525041,-0.0018177900836879298,-0.11707084482121814
8.48,0.0005860654408312625,6.356134240087536e-06,1.0002766854088805,0.002316850640570447,-0.002446236836812279,-0.11608630495924008
8.5,0.0005837071315456789,2.5131036576309263e-05,1.0001343135916574,0.0005620196769870518,-0.0012464106621416502,-0.1175989432370271
8.52,0.0005704518169314874,3.573952274077355e-05,1.0001114863666327,-0.00021294517391259198,0.0005093487016071143,-0.11747880494410082
8.54,0.0005520284990399241,4.47033970524449e-05,1.000140795569027,-0.001824262755363989,0.0013907570480523393,-0.12047754537140419
8.56,0.000535720905849948,5.4260840626940486e-05,1.0002082040494067,-0.0016260667004144597,0.0022694016120167492,-0.12125842335317148
8.58,0.0005257235953677103,7.028084254678387e-05,1.0002914781914043,-0.002240621519713537,0.0016356976313794706,-0.12149583765911814
8.6,0.0005251705560081178,9.144875450747203e-05,1.0003071018371512,0.0009505172238432667,0.002658812316791846,-0.11991813073339405
8.62,0.000532071616735296,0.00012056728119286508,1.000335627755887,0.0021659607591193683,0.0031817554906107487,-0.1184031006585173
8.64,0.0005490007273140756,0.00014465057793548242,1.0004162340652827,0.0019300529805171109,0.0027389293941633692,-0.11774045542481726
8.66,0.0005771583897936488,0.00015893190257075534,1.000448534023936,0.0007001451393182122,0.0032913186490209547,-0.11978615790669751
8.68,0.0006152057010912051,0.00016430258932657863,1.0005364298679438,0.0011357695680988913,0.002876482143652315,-0.11958059135568426
8.7,0.0006654094641822041,0.00016550294099505815,1.000531748081186,-0.0002523573824780846,0.002497655832926064,-0.11957149752850028
8.72,0.0007262745108058621,0.000160916526307086,1.0005408043110928,0.0034784726661840283,0.002130744567734385,-0.1184149925660529
8.74,0.0007968883469627732,0.0001561488356277849,1.0005334005965552,0.004721633939828448,0.0011808742835547265,-0.11678336665943542
8.76,0.0008740138514524696,0.0001371074998265339,1.0004586791336758,0.0028837186227030024,0.00108703768475805,-0.11678812746337419
8.78,0.0009535484527874944,9.892462617330183e-05,1.0004326194364817,0.004928097018328973,-0.00010049552040730295,-0.1152537374559133
8.8,0.001035883134734696,4.925366859526972e-05,1.000338047369683,0.003704322041877355,-0.000617534420249184,-0.11481836166921287
8.82,0.0011155162238636513,-1.968603433508652e-05,1.0002771150718661,0.005295754851550167,-0.0018048838233192688,-0.11398118413328938
8.84,0.001191097328819409,-0.00010243829011260471,1.000138645409907,0.003412941795521989,-0.002079861085805818,-0.11385740919108965
8.86,0.0012571696407605692,-0.00020506523752346985,1.000024276163702,0.004852029817839341,-0.0024198941064365073,-0.11213902816010882
8.88,0.0013136724434630379,-0.00031984154751046943,0.9998675988717908,0.0028743216610455434,-0.0016445896228183007,-0.1121043917828074
8.9,0.001358389025567359,-0.0004526509839181493,0.9997740486160522,0.0034941882149958432,-0.004296399478857085,-0.1117642404619048
8.92,0.0013954908608145354,-0.0005957083114667079,0.9996355097590507,0.0026262629632668776,-0.003938813048674259,-0.11105619087137597
8.94,0.0014142639038463595,-0.0007504055325233722,0.9995044241132831,0.001568840675256881,-0.003672118069187592,-0.11335695651833047
8.96,0.0014160794592803058,-0.0009137339474383774,0.9994819242163889,-0.0009705083483917476,-0.0011108192828890393,-0.11390999183625987
8.98,0.0014025019476394006,-0.0010815304210346807,0.999562311319601,-0.003781245591686069,-0.00012147170197800612,-0.11572478720303198
9.0,0.0013850198862861232,-0.0012448928566138543,0.9996645215882853,-0.004542717049460951,0.0004467644860217359,-0.11555885070013393
9.02,0.0013687861642512858,-0.0013933963519900784,0.999753013620939,-0.004558771962486673,-0.0006748185022782279,-0.1181233664929983
9.04,0.0013562959218079683,-0.0015245813006306637,0.9997768368597132,-0.003735924168189488,-0.0005832211641387833,-0.11981464250871096
9.06,0.001343289840514089,-0.0016374273571852166,0.9998387415680543,-0.005316937230315416,0.0006888109643401078,-0.1210247767418953
9.08,0.001329764371912374,-0.0017350698987807845,0.9999798487724855,-0.0042989664023644625,0.0007520482877615433,-0.12076647372935033
9.1,0.001321373357706936,-0.001812556210420286,1.0000656517439515,-0.004602904939154458,0.0003344716547119956,-0.12013521261243588
9.12,0.0013179068095747106,-0.0018737350588297402,1.000120492546076,-0.005304231078621683,0.0008050772958550141,-0.12219688709480306
9.14,0.001317968490286725,-0.0019167941492708323,1.0002446721122011,-0.0038810644224562844,0.0004301685933031695,-0.12213927675442218
9.16,0.0013236417170652821,-0.00193976304144897,1.0003305188398408,-0.0032368207039866126,-0.0005060654179761962,-0.12090554990301752
9.18,0.0013327590583677557,-0.0019481503988348435,1.000328926269304,-0.004286130550892588,9.601988547169707e-06,-0.12199214396097
9.2,0.0013414251595275629,-0.00194354957754353,1.0003720608539672,-0.0028051959036484346,0.00014711018079112553,-0.12102768661546508
9.22,0.0013521494083401887,-0.0019224152022896237,1.0003834091951211,-0.002943640590202344,0.0004654346115375434,-0.12073346791353164
9.24,0.0013647625005318317,-0.0018904664985784788,1.0003892990633383,-0.003543453040055382,0.0007653675086218122,-0.12356975197737716
9.26,0.0013806458570561097,-0.0018470294290461483,1.000492389292736,-0.0024735433707548313,-0.00014555745526805754,-0.12427318054777625
9.28,0.0014011866347527727,-0.001790267636267753,1.000579319419572,-0.0008447207236214523,-0.0019392368605484975,-0.12335426746690593
9.3,0.0014223293965872769,-0.001724121525995195,1.0005600969542852,-0.0010697325359705799,-0.0020834621165631163,-0.12315931166318321
9.32,0.0014363298290855804,-0.0016538136992845344,1.0005346984179615,0.00030732913052917233,-0.0027719549533528434,-0.12360494643061239
9.34,0.001442659162528019,-0.001578349992386381,1.0005453082241378,0.0009728975229972964,-0.002927067233814498,-0.12201949866721519
9.36,0.001438218633636074,-0.0015028049467994014,1.0004960456581875,-0.0007021412379361096,-0.0016475410150811063,-0.12272999181717217
9.38,0.001421646225996838,-0.001429766351631782,1.0005402243948822,-8.411078524582756e-05,-0.0016651861415354497,-0.12214017870792199
9.4,0.0013990881573442574,-0.0013533069378628554,1.0005366933465842,-0.001990249910772475,-0.000669857149050816,-0.12263462402916034
9.42,0.001369981037134781,-0.001275763991943788,1.0006113581856189,-0.0004700960008681891,-0.001445612917946387,-0.12164067322195084
9.44,0.0013392870114905552,-0.0011904212688917772,1.000587650212047,-0.0009353885623858165,-0.0013431856568548888,-0.12141126739170978
9.46,0.0013031901749930937,-0.0011026181771065533,1.000582940785744,0.003665088038411629,-0.002949266054257929,-0.12124896993320132
9.48,0.0012623802075563105,-0.0010106442712642743,1.0005452052860886,0.006140197767832455,-0.003923329385128626,-0.11984100578428811
9.5,0.0012086703385355273,-0.0009313339442791666,1.0004240497217796,0.0051437521434648395,-0.0035778550444457,-0.1191039575837929
9.52,0.0011368047686224907,-0.0008742096171248647,1.0003142455346983,0.004835838515439223,-0.003318698548151123,-0.12072047753511356
9.54,0.0010482788354792536,-0.0008359315995991196,1.0002997476989615,0.0025373297753623863,-0.0011891798655026362,-0.12026195398315288
9.56,0.0009444989688866025,-0.0008150812064946689,1.0003181539233352,-0.00020993884725966578,0.00042261900503154143,-0.12308433859134325
9.58,0.0008349689476261376,-0.0008035827166961379,1.000344908475962,-0.0017756315353564876,0.003374283068400423,-0.12374967080110957
9.6,0.0007273229133949154,-0.0007914623218842395,1.0004855127670322,-0.004148866838460499,0.004831522036149994,-0.126080352799795
9.62,0.0006339725144872419,-0.0007739928132769613,1.0006886497006386,-0.0035287604430839113,0.005006358376063525,-0.12660793196533235
9.64,0.000561293148248671,-0.0007429420535130004,1.0008466573596064,-0.003725647899202986,0.004039076060151779,-0.12570122702092265
9.66,0.0005095869718490616,-0.0007008312540846212,1.000949073930162,-0.002754244742355809,0.0032838063503433583,-0.12691390479670597
9.68,0.00047524248813884696,-0.0006464062008095316,1.0010024026404105,-0.0020047845187685194,0.0011407669588519836,-0.1270307043577753
9.7,0.0004547316312272302,-0.0005831560234745067,1.0009642918058055,0.00033153140211856537,0.00022968989957204567,-0.12577033472378885
9.72,0.0004396094586414458,-0.0005128064960934486,1.0008834951049277,0.0008577055805327928,-0.00032532044199278236,-0.12494892007825589
9.74,0.00042521759285078347,-0.0004438925834824512,1.0007377673770987,-0.001017740996522453,0.0004467585514650487,-0.12608232016789614
9.76,0.0004091159954801587,-0.00037828112994725397,1.0006782968582653,-0.00020433404927678998,0.0003534845502097135,-0.1253971353777342
9.78,0.0003952666517346334,-0.00030898434133979627,1.000619298893841,-0.0014423899919025123,0.0007932769211861935,-0.12572783601161017
9.8,0.0003829308627311292,-0.00023911027639978024,1.0006333450669125,0.0009887591393582906,-0.00022344252041031542,-0.12446424332530812
9.82,0.0003743373749474657,-0.00016415761672542524,1.0005836126877843,0.0014968994567749574,-0.0007775303855045319,-0.12357727700074443
9.84,0.00036442561186958964,-9.293291362434738e-05,1.0004610270790615,-0.0004380995983030318,0.00016017976634373385,-0.12469901635767007
9.86,0.00035068694356427945,-2.7339343892317445e-05,1.0004294558048203,0.00034938190764014176,0.00012073658581027658,-0.12406381780078397
9.88,0.0003377959107500736,3.982743192969214e-05,1.0003978039512889,-0.0009475799001211663,0.0007058699089270505,-0.12440456905110085
9.9,0.00032522197797298205,0.00010549158772073286,1.000452082123002,0.001344837089093138,-0.000529796346625251,-0.1232513258076955
9.92,0.00031579172110258097,0.00017436939539943033,1.0004171174450571,0.0014813647613237744,-0.0010438183709871546,-0.12243877162708215
9.94,0.000303702900913034,0.0002382944545261129,1.0003199347415186,5.309025198370732e-05,7.844849333105504e-05,-0.12425453435082856
9.96,0.00028675548805454505,0.00029679623701391007,1.000303329033434,-0.00024333103079875879,0.0022256203997361355,-0.1242659064416468
9.98,0.00027011110806012553,0.00035499762424611077,1.0004281475684642,-0.001810916548904254,0.0021589929514609827,-0.12599575692329537
10.0,0.00026230142957226,0.0004130165637049764,1.0005733668713015,-0.000599444914982014,0.0020363401864529097,-0.12563514446021126
