0.02,-1.5,1.5,1.9996897929985435,0.0009659381324242702,0.0009054066266458828,0.0003913648367524145
0.04,-1.5,1.5,1.9990648264896662,0.001621062861563304,0.0009306118343154859,0.0009499432779906165
0.06,-1.4999967388430957,1.4999965235427548,1.9981207415398297,0.002311575522157493,0.001398019645048152,0.0017450833615584383
0.08,-1.4999901294996647,1.4999872257392872,1.996852268992651,0.003021113726796398,0.0017675787891883005,0.0027862967940343784
0.1,-1.4999784720539395,1.4999696125100164,1.9952693952126175,0.004021376183828805,0.002440043703503277,0.004142451111331174
0.12,-1.4999604094651127,1.4999411194516228,1.9933800714396337,0.005220499940242349,0.003295794414397094,0.005806676938605314
0.14,-1.499933462614546,1.499898119329597,1.9911951998239028,0.0066253985444970935,0.004416756533452998,0.007800830950403791
0.16,-1.4998944562711307,1.49983626115482,1.9887252107370808,0.008206944311120516,0.005768736546417137,0.010126337081246826
0.18,-1.4998392101576954,1.4997504528056655,1.9859796999835357,0.009923725061832405,0.007375907176183813,0.01276996806008627
0.2,-1.4997626381620923,1.499634956033416,1.9829697229996006,0.011749841440674407,0.009237982558069862,0.015745920510321497
0.22,-1.4996586696236913,1.4994835783500424,1.9797037283675243,0.013687962554095661,0.011365676979126212,0.019031358380068697
0.24,-1.4995202139099002,1.4992897491378303,1.9761912801414385,0.01562699570394808,0.013687434025125782,0.022632306807478027
0.26,-1.4993391092633745,1.4990465286291317,1.9724421856264074,0.017568397619159175,0.01628677543454423,0.02657025726311408
0.28,-1.4991064066274125,1.4987470582154416,1.9684643816269878,0.019367099951628164,0.019110777849435635,0.030842887803412027
0.3,-1.4988119649034217,1.4983844911794362,1.9642697965983156,0.021036169259586703,0.022223803287578427,0.03545902760182866
0.32,-1.4984447601040245,1.4979526641879903,1.9598670415736565,0.02259089559657894,0.025598707329069575,0.04042872080976374
0.34,-1.497992593553426,1.4974460327792567,1.9552647223879531,0.023993534254029954,0.02920728979302933,0.04574442892845322
0.36,-1.4974422097816737,1.496859662443448,1.9504705120444192,0.025226595727775726,0.03305374922431827,0.051393262309300705
0.38,-1.4967793617258063,1.4961893587008808,1.9454929312903708,0.026209285076254807,0.0370046313403829,0.057342791956037975
0.4,-1.4959888076295198,1.4954317734586435,1.940340850941426,0.026892254898543626,0.0411317395144462,0.06357403990458417
0.42,-1.4950549016617198,1.4945847536022174,1.93502164652425,0.027308350809494546,0.04530908732164496,0.07006355817741008
0.44,-1.493961306928636,1.4936475323727136,1.9295426983404824,0.027476515140913156,0.049517795885475335,0.07675233952787444
0.46,-1.4926913665109023,1.4926205421030068,1.9239138382194882,0.027410613528148893,0.0536327887616236,0.08360834621516244
0.48,-1.491228607464888,1.4915055548929017,1.9181387255855138,0.02716647218569637,0.05758907742732425,0.09056405429944306
0.5,-1.4895567287960594,1.4903053504844828,1.9122253201406527,0.026790385125407018,0.06119528083955498,0.09753819009800412
0.52,-1.4876601108758554,1.4890235958084754,1.9061807305649245,0.02628894361921827,0.06448095902468427,0.10449807511161224
0.54,-1.4855245365309906,1.4876645655777467,1.9000115795393397,0.025709030119194367,0.06741989766170461,0.11140013832155558
0.56,-1.483136960044789,1.4862330522220883,1.8937261217929582,0.025134337542543097,0.07003442190033062,0.11824221324860584
0.58,-1.4804858874158295,1.4847342240885126,1.887330006185028,0.02467029079600014,0.07233302535180856,0.12496465491139035
0.6,-1.4775609449327716,1.4831731986016001,1.880830998878001,0.02420181922759857,0.0742453767748533,0.13157220030802685
0.62,-1.4743530694964628,1.4815546672273807,1.874235227307099,0.023846663676640914,0.0758094049965219,0.13800090528576076
0.64,-1.4708544828997667,1.479883198006938,1.8675518186377151,0.023569024576660495,0.07694086071362846,0.1441677170142477
0.66,-1.4670588562404545,1.4781628289166797,1.8607880606961995,0.023378649537745856,0.07773333737396088,0.1500193516932774
0.68,-1.4629612835987877,1.4763970379722975,1.8539541060889906,0.023205699282452044,0.07811135788491683,0.15546424593584035
0.7,-1.458558215444272,1.4745887570843355,1.847059170162456,0.023125080244381032,0.07818787343126735,0.1604707850236177
0.72,-1.4538475986685873,1.472740508769237,1.8401139316049704,0.023030613158024203,0.07798098251641013,0.16491650039751876
0.74,-1.4488286553523602,1.47085418308319,1.833127358693945,0.0230378822380041,0.07771804228812414,0.16871625005445937
0.76,-1.443502147919449,1.4689314273841068,1.8261034263335945,0.02318585319162657,0.0769317358744004,0.17177461459152943
0.78,-1.4378681079024451,1.466973144894787,1.8190574938708786,0.023195604536506646,0.07657735638787586,0.17402200392998218
0.8,-1.431929889514544,1.4649792790872558,1.8119880170214422,0.02372844757609275,0.07557429157735711,0.17540007886500533
0.82,-1.4256880205284739,1.4629501725389165,1.8049095729859588,0.02268419372538799,0.07581118823993248,0.17593647884516544
0.84,-1.4191495452229572,1.4608839888717755,1.7977819289266097,0.02596743376648997,0.0750231233085162,0.17612550999315282
0.86,-1.4123102768924858,1.4587845922498914,1.7906608375429003,0.0242789554944393,0.07293470873484509,0.1758638717270744
0.88,-1.40517120323774,1.4566388163405188,1.783549116432245,0.02553765971373825,0.07331716233996692,0.17546317498474465
0.9,-1.3977424164825785,1.454451825902637,1.7764417232622216,0.023723650968635858,0.06984358178920567,0.17478788720386698
0.92,-1.390021259920328,1.452218840977162,1.7693483638665648,0.024390244034199166,0.0683221198325111,0.1737622867574862
0.94,-1.3820269966794576,1.4499450345332339,1.7622134012275121,0.022782418092443073,0.06770700166604152,0.17306285458349321
0.96,-1.3737628820997416,1.447626185359056,1.755072986862154,0.02694726017402839,0.0670649335054477,0.1722476397310249
0.98,-1.3652317362049171,1.4452677997902268,1.747942459487149,0.027557658105769777,0.06336789297489605,0.17110107052913318
1.0,-1.3564353650066838,1.442853514830095,1.740798070641825,0.027576655002049415,0.060173594732472774,0.1696881999657279
1.02,-1.3473875745830335,1.4403781873718935,1.7336477598254425,0.028229029443744637,0.05731194007971468,0.16799932634135847
1.04,-1.3381018109870562,1.4378395450752657,1.7264817673105242,0.028556292103163208,0.053919083207197904,0.1661671761662383
1.06,-1.328588578979362,1.4352327275970551,1.719309830494458,0.02949277740114765,0.0503749492833381,0.16411973692533718
1.08,-1.3188615348227897,1.4325540502917993,1.7121275028967478,0.030003810049314135,0.04614090450952289,0.16190007493626352
1.1,-1.3089335351592875,1.4297970292814983,1.7049481729162381,0.03101910665692751,0.04185594794566156,0.1594279690019806
1.12,-1.2988213019518569,1.426956740244089,1.697769158481708,0.03178680986122842,0.03724179280691915,0.15680016583378184
1.14,-1.2885409800389926,1.4240260823469055,1.6905975671480005,0.03278111337705582,0.03272295966720804,0.15403449512301012
1.16,-1.2781105011191294,1.4209989242719636,1.6834338028127376,0.033693009459007224,0.028291982042950515,0.15117394784155147
1.18,-1.2675470857609956,1.4178682282990642,1.6762841907485118,0.034667347613736306,0.024223343358581794,0.1482862423306636
1.2,-1.2568679283437207,1.4146275689831094,1.6691491183659393,0.03566063336919723,0.020499460998752606,0.14539738913531483
1.22,-1.2460887779015237,1.4112705722879773,1.6620294163390452,0.03648795895758839,0.017150627203584245,0.14260317149971516
1.24,-1.2352240345562684,1.4077910621202754,1.6549264246595028,0.037381576169218576,0.014382533387872393,0.1399699346585459
1.26,-1.2242867543847633,1.404183831721986,1.647840808224564,0.03807736120912607,0.011914655593119902,0.13756068137790972
1.28,-1.2132876156494976,1.400443692899257,1.6407768589038987,0.038822619102761545,0.009920711947474299,0.13542775217187047
1.3,-1.202236298884304,1.3965665971527248,1.6337349448101968,0.039291256613652625,0.008030289948479678,0.13358183340858165
1.32,-1.1911405162338997,1.3925484700646655,1.6267194366300388,0.04008643467362992,0.0067190523645669215,0.13202410859666416
1.34,-1.1800078098626485,1.3883867351911363,1.6197262803139936,0.03984091091032244,0.004859626281218246,0.13071703967783316
1.36,-1.1688430253821283,1.3840771998865204,1.6127691838047227,0.041646069366362656,0.004624240193292292,0.12956134071104913
1.38,-1.1576538514616574,1.379620089958671,1.6058462880322883,0.0407824248181755,0.0006100281673197291,0.1280724319208436
1.4,-1.1464403418007096,1.3750076488118603,1.598975404980034,0.04210383634089971,-0.001326156009955642,0.12640918247871694
1.42,-1.1352191319871061,1.370242292780485,1.592134539141892,0.041874168219758576,-0.003946355863035053,0.12475009763544485
1.44,-1.1239974040429879,1.365317812957509,1.5853296217676673,0.04324049730653536,-0.0044569543771807415,0.12329599524675297
1.46,-1.1127858404164084,1.3602345508011227,1.578548002348337,0.04212614451958972,-0.007497758970953669,0.12187777732155579
1.48,-1.1015859926853486,1.354986012510243,1.5718153830419523,0.04365361961558457,-0.008130409456371033,0.12051913174071802
1.5,-1.0904105385508633,1.349576305927621,1.5651092300914449,0.042437999024512556,-0.011272925345170477,0.11910963221556509
1.52,-1.079261508196571,1.3439982345645545,1.5584555175425203,0.04379836240918293,-0.01188128151797991,0.11778418187029717
1.54,-1.06815189193527,1.3382565645987836,1.551826399364052,0.042491974014591996,-0.014761623469135125,0.11651447807827008
1.56,-1.0570837969879632,1.3323447549641134,1.5452483926538765,0.04394077210115238,-0.015001136019985185,0.11536219523314899
1.58,-1.046069040154459,1.326268236938553,1.5386908395207752,0.04255391417025778,-0.0183154204542089,0.11417393403337946
1.6,-1.0351083830555108,1.3200198972310946,1.532189146537432,0.04375556064519268,-0.018892983688416343,0.11309063517206967
1.62,-1.0242151964852946,1.3136055339650388,1.5257084195446684,0.042152884583237335,-0.021402482834255828,0.11215183202310194
1.64,-1.0133917520263491,1.3070189984079408,1.5192809143054375,0.043790909073231035,-0.021282022077485287,0.11130531948493341
1.66,-1.0026483156826071,1.3002668817946421,1.5128817474562617,0.04280930867407671,-0.025221102742752178,0.1102041121367866
1.68,-0.991984282499496,1.2933415569770672,1.5065443470444417,0.04363076113014405,-0.02604976843009458,0.10924299656671727
1.7,-0.9814150028022113,1.2862471082471338,1.500232689389134,0.04226149120605448,-0.02702094614506215,0.10872715031012689
1.72,-0.9709437382864572,1.278979545778342,1.4939622466361657,0.04523381720514584,-0.025907198007726215,0.108376649014173
1.74,-0.9605744221299528,1.2715449925605637,1.4877135523988525,0.04653629771371153,-0.03034036220579301,0.10765268661953557
1.76,-0.9503022570227004,1.26393046712767,1.481529910117827,0.04667687316322078,-0.032849349098810814,0.10694036839759329
1.78,-0.9401441789444838,1.2561292872088712,1.4754093545475997,0.04688474346148403,-0.03205402121721512,0.10654488802335639
1.8,-0.9301087765849358,1.2481424074136838,1.469306424400981,0.04748408883931821,-0.037373018942084585,0.1059257247732649
1.82,-0.9201942702131498,1.2399668487771116,1.4632770352439288,0.04778064723081136,-0.039626279599273215,0.10542763921380456
1.84,-0.9104212032346635,1.2315986840272448,1.4573130550959479,0.04768387299753433,-0.038540380558444894,0.10520640759817751
1.86,-0.900796500536311,1.2230387726006924,1.4513627296550424,0.04872896743449639,-0.04347529654392878,0.10465315321986683
1.88,-0.8913176585700795,1.2142853737318593,1.4454817351362745,0.04878343530801729,-0.04528087705926654,0.10427016143939345
1.9,-0.8820034944688036,1.2053328906259477,1.4396640612918874,0.04869375155220197,-0.04297566020627841,0.10424090515505877
1.92,-0.8728588651146924,1.1961835015198605,1.4338565096036846,0.049550135915956445,-0.0468848832471694,0.10376794941343229
1.94,-0.8638767348789674,1.1868357650192458,1.4281162946147257,0.04914940409248908,-0.04720253516021383,0.10358812073469296
1.96,-0.8550707264826809,1.1772868015804319,1.4224096009083744,0.051415654886775373,-0.04366732269760647,0.10377292351397548
1.98,-0.8464411945290199,1.1675394706347342,1.416715860456479,0.05332779765408957,-0.04656040471930996,0.1034846228948304
2.0,-0.8379744626031237,1.1575846423372793,1.411070424631407,0.05149111090746296,-0.047772055822584765,0.10328200721648959
2.02,-0.8296809510438594,1.1474139681521751,1.4054717258604266,0.05164678040046802,-0.04463925396783031,0.10339795531933273
2.04,-0.8215647340714697,1.137036246200925,1.399889422307525,0.05247448322090141,-0.04758065231750418,0.10300181859499696
2.06,-0.8136151067156756,1.1264497537957687,1.3943715735139564,0.051113376690680876,-0.04663670034735555,0.10310337878643422
2.08,-0.8058429474237188,1.1156507559675408,1.388910717360049,0.05350818682676211,-0.046748238400492,0.10349019525697724
2.1,-0.7982420523687621,1.1046490911907663,1.3834393996694563,0.05100257407664605,-0.04858139537679842,0.10384870238935778
2.12,-0.7908142433190739,1.0934318591118375,1.3780224589924543,0.049266279736696374,-0.04513786773217726,0.10458235972013372
2.14,-0.7835667079492454,1.0820094975843337,1.3726415079093541,0.049253879281530834,-0.045843547924648134,0.10501183068664482
2.16,-0.7764880306631433,1.0703880394783145,1.3673420134969991,0.047407135379029325,-0.04382471850535674,0.10526099751421977
2.18,-0.7695798170707137,1.0585686512703982,1.3621017565603801,0.04813647292178529,-0.04345087255983911,0.10568926656823073
2.2,-0.7628326329166719,1.046562384330114,1.3568702998535285,0.045915753625833076,-0.04656744469165399,0.10577161915665113
2.22,-0.7562460001330764,1.0343646032369787,1.3516889432061876,0.043720610329186324,-0.04366288522147687,0.10627936073651541
2.24,-0.7498335524877421,1.0219822830773353,1.3465725926793628,0.04328416419862303,-0.04235786277910846,0.10679738136064613
2.26,-0.743584041746564,1.0094260023406336,1.341512486052585,0.043359570675127246,-0.04461007658760303,0.10673462378363027
2.28,-0.7374921988915297,0.9966982216941924,1.3365089965218142,0.04176921358545155,-0.04158799968821445,0.10715196698900917
2.3,-0.7315669161165563,0.9837976944520885,1.3315674194508995,0.04108547196787173,-0.04052921021840916,0.1073623203249637
2.32,-0.7257968527639972,0.9707319357069625,1.3266942685510412,0.041150469604387535,-0.04071970947646214,0.10738604629708662
2.34,-0.7201767418827622,0.9575057614011644,1.3218582821444416,0.037786109059681904,-0.03734732074933657,0.10756395156858771
2.36,-0.714708423740033,0.944117438142648,1.3170959216804814,0.03488211212951405,-0.032862133438199534,0.10792629682011869
2.38,-0.7093795228692007,0.9305822885734714,1.3124010082032112,0.03207749586358783,-0.028788935216511213,0.10808078695482294
2.4,-0.7041732160511974,0.916914042831942,1.3077714845032178,0.029281662630016882,-0.024900792259902677,0.10803773103322258
2.42,-0.6990742634217805,0.9031259681349089,1.3032018887970385,0.026373815064154132,-0.02099599520413991,0.10782853770077848
2.44,-0.6940682972107514,0.8892310992869239,1.2986892057219839,0.023275634722520026,-0.016948792122166555,0.10746365796063678
2.46,-0.6891409997732524,0.8752428733853106,1.2942308595656151,0.01993469721026457,-0.012659723088483314,0.106942988956057
2.48,-0.6842775714916809,0.8611755855685991,1.2898207855618138,0.016083134238412206,-0.007950726073782444,0.1063173281109743
2.5,-0.6794624540680334,0.8470444700912607,1.2854550013974393,0.011520329200036473,-0.0026241202335806554,0.1056273415899945
2.52,-0.6746786935566528,0.8328668803655923,1.281129063312725,0.006184010775376953,0.003418090165772227,0.10488295398945192
2.54,-0.6699072478180224,0.8186631382554669,1.276837646692641,9.167807337829674e-05,0.010197072061647643,0.10409388363161733
2.56,-0.6651266353116783,0.8044567719998809,1.2725759241590224,-0.006675418532694638,0.017595684679473127,0.10325176450733291
2.58,-0.660312858060315,0.7902744387854522,1.2683374324373875,-0.013902737794794423,0.025353198629482338,0.10236430664697141
2.6,-0.6554398507683763,0.7761455049343484,1.264114536091242,-0.021252787893430675,0.03314248762999685,0.1014314468279514
2.62,-0.6504804023679983,0.7621010799820745,1.2598998442139062,-0.02827267193951288,0.040600519297763704,0.1004640066538245
2.64,-0.6454072613349879,0.7481725874930908,1.2556870646463647,-0.03448958597603755,0.04727054908306313,0.0994687805422653
2.66,-0.6401943570509006,0.7343898747791778,1.2514706216918463,-0.03944642177728237,0.052661192329450913,0.0984659877877766
2.68,-0.6348185073720454,0.7207791037582517,1.2472426269743897,-0.04276479358153229,0.056468972362837405,0.09748750386675081
2.7,-0.6292608896020059,0.7073610413514425,1.2429990219990685,-0.0441725091342002,0.05830425706412771,0.09657954911486191
2.72,-0.6235080636269972,0.694149530457608,1.2387388975048317,-0.043367720133448744,0.05764434991011812,0.09560143963727383
2.74,-0.6175489762444996,0.6811544070090324,1.2345462766735713,-0.04405658436089926,0.05536913324208903,0.0930450385059186
2.76,-0.6113867864232068,0.6683709208263009,1.230406459601869,-0.042100781487525295,0.05522181307930739,0.08968784200291603
2.78,-0.6050307884087462,0.655799788239928,1.2263141637934725,-0.040810443398969505,0.05240001225201074,0.08521000114027816
2.8,-0.5984816973127268,0.6434310430642599,1.2222451252061506,-0.03964325381218343,0.050716875816508834,0.07971883661049309
2.82,-0.5917498087351487,0.6312572045388114,1.2181949582031,-0.03784065068375928,0.049489009442143864,0.07355178988692788
2.84,-0.5848403367286724,0.6192720404881279,1.2141697582188955,-0.03575407086455576,0.04773579967078575,0.06657859144346198
2.86,-0.5777566791424278,0.6074667004705225,1.2101712042425945,-0.03359831985314879,0.045878525572171085,0.05877533085701543
2.88,-0.5705043548708022,0.5958308567772045,1.2061976454461674,-0.03131225919774057,0.04409116395197232,0.050247329240803704
2.9,-0.5630891735086184,0.5843539386201517,1.20224979096088,-0.02889505964522172,0.04234350724466537,0.04106028464673735
2.92,-0.5555167018893284,0.5730248631486844,1.198328118318677,-0.02637177407146306,0.040594405902790634,0.0312651304177178
2.94,-0.547792406750692,0.5618320602659738,1.1944333343443823,-0.023774020823756268,0.03888446084536709,0.020913818749470063
2.96,-0.5399219076796632,0.5507635488205429,1.1905652267242983,-0.02115450979146008,0.03723534551071546,0.010063819545339003
2.98,-0.5319108252781448,0.5398071116544487,1.1867233794624201,-0.018510514414974324,0.03560243322907709,-0.0012441370531851442
3.0,-0.5237647111393062,0.5289505325958231,1.1829076542743238,-0.01591396771131698,0.03386740611458803,-0.01300430283522565
3.02,-0.5154892524694671,0.5181815894410119,1.1791180301240431,-0.013411782642101786,0.03204332376236753,-0.02516746181908877
3.04,-0.5070907726397852,0.5074883434529784,1.175354035905569,-0.011002915855172426,0.030133884979339966,-0.03767256608846127
3.06,-0.4985761434023669,0.4968593735571524,1.1716158966868782,-0.008757737080084168,0.02815066649248923,-0.05048937266282903
3.08,-0.48995279437151973,0.48628378953136614,1.1679037984849927,-0.006709592025187227,0.026092243741418598,-0.06359353050924081
3.1,-0.4812286589359537,0.4757515301423964,1.1642174450529532,-0.004908964172105149,0.024002282781998823,-0.0769455770291881
3.12,-0.47241213740481824,0.46525352254230495,1.1605564591272441,-0.0033605108668556686,0.021917331881099494,-0.09049522580774476
3.14,-0.4635118713224017,0.4547818916504332,1.1569207826133925,-0.0020877580743310004,0.019873905249303034,-0.1041809164770902
3.16,-0.4545365866116027,0.44432997603940355,1.1533095509265239,-0.00110793415915896,0.017941309724946352,-0.11792498601714235
3.18,-0.44549490370979394,0.4338924150247759,1.1497206157109705,-0.0003851591320900249,0.01614393699741857,-0.1316546937238588
3.2,-0.43639498644566393,0.4234651841868056,1.1461515273419345,0.00011221460251249459,0.01448811373461849,-0.14528050208630333
3.22,-0.42724432956271385,0.41304541448553456,1.1426048795710018,0.0006247248368976565,0.013151813768041615,-0.15874363082610896
3.24,-0.4180497707477432,0.4026312382795797,1.1390858880111774,0.0014488121816329219,0.012379246992104683,-0.17203410823103824
3.26,-0.40881689925630954,0.3922207076276685,1.135604032960369,0.0026954193104715475,0.012136061433588021,-0.18529543417677508
3.28,-0.39954933843988727,0.38181041694614326,1.1321715321806969,0.004109087850273879,0.012085809383742272,-0.1987966029869754
3.3,-0.39024908076633663,0.37139501668922464,1.1287977679104302,0.005415937461313479,0.01193922114192727,-0.21275420548469734
3.32,-0.38091763258779787,0.36096837208754773,1.1254930153507094,0.006541683173011868,0.011402173506768212,-0.2273897263580594
3.34,-0.3715569678118367,0.3505248477147864,1.1222671710187837,0.00744722921198807,0.0102138855950831,-0.2429077059285614
3.36,-0.36217064092764295,0.3400599107475627,1.1191259451754108,0.008060905539849918,0.00824131580332004,-0.25941609657925513
3.38,-0.35276471492779005,0.32957060273694855,1.1160720382121705,0.008357547554717723,0.005426724306846853,-0.27697670887896436
3.4,-0.3433481228265769,0.31905607297501054,1.1131062712761142,0.008251762649791078,0.0017727197056527039,-0.2956029267888395
3.42,-0.33393270971198885,0.30851776904005157,1.1102412616648796,0.007444195204626066,-0.002643031076444263,-0.3152439548520995
3.44,-0.32453311429276305,0.297960065514097,1.1074918852599123,0.00554123475201107,-0.007720031901778961,-0.335743404130779
3.46,-0.3151659590226379,0.28739156867828486,1.1048724414736715,0.0024285586850184026,-0.01321076080029483,-0.35687381468264107
3.48,-0.30584869051309954,0.27682668181913517,1.1023971421842884,-0.0018038008919191149,-0.01872378398580631,-0.37818968864020625
3.5,-0.2965979098004069,0.26628578988873025,1.1000652080220796,-0.006945505376061629,-0.023753324341795192,-0.3989869357816588
3.52,-0.28742741048004483,0.2557940349161522,1.097856726677779,-0.012671533113604453,-0.028074962458941935,-0.41851910331696096
3.54,-0.27834649269611894,0.24537936352432616,1.095746836921816,-0.018607942401924343,-0.031789941513443866,-0.436248694066763
3.56,-0.26935991525986364,0.2350707996700992,1.0937184685677097,-0.024273579469530612,-0.03507886642272112,-0.45194170020616325
3.58,-0.26046901769627634,0.2248970032113504,1.0917586147572709,-0.0292880668188125,-0.03808577948712847,-0.46542471548593567
3.6,-0.25167344620372667,0.21488476140836077,1.0898582636496126,-0.03335376040275762,-0.04085899211477115,-0.47662974388235496
3.62,-0.24297260723576075,0.2050578520208945,1.0880111137249098,-0.03624481122747421,-0.04342792760164947,-0.48553918116359185
3.64,-0.23436665828858927,0.19543610822195895,1.0862129990207863,-0.037806331374370644,-0.04579586111969873,-0.49216791070881294
3.66,-0.22585725691794198,0.18603464366159222,1.0844599489836553,-0.037902849929210676,-0.047787762327233474,-0.49662747503231314
3.68,-0.2174480916849343,0.1768633795058362,1.082748556955272,-0.03622519828941968,-0.04921245649321207,-0.49920864736010284
3.7,-0.20914310746864667,0.167922614412102,1.0810107197760757,-0.03456627596278655,-0.04969320592626793,-0.4997486033547255
3.72,-0.2009502981118618,0.1592107651374473,1.0792760017352796,-0.03561448684496846,-0.04879851879717252,-0.4988304237280269
3.74,-0.1928737133524998,0.1507219096456864,1.0775299632607893,-0.036589089299131045,-0.04817812873813193,-0.49468341545962324
3.76,-0.1849053740113497,0.1424513431650423,1.0756598928749448,-0.037983747414717,-0.049855130180328985,-0.489567705957158
3.78,-0.17704342610792984,0.13440336816540877,1.0737188779931224,-0.03815619830697863,-0.05080901414472607,-0.4830324236297568
3.8,-0.16929136365095543,0.126583716789798,1.0716856317535446,-0.038872098937919784,-0.051891941804151784,-0.47547202297293856
3.82,-0.16165367858483454,0.11899439329080393,1.069572903332082,-0.03958834970608027,-0.053007876569236105,-0.46679920120109486
3.84,-0.15413459999241932,0.11163930070008905,1.0673926211882678,-0.04036218399406407,-0.05407020126991101,-0.45701895281408744
3.86,-0.14673880759373925,0.10452224844810701,1.0651567586975341,-0.04120851662729505,-0.05497493675563326,-0.44612909716572924
3.88,-0.1394711657348003,0.09764721626740273,1.0628812004356114,-0.042452198437099735,-0.05629697307766214,-0.4340819889739275
3.9,-0.1323364248215266,0.09101835501737897,1.06058776846653,-0.043841382418429276,-0.057965589175162084,-0.4207934880122455
3.92,-0.12534030658418308,0.08464124708638547,1.058290265275066,-0.045338414372058294,-0.06002319944055353,-0.4062328726226714
3.94,-0.118489963885856,0.07852220942963704,1.0560006791002037,-0.046921033919716575,-0.06236096392460405,-0.39035514702923146
3.96,-0.1117942785210004,0.07266816953429395,1.0537295009019516,-0.04861627476386933,-0.06480629685172486,-0.37310225754738935
3.98,-0.10526354801858062,0.06708626894370573,1.051484997794667,-0.050495240065201355,-0.06724546226805149,-0.35445657626878524
4.0,-0.09890883826229752,0.06178354537562165,1.0492723639741295,-0.05241856079581947,-0.06959800254478998,-0.3344120124195193
4.02,-0.09274254814692665,0.056768590482430555,1.0471167844249218,-0.05432684355520329,-0.07160670695557886,-0.3127579617283153
4.04,-0.08677685107426816,0.052048468204372936,1.0450288522463074,-0.05612482769147773,-0.07318014799732535,-0.2892894039071913
4.06,-0.08102284628717657,0.047628154611098185,1.0430065127035222,-0.05739948922393287,-0.0744864974575341,-0.2637203878852401
4.08,-0.07549092504891569,0.04351091481049474,1.041047398821246,-0.057780419382094245,-0.07561442014638872,-0.23591102399449093
4.1,-0.0701920313022333,0.03969705910566219,1.0391514763893925,-0.05699988288808977,-0.07661894677387375,-0.20585030813785832
4.12,-0.06513845645222666,0.036182787711781905,1.037324806118412,-0.05478864488118137,-0.07749058667023982,-0.17369735244590212
4.14,-0.06034552603992599,0.03296077818879116,1.0356037182629196,-0.050987702797241775,-0.07815247442431202,-0.1399025929014807
4.16,-0.055830066397558595,0.03001716424806819,1.0340330766486587,-0.04617116857751692,-0.07780178649349923,-0.10506371280900649
4.18,-0.0516080366015699,0.027329272031799082,1.032645851895656,-0.041237518174410535,-0.0754034686172171,-0.06966052894360428
4.2,-0.047687171874984315,0.024865800574285783,1.0314258083897558,-0.0364053091793324,-0.07003207065973029,-0.03427464774994018
4.22,-0.044060746177843994,0.022591314447202936,1.0302954991082498,-0.03216402029418426,-0.06189504160816427,2.3786326231205152e-05
4.24,-0.040708632345643106,0.020471997494319546,1.0291787715214415,-0.028187672469147825,-0.05250267393329045,0.03157915870464164
4.26,-0.03760269743559783,0.01848108943854291,1.0280631682828623,-0.0241005921973747,-0.04260257319996929,0.059727603086427
4.28,-0.034709025569710374,0.016596153280258406,1.0269469043019261,-0.019958904479057904,-0.032450873082098285,0.0843399721755166
4.3,-0.03199049070511943,0.014797409850918715,1.0258305853511032,-0.01579570128320496,-0.02214885601846362,0.10536314899485344
4.32,-0.0294077402457698,0.013067565088139646,1.0247106094205045,-0.01172987737009291,-0.01164981893607357,0.12280864682241847
4.34,-0.026920157125218613,0.011391733866714274,1.0235870160717226,-0.007875142833684743,-0.00095674832716342,0.13670511788387493
4.36,-0.02448628481219385,0.009757851878694478,1.0224985666227304,-0.004759548262609281,0.009120536787124713,0.14730954466733934
4.38,-0.022062891578926467,0.008156711035090193,1.0215620197594715,-0.004648294130416773,0.015456461710665845,0.15606337940022377
4.4,-0.019608675859346333,0.00658106258016493,1.02067792422645,-0.0057897687586609915,0.015200194981572481,0.16443323302648735
4.42,-0.017099173510824375,0.005034538986321152,1.019830660162007,-0.007702355361396796,0.008578066351383046,0.17271609254669043
4.44,-0.014535078655894804,0.0035226622704959635,1.0191150143505283,-0.010483740111441672,0.0004904744274736475,0.17961536437623277
4.46,-0.011944877928017846,0.0020483838195330464,1.0184749388042798,-0.013276651740037688,-0.007547163617752535,0.18424563836724053
4.48,-0.009362584394650427,0.0006167591691387826,1.0178849115861186,-0.015504288295825728,-0.01464821482078618,0.18607496693480635
4.5,-0.006821743837604802,-0.0007672599768451967,1.0173416908105548,-0.016843417217500947,-0.02087231998718414,0.18469373386273513
4.52,-0.004351187607561258,-0.00210069603994665,1.0168147586542229,-0.017671877325307343,-0.026472949078120825,0.18006805605401757
4.54,-0.0019744899902767073,-0.003383539697455962,1.0162472762724228,-0.018413299089726793,-0.03146990897254261,0.17269891306854485
4.56,0.00028736364635270325,-0.004616422634496226,1.0156169228621517,-0.019811841542664823,-0.03619417501878974,0.1633907201421332
4.58,0.0024143819438894984,-0.005798689003100297,1.0149522555510624,-0.02159071657062795,-0.04065341593030959,0.15232850778329504
4.6,0.004387085326022992,-0.0069263952888835335,1.0142805659024807,-0.02368192179388914,-0.044727318598712165,0.13954011589080825
4.62,0.0061873426620222835,-0.007993471790452315,1.013614600804216,-0.026173538004808178,-0.04832702929581291,0.12502430594567548
4.64,0.007798863908879487,-0.008991794066485622,1.012959048278527,-0.02905606868018061,-0.051403715756178546,0.10881204090268472
4.66,0.009207906567475919,-0.009910883583320538,1.0123067710165607,-0.03219089393052518,-0.05391262299271866,0.09089832778486359
4.68,0.010402002176755644,-0.010737303855002227,1.0116705600548515,-0.035347592427736,-0.05566405645966771,0.07138618823154635
4.7,0.011369445419369332,-0.011454649314962385,1.0110962555089553,-0.037731644439250166,-0.05608649393376747,0.05058844998229204
4.72,0.012102877574294884,-0.012045561019628268,1.0106155566412836,-0.038486674081640936,-0.05477328108177872,0.02876231258624172
4.74,0.01260389906205621,-0.012496378451298983,1.0102126958730009,-0.03711568567862363,-0.05115622694886764,0.006091656670083323
4.76,0.01288243608905806,-0.012799989140908758,1.0098617343840273,-0.03377077896631506,-0.04467994520888197,-0.017273838421537863
4.78,0.012957907967558585,-0.012957932397362721,1.0095352634363257,-0.028634222272043992,-0.03550435515817547,-0.04107734938227123
4.8,0.012860312744052645,-0.012980128694631311,1.0092104072336165,-0.02261638209274895,-0.024314569749118765,-0.0652850070933946
4.82,0.012629695640180155,-0.012885566955622183,1.008844920460842,-0.017846143758848423,-0.013571957478829728,-0.0905879664539606
4.84,0.012310129862758508,-0.012696572033826702,1.0084707353659361,-0.014529835317765015,-0.003862021655693406,-0.11686181238110238
4.86,0.011943805930059094,-0.012432655338628324,1.0081273728801885,-0.012300001643020392,0.004173818239356091,-0.1439664503727495
4.88,0.01156928865352122,-0.01210992107287617,1.0078311035195167,-0.010753835096353088,0.009992890472335626,-0.17177807469243192
4.9,0.011218387519931712,-0.011741691533975328,1.0075686214612767,-0.008533756720628626,0.012247308614178784,-0.2003757732966195
4.92,0.010913637364800395,-0.01133887797917718,1.0073113996937213,-0.005823904963914544,0.009417217271592638,-0.2297961243653973
4.94,0.010663034210810642,-0.010913085203670878,1.0070679746495792,-0.0030453745050317378,0.0027493204586913154,-0.26039991830550613
4.96,0.01045376637430759,-0.010473826245551805,1.0068231058287522,-0.0011265539744655859,-0.004801617326020421,-0.291939343859793
4.98,0.010258192677399114,-0.010026145178055746,1.006588468209796,0.00014348558230817032,-0.011225816854247677,-0.32363166335105237
5.0,0.010046095021100961,-0.00956922590017909,1.0063375550710432,0.0009487814750727546,-0.014987802303386095,-0.3551411329305801
5.02,0.00979255479014246,-0.00909931233440289,1.0060602459477372,0.0011654950800292416,-0.015638147768419368,-0.3859329557442648
5.04,0.009482742138823852,-0.008612813109970566,1.005789973688829,6.773045129582397e-05,-0.012857820135039623,-0.41546836914139407
5.06,0.009114322439157174,-0.008107760209070218,1.005543069272912,-0.002083694824446879,-0.008495436221527054,-0.4424044726085756
5.08,0.008699765071943224,-0.007582928574027438,1.0053148415358262,-0.004715615373956335,-0.003564968344859094,-0.4659911005763047
5.1,0.00825883895348384,-0.00703680075342382,1.0051033739414987,-0.007623540844836217,0.0016130631998776692,-0.48600036019428156
5.12,0.007814089338814703,-0.006468277091324052,1.0049015932018293,-0.010620874041379545,0.006892376446968589,-0.5023546071993304
5.14,0.007389052828319031,-0.00587700178126568,1.0046586555170574,-0.013690930420490724,0.01020167770300248,-0.5164310688692463
5.16,0.007007375786195485,-0.005263122066375365,1.0043512340767304,-0.014094665392467277,0.008555384693259074,-0.5311065149788368
5.18,0.006687623714906856,-0.004622681235306007,1.0040650317962774,-0.00975436836065755,0.00392475597210469,-0.545603191686522
5.2,0.006424914175303913,-0.00395218301755557,1.0037702505899317,-0.0013734509766085165,-0.0025549342371112105,-0.5594017207769845
5.22,0.0061944993424550635,-0.0032582265830217905,1.0033666045127956,0.008799026992632094,-0.007096417781489309,-0.5708998915919072
5.24,0.005958591354851451,-0.00255487627307098,1.003000593530558,0.01803967575421906,-0.006618699533087531,-0.5812229484489106
5.26,0.0056795905711309914,-0.0018665162342826817,1.002750708123712,0.022652382533411824,-0.002970452758844189,-0.590461952508319
5.28,0.005340134963112961,-0.0012237205812405674,1.0025120687678306,0.019950945759335263,0.0011542595024556107,-0.5996749705659401
5.3,0.00494124050582645,-0.0006494366693485382,1.0023135455129752,0.01611787393474394,0.005849556969915693,-0.6057114765285421
5.32,0.004502213504467683,-0.00014284307941700284,1.0021204432413149,0.012221838229597881,0.010524890013646636,-0.6081914289755537
5.34,0.004046416551070082,0.00029829702653599014,1.0019293978064898,0.008610090284695143,0.014862603563825409,-0.6073326313345646
5.36,0.0035977113272903693,0.0006739236063426114,1.001878826334763,0.007748311966335884,0.01535006054467199,-0.604693662344568
5.38,0.0031782602338675074,0.0009876253525671127,1.0018697575927735,0.010411144339753401,0.012959062274563038,-0.6011298568634758
5.4,0.00279136132052414,0.0012419195613226027,1.0018572455932386,0.011716241845583491,0.011543919118653588,-0.5951843270867553
5.42,0.0024229939556520644,0.0014355914695921017,1.0017203658996963,0.010842871466658991,0.010415961203818769,-0.5880230475965018
5.44,0.0020661875869103963,0.0015681864303422317,1.0014297754542547,0.009195480869831189,0.009376980856070498,-0.5792112492253334
5.46,0.0017197724298688639,0.001644300803443842,1.0010281711603,0.006441320323466604,0.008419452302494418,-0.5685470442149988
5.48,0.0013844528427215401,0.0016710678284852746,1.0005485770684914,0.0027563282000605295,0.007533697093372304,-0.5559280816921397
5.5,0.0010636140334767889,0.0016587986779134966,1.000065879470656,-0.0010118341408328997,0.006776769707052475,-0.5413612571956289
5.52,0.0007627444085426108,0.0016213650122504644,0.999648685645943,-0.003940831513424546,0.006168279905390711,-0.5251384291675019
5.54,0.00048750477194842265,0.0015734347603026545,0.9993222766432962,-0.005245098235408498,0.005845995273315229,-0.5074776753025465
5.56,0.00024190319708972731,0.0015268207061183117,0.999098215388899,-0.004426036787230043,0.005546414886812821,-0.48837230436414625
5.58,2.7363743176606872e-05,0.0014872693145101554,0.9989842303664188,-0.0016924919528810412,0.005208071674561138,-0.4676664387020408
5.6,-0.00015897539798386052,0.001452999290055911,0.9989686160695566,0.0003441943989970681,0.0056492216635621595,-0.44484277067090844
5.62,-0.000323462723954905,0.0014154003599085752,0.9990429573988866,-0.0002944731515948629,0.006812158668335993,-0.42069969859429773
5.64,-0.0004682362823101387,0.0013669893925326703,0.9991518949820044,-0.0015649481412983433,0.006659102824144477,-0.39561249900051
5.66,-0.0005879508146920226,0.0013087275857250214,0.9992757496734017,-0.0024467882113259703,0.005676033490444838,-0.3701223766490211
5.68,-0.0006810839520762531,0.001246108440828258,0.9994043619630817,-0.002005751316628404,0.005176397814562126,-0.3457256695782078
5.7,-0.0007500472803671693,0.001184428931565612,0.99951369209316,-0.0005038686267295663,0.005393971355950744,-0.32285911759437264
5.72,-0.0007973440956765654,0.0011233166556223037,0.9995968891727423,0.0009529332869341349,0.00538333624883964,-0.3016379832281083
5.74,-0.000823913304493386,0.0010574154301758885,0.9996820643351476,0.0010579449747655924,0.003780229653657538,-0.2821540274719944
5.76,-0.0008315258309767761,0.0009817852349963522,0.999745548275814,-3.6553020404809895e-05,0.0016764011525133068,-0.26489376265470493
5.78,-0.0008261769951911296,0.000898182870291643,0.9997722047380643,-0.0019413083175857705,0.0003285206559451277,-0.2499453827271874
5.8,-0.0008144404033916094,0.0008130624702713145,0.9998063686371033,-0.0029287782075386798,0.00031494425703288234,-0.23708745218742927
5.82,-0.0007995632576232107,0.0007351102090908288,0.9998653976226444,-0.0016396855299108523,0.001607563148946513,-0.22618370659334303
5.84,-0.0007808216567052128,0.0006680340783909343,0.9999040929746081,0.0007142129078143191,0.003319182281457868,-0.2177836397191121
5.86,-0.0007545454613797462,0.0006058414025154798,0.9999257239446566,0.0027702244497250484,0.00406613792510655,-0.21186417865517518
5.88,-0.0007160194579654003,0.000538074976205016,1.0000030420158967,0.003056009952764214,0.00265024731059563,-0.20805464549324446
5.9,-0.0006642896148788901,0.0004564625315485792,1.0000612627524585,0.0010991580384958918,0.0011911322239274783,-0.20653067576212183
5.92,-0.0006049518172787869,0.0003611222878517894,1.0000985879005184,-0.001460040416236751,0.0002932657394896722,-0.20687742649024157
5.94,-0.0005419723930199841,0.00026068001262936083,1.000139002485699,-0.0034607990155137106,-0.0003784889559864647,-0.2079863917136095
5.96,-0.0004767370696668137,0.00016569754899931297,1.0001894413513936,-0.00416953512108606,-0.0010688844347465417,-0.20926553157829433
5.98,-0.000410192935061086,8.448970301835112e-05,1.0002738356823038,-0.0030491773076238653,-0.0003345952852546947,-0.2106049700556997
6.0,-0.0003443829991518769,1.9665291512756312e-05,1.0002324799896511,-0.004559643711360319,-0.002651071930980368,-0.21061766297403722
6.02,-0.00027738593075900936,-3.2908734744833643e-05,1.0002682794248734,-0.0031789328262500083,-0.0016630121118301263,-0.21127845600421433
6.04,-0.00021670859647544572,-6.627781958775007e-05,1.000206514701404,-0.0030811874494798184,-0.003969071101034841,-0.21122444749152258
6.06,-0.000159862186813855,-8.599148950401147e-05,1.0001671065264857,-0.0017609863635604742,-0.001808673157337951,-0.21180522284375242
6.08,-0.00011564123537286036,-9.073729462773621e-05,1.000096537326668,-0.0009100413811259096,-0.003321906675398729,-0.21204272973165014
6.1,-7.698306069003452e-05,-8.716947514657118e-05,1.0000595630321025,-0.00027075850864311787,-0.0005035390219712978,-0.21303696929879545
6.12,-5.0328531253726526e-05,-7.738003727688063e-05,1.0000203758967967,-0.0007036070643059026,-0.002670278019538819,-0.2136614441123036
6.14,-2.541712615156881e-05,-6.612931222695038e-05,1.0000200881341346,0.0006006873145614739,-0.00018406707122005231,-0.21479782909608777
6.16,-1.0089892404155226e-05,-5.0013634983842034e-05,0.999987105069606,0.00024092882284853964,-0.0015539803732032608,-0.2153562741249124
6.18,4.000334620875138e-06,-3.6089424319212063e-05,1.0000121465845224,0.001697468941437487,0.001334026156602014,-0.21659810157475626
6.2,1.2000048232506309e-05,-2.180177610432773e-05,0.9999903440364319,0.000761458954482376,1.3312048425715e-05,-0.2173472678377441
6.22,2.3722105393597045e-05,-1.525493668712097e-05,1.0000235403474798,0.002021467667707171,0.0010988740503207963,-0.21890720063661978
6.24,3.4853409157798456e-05,-1.1583241751979413e-05,0.9999816199093531,-0.0001365673676729053,-0.000598844691777661,-0.21925730846073785
6.26,4.8505686043690556e-05,-1.6745377406129436e-05,1.0000122405226288,0.0004598575045978102,-0.0004567754294927548,-0.22036712743937156
6.28,6.001177309971493e-05,-2.0889065097470535e-05,0.9999714927183012,-0.0015302188224167765,-0.001466601503418121,-0.21975082955713768
6.3,6.932257806950231e-05,-2.6425675230639267e-05,1.0000127234330376,0.00035379341883207165,-0.0002348848781313412,-0.21996547868708574
6.32,7.441762876593938e-05,-2.500723570793556e-05,0.9999674252230012,-0.0010277603056210334,-0.0010862965718417624,-0.21982513851210495
6.34,7.828480558313672e-05,-2.476418385584355e-05,0.999995969492934,0.0014430661813426703,0.00016962055521770768,-0.22036268844329274
6.36,7.892969368656856e-05,-1.974706178533608e-05,0.9999549976366288,-0.0002825219569009969,-0.0006100325747437311,-0.22038912211322848
6.38,7.897535093702522e-05,-2.050594917578819e-05,0.9999878294153087,0.0013597394204075298,0.0005793385354703537,-0.22126826132486688
6.4,7.697357862653072e-05,-1.9694488401522745e-05,0.9999381859122423,-0.0005371382691665475,-0.0008935901885871271,-0.22132289489904736
6.42,7.604213028632439e-05,-2.4706984741587742e-05,0.9999743354838073,0.0005706233686980235,0.0002637519056101271,-0.22208058449741977
6.44,7.2198917721129e-05,-2.6933082552987586e-05,0.9999538122048237,-0.0011077390784925399,-0.0014287788038595262,-0.22208790197673928
6.46,6.88817507453006e-05,-3.1600380131116684e-05,0.9999875502858393,0.00035090682733230624,0.00019553885117980607,-0.22260449743969477
6.48,6.11428681374083e-05,-3.089458290195571e-05,0.9999495800883256,-0.0006927124122285486,-0.0008863003392858001,-0.22264782925676027
6.5,5.386229551531651e-05,-3.172806206245157e-05,0.9999839597730411,0.0012773654087268938,0.0011143071674471832,-0.2233091817155323
6.52,4.3844722272356265e-05,-2.9201756222297683e-05,0.9999535141591156,0.00012497704048179044,8.823403695597415e-05,-0.22347539722291074
6.54,3.703626752371838e-05,-3.26212897744565e-05,0.9999857568308216,0.0009567943606618507,0.001356743227969269,-0.2244205140234511
6.56,3.0459088328626674e-05,-3.6585475638984866e-05,0.999968559512303,-0.0007907251774614673,-0.0008592351683862542,-0.22453463331414025
6.58,2.8295105876927288e-05,-4.545065663117098e-05,1.0000032189346801,-3.383077314373928e-05,0.00036198286399327575,-0.22519141329883346
6.6,2.3574245004392223e-05,-5.058770720916097e-05,0.9999851056332564,-0.00132860593690948,-0.0018581812665801438,-0.22516857319303776
6.62,2.028651598404996e-05,-5.591042571836209e-05,1.0000130486426986,-0.0003521776678879192,0.00028484823509842904,-0.225580761974829
6.64,1.1155272599899143e-05,-5.4628875367537e-05,0.9999807381582658,-0.0007352314978008108,-0.0010526785425350787,-0.2257529327843083
6.66,3.437643709577496e-06,-5.224533472289771e-05,0.9999742501804056,0.00040501392076503173,0.0018897761879736155,-0.2261732102284183
6.68,-7.632932695123863e-06,-4.615043323983549e-05,0.9999474073924043,-0.00038161586242296087,0.00035177444098451145,-0.22641542490428426
6.7,-1.1749540951885134e-05,-4.330713622922185e-05,0.999967344966683,0.0009672659142750673,0.001821412108492847,-0.2271113123424761
6.72,-1.4206577491880893e-05,-3.933384822378891e-05,0.9999328807528506,-0.00039222587954527765,-0.0003652326936145638,-0.22714170089796465
6.74,-1.0461057426892882e-05,-4.075064173528863e-05,0.9999612271036112,0.0005919080033938243,0.0006776743344282202,-0.22771977299677212
6.76,-7.753959272081557e-06,-4.036889965069355e-05,0.9999399282373076,-0.0011196421749131024,-0.0014667094327383873,-0.22761127685353746
6.78,-2.9544518574956646e-06,-4.288981414161677e-05,0.9999765570410348,4.570827888935437e-05,-3.075158886858903e-05,-0.22799364555022777
6.8,-2.681748156650838e-06,-3.9941738170735226e-05,0.9999384479554743,-0.0008313950694793771,-0.0013910655452821106,-0.22793665487729287
6.82,-2.56984679885803e-06,-3.71457985314244e-05,0.9999663697618357,0.0007751618007573554,0.0011312997693678464,-0.2284113011854242
6.84,-6.9592893834071185e-06,-3.0016626691922998e-05,0.9999306674332619,0.0003441506459465843,-8.381364326485468e-05,-0.22853463882848224
6.86,-7.668494103882499e-06,-2.690641861066843e-05,0.9999438317073011,0.0012909695108907248,0.002086479872730611,-0.22899272574548238
6.88,-8.99918179667017e-06,-2.503115070140267e-05,0.9999344988130495,-0.00027739243268280604,-0.00012754396617262003,-0.22918043993750037
6.9,-3.4404527234803067e-06,-3.0013759731574745e-05,0.9999663414505,0.0005767528192793037,0.0004837568490886386,-0.2299039036680542
6.92,1.8776527626308373e-06,-3.38379332074124e-05,0.9999376898302113,-0.0015178117532704913,-0.0016783479341573875,-0.22958003913129116
6.94,8.543811189565612e-06,-4.033430870075591e-05,0.9999711898400466,-0.00029596923018793776,-0.0006291182259582073,-0.22976577698164816
6.96,1.0241179064659926e-05,-3.966307197712832e-05,0.999935563156168,-0.0016662183035727118,-0.0015394285930369947,-0.22962638572321753
6.98,9.762527638581025e-06,-3.7271273983649444e-05,0.9999688615848795,0.0010944213456475385,0.00022244663598189855,-0.23000916978004723
7.0,4.965291695636624e-06,-2.727194289123534e-05,0.9999391568022098,-8.419104654128258e-05,0.00026911527449486087,-0.23004088610178336
7.02,4.020923603400085e-08,-2.174555620545453e-05,0.9999891848446739,0.0019063546363470775,0.00023775471467601372,-0.23076014409326517
7.04,-3.7988238741169633e-06,-1.6144296951070717e-05,0.9999670061953859,-0.0008530774350229567,-0.00030540266762008283,-0.2311948837172255
7.06,-8.44775713447912e-06,-1.813899208940813e-05,0.9999990124907882,0.00030541799215759094,0.0009918601893975096,-0.23218603032383628
7.08,-1.3487144625612398e-05,-1.6645876734734258e-05,0.9999830120928042,-0.0009337118878124387,-0.0008548938832277104,-0.23229531318092567
7.1,-1.4976449054182106e-05,-1.7235922116576337e-05,1.0000092388708066,0.0005176367818410015,0.0009422035081430917,-0.2327689291129188
7.12,-1.884036725813751e-05,-1.3568776193815156e-05,0.9999661447163118,-0.00032146289783990844,-0.0007016372965438156,-0.23272894169460243
7.14,-1.9527460851162144e-05,-1.2774327686201289e-05,0.9999832329686205,0.0009092245051741299,0.0012838369008996947,-0.233146531807054
7.16,-2.2568246440590074e-05,-1.0144499444895714e-05,0.9999487165433811,-0.0001514870102662585,-0.0005086996846753234,-0.23316382938390584
7.18,-2.147357237687591e-05,-1.221547262921489e-05,0.9999719795006701,0.0008986666025525457,0.0011397027760688373,-0.23366623470510123
7.2,-2.216164184344976e-05,-1.3258410943919572e-05,0.9999494172950669,-0.0005469298410104563,-0.0010039971342199027,-0.23367018906725004
7.22,-1.92697466150746e-05,-1.8823777345920136e-05,0.9999811371451992,0.0003427284458293271,0.000517009851724433,-0.23413668764739903
7.24,-1.966821927233998e-05,-2.1427457897809178e-05,0.9999608054730922,-0.0008697741121460767,-0.0015989403861207518,-0.23412155066818832
7.26,-1.8386457130457453e-05,-2.582774872199626e-05,0.9999882718987563,0.0001377372995287563,0.0004632354560798122,-0.23449116135766093
7.28,-2.2337505500043154e-05,-2.552056716617792e-05,0.9999609696378798,-0.0006288804630640347,-0.0011060332262017713,-0.23456328464672305
7.3,-2.4624711139167844e-05,-2.617221352754505e-05,0.9999813341636262,0.0006506982399361091,0.001378324672070704,-0.23497031621965772
7.32,-3.0511490703188657e-05,-2.345771949381066e-05,0.9999559004134394,-0.0001836809509712293,-0.00014820360855272608,-0.23507575264447814
7.34,-3.1677621489292784e-05,-2.4528241095848797e-05,0.9999769259461507,0.0009922665742794932,0.0016388151018942127,-0.23558726653390205
7.36,-3.3235274296763996e-05,-2.4772495767517092e-05,0.9999504025518225,-0.000440760477013634,-0.00045002460221336895,-0.2355765922686745
7.38,-2.9375479100631613e-05,-3.0374865080003953e-05,0.9999807310106579,0.0004666037347022163,0.0006060894568652316,-0.23605060277274117
7.4,-2.681396341441988e-05,-3.390790502655611e-05,0.9999605013816315,-0.0013538226283222347,-0.0014773607649232775,-0.23589839409612678
7.42,-2.234642878107111e-05,-3.9804158343970335e-05,0.9999941093070086,-8.55658491744042e-05,-0.00013223618325363786,-0.23617369580442277
7.44,-2.2196508817570385e-05,-3.929565047689929e-05,0.9999593878043337,-0.0013132733955524007,-0.0012550340327570654,-0.2360345497206155
7.46,-2.2478663220931455e-05,-3.83333604713814e-05,0.9999842143566757,0.001007769155387691,0.0005474037033645891,-0.23631965160161772
7.48,-2.628834328454162e-05,-3.1304997043963434e-05,0.9999523905312342,-0.0001740163718951173,3.2203698847912946e-05,-0.2362420595523436
7.5,-2.8913285594294774e-05,-2.870164194031552e-05,0.9999894818097351,0.001723867547258453,0.0013048094334936293,-0.23693996600759434
7.52,-3.1258912268898354e-05,-2.547833844015025e-05,0.9999546822479328,-0.00041557695039690415,-6.094944677195646e-05,-0.23693517363370012
7.54,-3.0161716283427653e-05,-3.0153645970159966e-05,0.9999838110935534,0.0004940221760978485,0.0004330296614316704,-0.23756987368491478
7.56,-2.89178453281312e-05,-3.3213753583563676e-05,0.9999455549193071,-0.0018340721827062028,-0.0016194421731615695,-0.23721235484032407
7.58,-2.6462307471907966e-05,-3.858864883957484e-05,0.9999684565535482,-0.00037862226231375834,-0.0006950003162769114,-0.2372745552612581
7.6,-2.8426584241122683e-05,-3.559859770787234e-05,0.999936145266794,-0.001969174852376345,-0.0005035882952930909,-0.23714122009229033
7.62,-3.2744703165027355e-05,-3.0477016320170983e-05,0.9999997010798051,0.0015766311095846766,0.0013051535454607043,-0.23772036534614324
7.64,-3.7162346014064414e-05,-1.757433818047011e-05,0.9999738059259955,0.001126647068454248,0.0004980197657845289,-0.2376098982243804
7.66,-3.8035908587143217e-05,-1.1941842114103225e-05,0.999974266316944,0.0016798496203200063,0.0026094504619871145,-0.23816039350586074
7.68,-3.805256068882429e-05,-1.105672925147697e-05,0.999967290690787,-0.00028848696015714044,-3.454395750600241e-05,-0.23853609108421292
7.7,-2.9615185728544113e-05,-1.905528142195859e-05,0.9999917234403581,0.0001726349792459761,-4.7318957771041564e-05,-0.23930580103836557
7.72,-2.1050658474724626e-05,-2.593086365620048e-05,0.999966632055853,-0.0019981096384987045,-0.0009003639151162524,-0.23830632160746815
7.74,-1.2841270907942871e-05,-3.3428230992539453e-05,1.0000298380202015,-0.0002466158744489508,0.00031791951107861764,-0.2383425041897096
7.76,-6.179276466645198e-06,-3.268852907504019e-05,0.999993957053726,-0.0012139246641294644,-0.001246595307634271,-0.23793150305532848
7.78,1.938513004345091e-06,-3.129443440763421e-05,1.0000177030047284,0.0005213890957620434,0.0005619974188718665,-0.23815605609327056
7.8,6.487868682867073e-06,-2.4229461886265933e-05,0.9999706579605976,-0.0001112754908794653,-0.0009097279227907999,-0.23800648987363776
7.82,1.2717849035160178e-05,-1.971469212555238e-05,0.9999841281171639,0.0011655716285565816,0.0010741221541423047,-0.2383275590793756
7.84,1.5627615926483825e-05,-1.395673916060371e-05,0.9999421719435002,0.00010949975853323972,-0.0008869390914163876,-0.23823696717916243
7.86,2.159629399219594e-05,-1.3724519095036777e-05,0.9999631545856342,0.0010310162011347489,0.0006443322560538238,-0.2386281187259274
7.88,2.412193181906183e-05,-1.3093937366668943e-05,0.9999372167732934,-0.0005279611898321448,-0.0015243746170667827,-0.23855383413526918
7.9,2.8166781594991373e-05,-1.7055349547597768e-05,0.9999697087063899,0.00039491824071800495,4.796815885436511e-05,-0.23893684761590941
7.92,2.6975408691544716e-05,-1.764484848183478e-05,0.9999400240333094,-0.0007066168683701152,-0.001624188972414664,-0.23888424381909043
7.94,2.5598627818624217e-05,-1.9805001723912646e-05,0.9999673823063187,0.0005930768263278426,0.0006753250396890984,-0.2392572257533796
7.96,1.877578439067156e-05,-1.7828962661567905e-05,0.9999355782500319,-0.00018166146234222284,-0.0005450276600484002,-0.23931002383072386
7.98,1.4007974125172622e-05,-1.8781410442217647e-05,0.9999593710892422,0.0012061809325943397,0.0017745828602107438,-0.23977619091762686
8.0,7.3603137093984995e-06,-1.8549407565178738e-05,0.999935535261657,-0.00014859386645092832,0.00015221130040869247,-0.23979750516908951
8.02,6.427997107506143e-06,-2.464632945503144e-05,0.9999642783790774,0.0008353514125869143,0.0008705455442222362,-0.2403097387714986
8.04,6.202807199851251e-06,-3.032108696366775e-05,0.9999298806683429,-0.0017578063841478515,-0.0011549935232614617,-0.2400156789725027
8.06,8.553347458133433e-06,-4.004765560758096e-05,0.9999580317574294,-0.0004651842132047943,-0.0006655964469015964,-0.24012770608980724
8.08,8.182710163255598e-06,-4.211100160380341e-05,0.999928670317157,-0.0025644591145042497,-0.000666301859258732,-0.24001336793602873
8.1,5.665724922700898e-06,-4.172853674948524e-05,0.9999852702897227,0.0006163627559706618,0.000999711954157261,-0.240496011852375
8.12,3.006763911986644e-06,-3.119728744187942e-05,0.9999526178214222,0.0002560424811573778,-0.0001258485792880242,-0.24030696095578669
8.14,3.607334100766184e-06,-2.398170982014344e-05,0.9999525120322592,0.0015233834359318645,0.0019287565478851819,-0.24071321224281716
8.16,3.4962720795098367e-06,-1.762112776202558e-05,0.9999148605606298,0.00014642659732289463,-0.00019737405879115434,-0.240669956903857
8.18,9.405605146990151e-06,-1.8997539456066116e-05,0.9999442474242499,0.000919848297778026,0.0004499907467500344,-0.24110704303464578
8.2,1.4433936871589665e-05,-2.0740861792377804e-05,0.9999208577199289,-0.0016353991150305847,-0.0015972002188835756,-0.24074128270180797
8.22,2.0322099210132547e-05,-2.6460303349168753e-05,0.9999522631745108,-0.0002855727161300897,-0.000898990569404835,-0.2407750466632665
8.24,2.1729391978853488e-05,-2.458509861969283e-05,0.9999183281893882,-0.0020858801559346094,-0.0006132619807731761,-0.2406742935055266
8.26,1.9905366943830176e-05,-2.0738261383229446e-05,0.9999772700303022,0.00138458514356306,0.0010799348568936893,-0.2411709595818817
8.28,1.77055753350833e-05,-8.568099496956494e-06,0.9999497953049433,0.0009653366975830279,7.697653111489262e-05,-0.24098727963754973
8.3,1.8338118350036415e-05,-2.7251375471124753e-06,0.9999447187951098,0.0015508569057241252,0.001975964963552963,-0.24137633882549375
8.32,1.836159301298454e-05,-6.242202262060266e-07,0.9999297931550655,-0.00034072600554988034,-0.0008251585261547436,-0.24156171671444787
8.34,2.4519021667196984e-05,-6.363937629358059e-06,0.9999574779564303,0.00018491491283928916,-0.00011931891447053296,-0.2420840418882464
8.36,2.7865078922060254e-05,-1.0039236243690217e-05,0.9999646373630509,-0.0014622495064279442,-0.0021761970600817824,-0.24168719976681463
8.38,3.057427785769058e-05,-1.4309150147980915e-05,1.0000112450982979,-0.00019050989125098526,-0.00040824123531320924,-0.24172745137520957
8.4,2.653874907325245e-05,-1.1153710147471083e-05,0.9999623526147098,-0.00044253818925354423,-0.0007523306708691705,-0.24173747118707165
8.42,2.1108176486861785e-05,-6.873878144608638e-06,0.9999798416295429,0.0019528165661086032,0.0022396616947666704,-0.24214165227593062
8.44,1.3265142174327942e-05,-2.377250239722423e-07,0.9999472071604156,0.0013681955842288558,0.0013194156528998596,-0.24209745044707026
8.46,1.2178884176021314e-05,-3.2331850688747456e-06,0.9999513382540874,0.0009336303523009102,0.002610580562937835,-0.24252116223497727
8.48,1.4822357691664917e-05,-1.2661717281386765e-05,0.9999485249853192,-0.000764858110569378,-0.0021644193446047847,-0.24272226351277157
8.5,2.6571278520437596e-05,-2.812784436686093e-05,0.999968422331934,-0.0008709225506253878,-0.002206732722089232,-0.24309289216839547
8.52,3.07770690460496e-05,-3.861980588121828e-05,0.9999979553162558,-0.0004615761800191382,-0.0008047440013282815,-0.24213782280218718
8.54,2.7414227413858607e-05,-4.371394461406359e-05,1.00002279095392,-0.0019673924791882963,-0.0006274923186478531,-0.2426023926385337
8.56,2.1415062749474607e-05,-4.628115846956868e-05,1.000062962214968,0.0012991500584569864,0.0010539132511378732,-0.24302975858579226
8.58,1.4896166719723789e-05,-4.09275947864692e-05,1.0000261611625927,0.00036232465268217325,0.0003218833721073414,-0.2428430399205225
8.6,1.1197604649034127e-05,-4.1580980135459026e-05,1.0000326068296235,0.0013364620242669904,0.00113240785089339,-0.24336544232953727
8.62,8.37451842263878e-06,-4.3895494673709654e-05,0.9999915086659613,-0.0013601443265141228,-0.0007920080016010278,-0.2431299737179085
8.64,8.647635942122744e-06,-5.245965052089494e-05,1.0000123946204633,-0.00023533044373472294,-0.0003167996053065409,-0.24334928777444562
8.66,7.215650893661898e-06,-5.517980819053351e-05,0.9999768411320041,-0.002866488948226964,-0.0010713783653699034,-0.2430661818835375
8.68,4.7826977806702715e-06,-5.667999251415369e-05,1.000017604547098,-0.00041949874254928446,0.00034690120842196566,-0.24340330110819017
8.7,1.011268090939809e-06,-4.653527241645841e-05,0.9999683797561569,-0.0008740677776177758,-0.0005339866184453197,-0.24316699541585907
8.72,-1.0134136605500241e-06,-3.511003767208446e-05,0.9999823174546301,0.0012930413793025336,0.0016902729652049885,-0.24357010364164533
8.74,-4.2253204242481734e-06,-1.992093230149974e-05,0.9999383805009133,0.0007702995081790716,6.307073626361272e-05,-0.24345345478163727
8.76,-2.1597113830560754e-06,-1.1344998253395229e-05,0.9999449547198052,0.001517847286903853,0.0015733909248523638,-0.2437217756320284
8.78,-5.800335190495596e-07,-5.743621554414502e-06,0.9999221099590874,-0.00024265518398650023,-0.001152584762496259,-0.24364888372462865
8.8,5.610581536694477e-06,-7.509164113794407e-06,0.9999532254933893,0.0003694772952748629,-0.00019260894225638816,-0.24397281090811299
8.82,7.693783218243911e-06,-7.285759642667198e-06,0.9999345429996831,-0.0012147595360743125,-0.0023603911784109664,-0.2437338814220833
8.84,8.67916206727822e-06,-8.301002119586037e-06,0.9999652092425627,-1.5083518882716077e-05,-0.0004283331117682379,-0.24387494385719316
8.86,1.975139461902323e-06,-2.5852076808360107e-06,0.9999250171188485,-0.00031899769554699647,-0.0008152577634400127,-0.24387023968441296
8.88,-6.365250970813274e-06,3.596450756290682e-06,0.9999495089774836,0.0020580470429361576,0.0022395568463035235,-0.24427907927738005
8.9,-1.74641427164019e-05,1.1734087383251654e-05,0.9999261903479425,0.001399102242293253,0.0014763741163099369,-0.2442654290683495
8.92,-2.193164416437747e-05,9.830132963502038e-06,0.9999358716922301,0.0007776309169060634,0.0021991853408505446,-0.2447027190151266
8.94,-2.2086266582937242e-05,1.1748790910822613e-06,0.9999639139335462,-0.0009938041927895125,-0.0019925332876309237,-0.2446569285467302
8.96,-1.4608371639909866e-05,-1.2524066334858466e-05,0.9999954822778994,-0.0009727969978579868,-0.0014818681540736819,-0.24475001202149313
8.98,-1.367103080852613e-05,-2.0625819250880768e-05,0.999967973231155,-0.001999315224725066,-0.005170066402394077,-0.24450767584207764
9.0,-1.7480177393368118e-05,-2.3576965037928854e-05,0.9999687388217237,-0.0014128063452120967,-0.0030896295367702593,-0.24446987442863263
9.02,-3.8808206237307734e-05,-1.4187658534690617e-05,0.9999154850005261,-0.0015974763067040413,-0.0014037394277757488,-0.2448885388370417
9.04,-7.069908153450882e-05,3.634094693176419e-06,0.9999259754752977,-0.0005464455237104787,-0.0024715579060420015,-0.24479477398503946
9.06,-0.00010635038913588076,2.8784522563110836e-05,0.9999013092441674,-0.00019568383806141935,0.001977696279980777,-0.2452000475818249
9.08,-0.00015083428063888637,5.83314262386877e-05,0.9998681169404791,-0.0005302713968172766,0.0012517432711339474,-0.2455364185675381
9.1,-0.00018745859945007017,8.669954478387107e-05,0.9998944482413339,0.0022772522759424104,0.004225410444748912,-0.24617742906215842
9.12,-0.00021886336017404114,0.00011585679670043383,0.9998650957207486,0.0023980863929082908,0.003161995577040876,-0.24625434816939507
9.14,-0.00023637929255092356,0.0001323193703223254,0.999828650698009,-0.0011458846575916463,0.0038072017485435814,-0.24623209007800553
9.16,-0.00024386022383052905,0.00013626660714001452,0.999909650430985,-0.0023815777913743716,0.0017856687870453974,-0.2460636277176121
9.18,-0.0002359665088417998,0.0001409200188660823,0.9999401223822934,-1.2568853165815672e-05,0.0017157785182232701,-0.2459768187940201
9.2,-0.0002191434382224723,0.00015281592692433193,0.999915466918354,0.0003205278915533513,-0.00017553047704290168,-0.2456407511871422
9.22,-0.00019577863420243717,0.0001631074987762191,0.9999027113251616,0.0008768019618232702,0.0014938825139414295,-0.24602699419058469
9.24,-0.00017340191862021272,0.00017234328947343184,0.9998754612499455,-0.00013127143614078405,-0.0016291830179851635,-0.2459738320185707
9.26,-0.00014613108790352035,0.0001767435752486585,0.9999044682448759,0.0009438496816665926,-0.0008096169962694262,-0.24623616450656316
9.28,-0.00012485914192849275,0.00018316343561942554,0.9998741241681002,-0.0010613747528825854,-0.001911202839174033,-0.2459501549420587
9.3,-0.00010766550739654152,0.00018670587936700958,0.9999240029751741,0.0013629673049298525,-0.0002906937677831885,-0.24631034300160035
9.32,-9.660582891858018e-05,0.00019598010122863556,0.9998902905892972,0.00029877832482175665,-0.00027809471084818256,-0.24623249847827872
9.34,-8.801776950691917e-05,0.00020023135090959534,0.9999459801135411,0.00307544958483761,0.00046174093707310236,-0.24688388177573067
9.36,-8.075508445704979e-05,0.00020362474260209848,0.9999308270893169,0.0008120833863951083,8.0821188538868e-05,-0.24700375325464485
9.38,-7.470095353728185e-05,0.00019476423721634725,0.9999540010297494,0.0009856556431659862,0.00020573400853588587,-0.24754157270018065
9.4,-6.911680529192886e-05,0.00018278688732828617,0.9999272670432184,-0.0013951903278961748,-0.0009467159679432466,-0.2461783929543978
9.42,-6.370530209379372e-05,0.00016679515726815032,0.9999804508928544,-7.178314362981049e-05,0.0001351332455966091,-0.24585455896547304
9.44,-6.051925343868278e-05,0.0001569008265804302,0.9999552441111824,-0.0009392901399721002,-0.0007867557220445641,-0.24566990600066976
9.46,-5.674576003486338e-05,0.0001471603325665268,0.9999820128768536,0.00135060998274868,0.001036318239936634,-0.24602242716025466
9.48,-5.503577457537431e-05,0.00014167596585803967,0.9999423526161346,8.603549414797068e-05,-4.2609935344449406e-05,-0.24582241449809616
9.5,-5.063694780040329e-05,0.00012998012457012174,0.999961297956195,0.0012688873224552383,0.0008024901715884854,-0.2461983490915783
9.52,-4.648243248538563e-05,0.00011801104468129362,0.999927316970313,-0.0015321145996275883,-0.0008809457871744333,-0.24595284221537042
9.54,-4.0460492876844754e-05,0.0001003631647974122,0.9999618359799334,-0.0002011273762809566,-0.00030289480323514756,-0.24623451818825046
9.56,-3.6297108988059864e-05,8.92776409405079e-05,0.999927078940569,-0.002618054139178339,-0.0011178156086888913,-0.24593258722786504
9.58,-3.3115733348152404e-05,7.92762854349654e-05,0.999971283777965,-0.00011220189489878477,0.00030258217856057396,-0.24626761683066
9.6,-3.164906046584159e-05,8.005678019386456e-05,0.9999276056378587,-0.0007761093974506522,-0.0006286562978847097,-0.2460108994495572
9.62,-2.8904198154555674e-05,8.097643307445979e-05,0.9999519314359323,0.0013204464540292227,0.0014495613731659134,-0.24638397193737488
9.64,-2.778466228268141e-05,8.53900948858093e-05,0.9999142398941335,0.0005217612112125734,-8.530854487121473e-05,-0.2462246785117719
9.66,-2.2356102081677652e-05,8.330144477308501e-05,0.9999335083837306,0.0014672873408038902,0.0012772018886746863,-0.24658649332346144
9.68,-1.7745213055684322e-05,7.933439197694336e-05,0.9999073580204852,-0.0004049615757065627,-0.0010949120463412147,-0.24640910232362342
9.7,-9.632250107691404e-06,6.846313545609183e-05,0.9999431974480067,0.0003784212365814198,-0.00021669274010103782,-0.24670022697080693
9.72,-5.248564509363626e-06,6.01511095416494e-05,0.9999245742411536,-0.0016993806501114051,-0.001985653087513683,-0.24644882885753897
9.74,-2.0688448318030326e-06,5.059964698956897e-05,0.9999538285613108,-0.0001256434051078416,-0.000532847782692925,-0.24653721412519344
9.76,-4.723866047874073e-06,4.9286362372837915e-05,0.9999226938715293,-0.0011622173153114442,-0.0008689831393398591,-0.246359538280136
9.78,-9.32577883742976e-06,4.89841167555935e-05,0.9999813060319168,0.002005537364636305,0.0012220845261855027,-0.24699766571754236
9.8,-1.6072039944857888e-05,5.3824763668619815e-05,0.9999603913550488,0.0008456735002088393,0.0010325314330897378,-0.24700864718062657
9.82,-2.005518452199007e-05,4.975516266136557e-05,0.9999894067978246,0.0004409081748291464,-0.0004369190199724676,-0.24724081242237578
9.84,-2.0944737106091067e-05,4.1516796164399e-05,0.9999885266672027,0.0007460294049580512,0.0021620347015161552,-0.24760877802062253
9.86,-2.390951749656818e-05,3.203300707517218e-05,0.9999731942023703,-0.0009628102262630682,-0.0004745309292118184,-0.24781908653278348
9.88,-1.9304751419695245e-05,1.7600387889657637e-05,0.9999930010134689,-0.00019138727232075875,0.0001286703876266002,-0.24827123329354575
9.9,-1.5569862034896823e-05,7.241224365657598e-06,0.9999620216034195,-0.0025134766316498845,-0.0017974373401895797,-0.24784624154272325
9.92,-1.1155866791996185e-05,-2.498441795117893e-06,0.9999824253282882,-0.0006844105536544348,-0.0009441725885129453,-0.2477558399875928
9.94,-1.1085890409687652e-05,-1.1368640997722105e-06,0.9999378843153797,-0.0016334151572694156,-8.323087001626772e-06,-0.24778292687920397
9.96,-1.4005240549534304e-05,3.8029271598775274e-06,0.9999723743238571,0.0008649441842931983,-0.0002276619241152387,-0.24826884307732316
9.98,-1.541175578278324e-05,1.4840119745634273e-05,0.9999348889919755,-0.00011791220223789324,-4.0165705324738e-05,-0.24870877360604285
10.0,-1.8544311060108065e-05,2.2748863605366303e-05,0.9999642364652159,0.0015784074744923209,-1.8705073986249132e-05,-0.24866866765353862
