0.02,0.4,0.8,0.5010935610971852,0.011199254691003378,-0.012306365179802308,-0.011081553290273265
0.04,0.4,0.8,0.5007763523866298,0.03138408186747751,-0.032177307619811586,-0.01474906780578272
0.06,0.399969256725935,0.7999726372596289,0.4990126446984266,0.04263315892768998,-0.04444667529078744,-0.010706856341051901
0.08,0.3998327381468977,0.7998450562172215,0.49657114549304326,0.04351853319348554,-0.04814121081443148,0.002503895889679728
0.1,0.3993963947199249,0.7994357207605205,0.4968876321129439,0.05795995294056858,-0.037706213437144774,0.009714991611071337
0.12,0.3986313838232444,0.7987274851214805,0.5001287572706525,0.057341753491676015,-0.04090135376632427,0.029151668663823103
0.14,0.3976536637294093,0.7976843087044766,0.5051905423167891,0.06914600185916053,-0.030265615361262686,0.03756341588200281
0.16,0.39642598778238075,0.7962672233982206,0.5127235873801848,0.06886767674748312,-0.03288769803615724,0.03263512837914456
0.18,0.39511344598316,0.7946322479425438,0.5194467040848193,0.06012358686869741,-0.025103027848107803,0.019715302080994854
0.2,0.3936369139554587,0.7926207502659789,0.5276427817342877,0.06343692932361,-0.029280577894557517,-0.005444559817037771
0.22,0.39208218995127403,0.7904088219671515,0.5352494365347568,0.06884993322319008,-0.04288756361916218,-0.023469616833790667
0.24,0.39044694780837885,0.7880234127100405,0.5417035010121386,0.06474987949408852,-0.04888842848481059,-0.03268801404951367
0.26,0.38861211504898346,0.7853330558938558,0.5487533323087389,0.07200798337783205,-0.04509962365570869,-0.030748266587050422
0.28,0.38647468769724636,0.7822678479398395,0.5578458323609582,0.06516237737336265,-0.05422015623115653,-0.017583983328623348
0.3,0.38408787395089256,0.7788295026516335,0.568330606498836,0.07054310284357466,-0.05272705298470262,0.007678574605962762
0.32,0.3813635149871745,0.7749997908173294,0.5810274978606165,0.061542053767719714,-0.05259090543703802,0.04518563932962949
0.34,0.3783395951420631,0.7707621028292627,0.5955926285603325,0.06514833344332088,-0.06484471795976929,0.06985785224387016
0.36,0.37513090520775694,0.7662873748985507,0.6100135999999611,0.05950732355435376,-0.06564409723057636,0.08562691090703307
0.38,0.37163157652963225,0.7614770481924418,0.6253964341960034,0.06559113589643494,-0.053487064556256333,0.09127138511218276
0.4,0.3678096587090052,0.7563204443848102,0.6422630287687876,0.06106971056161654,-0.05355268599798766,0.08457172486668715
0.42,0.3638486644737018,0.7509561690084968,0.6582459443139168,0.06546011615113342,-0.043226913970645715,0.06993908196607948
0.44,0.35967392679702886,0.7453014583635711,0.674838413215166,0.0810366552496343,-0.04388050066104522,0.04417881763698046
0.46,0.35537059173783675,0.7394157184341459,0.6909850392073127,0.08795995439869532,-0.054187641021995754,0.008496057345606808
0.48,0.35095075952169263,0.73328493516941,0.7062410015922816,0.08659603275869521,-0.053997182980081444,-0.03483125748171051
0.5,0.346319716814729,0.7268018214828523,0.7216254609321732,0.09571859878424366,-0.04458752356282129,-0.0672146072861782
0.52,0.34141285455101356,0.7199070717351127,0.738023317918307,0.0919011754689131,-0.047164001462052046,-0.08959368315838377
0.54,0.3363445512304669,0.7127149501713029,0.7537913151868172,0.09783133482103583,-0.04167316463504507,-0.10215675691359645
0.56,0.3310247107388398,0.7051225078205023,0.7703064004626027,0.09127172073415243,-0.04787690480499671,-0.10507169314919199
0.58,0.3255753194682088,0.6972917230215412,0.7855523440592109,0.07516666161650849,-0.04690687255928869,-0.0991415935929564
0.6,0.31997640899513446,0.6892355550035145,0.7996109846840577,0.06804879689675547,-0.03859338435299564,-0.08440974011546157
0.62,0.3141457462523126,0.6808794852037493,0.8141602960618072,0.07210045978637547,-0.04153957983826099,-0.06007127183437598
0.64,0.30817428192921825,0.6723171432852243,0.8281505008226933,0.0655571617064088,-0.03595293247244269,-0.02613592769748285
0.66,0.3020369073073348,0.6635018346900119,0.8420152200940777,0.04801368978310825,-0.021016867517758647,0.017758356227766798
0.68,0.2957709398949545,0.6544629742113685,0.8555971428463262,0.040528835627820683,-0.01584933380067933,0.051456683525175524
0.7,0.28944235180601297,0.6452647047223667,0.868810249094135,0.04254457804447723,-0.020733330770848827,0.07533983429701431
0.72,0.283077400277542,0.6359424539757941,0.8814164641751681,0.05015075679691699,-0.01512522424907708,0.09053531488979386
0.74,0.2766523492205461,0.6264588774702121,0.8940617007080753,0.04813641043645036,-0.020219619888964858,0.09539859476325024
0.76,0.27020403055643666,0.6168293498393216,0.9058836227042828,0.054854555248631386,-0.014995158362172594,0.09207499054793691
0.78,0.263695868376109,0.6069915171660167,0.9182257140309809,0.05137749469257697,-0.02100679784745066,0.0777815225825184
0.8,0.2571685619436185,0.5970049389844427,0.9295429545122309,0.05628624173748217,-0.016936745598650084,0.055632293629704
0.82,0.2505929886411572,0.5868525436412784,0.9403327221487071,0.06648618598732448,-0.0019427466145949558,0.02500121879392657
0.84,0.24397528938678303,0.576500405197696,0.950935386027538,0.0671316795040346,0.002833931393521983,-0.01572945787366823
0.86,0.23736624461561368,0.5659387840559208,0.9609727063123944,0.07775443787119313,0.016160406817037027,-0.046667847873480946
0.88,0.23077408667857396,0.5551132332858225,0.9712251376952054,0.07692683583720444,0.018812452023068447,-0.06827186350383224
0.9,0.22423338120209715,0.5440402826163577,0.9808906498888117,0.06596106722965847,0.029650318037665636,-0.08024016892506325
0.92,0.2177430793378838,0.5327462549246704,0.9896538148594923,0.06486172064129726,0.031265918168658285,-0.08426889714297468
0.94,0.21134053998857194,0.5212475857764038,0.9977191493436814,0.0740411519422035,0.02347626414773167,-0.08007029754351123
0.96,0.20506395976637642,0.5094586858988508,1.006401876416442,0.07176991189386635,0.025616497227762634,-0.06465317060990283
0.98,0.1988375617155513,0.49750805351063243,1.0135081536815753,0.06111826405538754,0.03471902953040163,-0.041262565932893215
1.0,0.19267004801277937,0.48539841631525704,1.0190794388214086,0.04891351917073485,0.035971503125495935,-0.01105469591288492
1.02,0.18659527063802994,0.4731417835146508,1.023339067821767,0.04604477342609536,0.034186461825061236,0.027015707133211057
1.04,0.18062168075153145,0.4607726283133917,1.0262924168992842,0.03514047936740805,0.04204281841055622,0.05767929744929942
1.06,0.17474539940189376,0.4483066577797324,1.0278384166646202,0.03172044050913753,0.0414376815374629,0.08011094731311798
1.08,0.1690073827277365,0.43576078562744436,1.0284220247244358,0.01981582306961535,0.03160616715246234,0.0937566580635142
1.1,0.16341502073217593,0.4231428038980161,1.0282281143844796,0.016209070831259262,0.0320494974969223,0.09895195138802178
1.12,0.15793381829572348,0.4104897292535341,1.0272223296962355,0.02096504717917822,0.022832837480876833,0.0952743471821118
1.14,0.15267543312066506,0.3977703796301106,1.0287266523125214,0.012549298964823825,0.027674631445379003,0.07940411132037475
1.16,0.14751915051784725,0.38499639868066965,1.0301500057686765,0.013654658038641219,0.021831518378678534,0.05373239979389937
1.18,0.14246588073667313,0.372205051186737,1.031010311513808,0.005445970122869609,0.026181194308703994,0.01924870978290823
1.2,0.13749983854060804,0.35938651443732167,1.0315168960884065,-0.012785498263619228,0.020476650048735955,-0.011279945772503606
1.22,0.13260858848040014,0.34657248337499447,1.0306929083960605,-0.02170290452861899,0.0223148194842707,-0.03383726596800336
1.24,0.12779350256000327,0.3338181033379659,1.029323189368336,-0.03814338531913527,0.015087299184907546,-0.04721143406217787
1.26,0.1230535714003733,0.3211433342287931,1.0270154770210216,-0.04467842722249664,0.016381047387267037,-0.05230312364275241
1.28,0.11838909808853848,0.30863879631991176,1.024884035949002,-0.03984668823573365,0.008026078551920841,-0.04705982858650013
1.3,0.1138173663086939,0.29635360763796564,1.0234610543347797,-0.046709869841495825,0.010882553780933345,-0.031670214071919556
1.32,0.10927298151809868,0.28416957287893874,1.0202708388030461,-0.045239041791467496,0.018440005316163733,-0.010540357493186115
1.34,0.10477333727503339,0.27214694351938573,1.0162941865424098,-0.05355110107750786,0.01786362300530391,0.019596278306889123
1.36,0.10034135249791577,0.26028728027372333,1.0116611229648247,-0.053082941397895406,0.02701742715779109,0.04033209473450319
1.38,0.09597673339618125,0.24864063776998024,1.0067682942589773,-0.062139149719492685,0.025069508038589344,0.05216643766664197
1.4,0.09172683870152698,0.23724696735427692,1.0023426989986797,-0.061119883973034105,0.034217593167815974,0.0530495546431635
1.42,0.08765141360532094,0.22636000858585018,1.0017509106132922,-0.07043559137450897,0.030043935154521906,0.06631926118761333
1.44,0.08366197631010491,0.2156513333231344,0.9998526844366851,-0.07218893062711135,0.03451313563447249,0.0710539157125977
1.46,0.07974004965311765,0.2051349419631077,0.99650514354481,-0.06651836224662215,0.029620651902762044,0.06871402402954647
1.48,0.07603680778170754,0.19517615262565952,0.9965350142953221,-0.07502335622664813,0.03846670666441692,0.05203774334309773
1.5,0.07240552739632704,0.18541449134965826,0.9953436305526069,-0.07570513983041191,0.0375426875903933,0.02798158812838492
1.52,0.06886171531633156,0.1758502453244015,0.9926392036625344,-0.08429465277014798,0.0446155173435692,-0.004336873661685084
1.54,0.06544158726725392,0.16655688277351938,0.9893875462391969,-0.08228394779180902,0.0433238511802106,-0.026829756906133286
1.56,0.06223839086073157,0.15767371582701545,0.9869468485281517,-0.09175338703354068,0.032129842297506796,-0.03763345323875578
1.58,0.059295139176559306,0.14925859014971118,0.9862121812755262,-0.08759558847244935,0.033671666494302775,-0.03781267058647867
1.6,0.056591635422904366,0.14145621452801013,0.9882005236606077,-0.08390177296197092,0.023457474562750092,-0.02430795055148546
1.62,0.05398883274599816,0.1338911506199119,0.9889062471713703,-0.07247612658125081,0.021634652474389247,-0.018121369813524264
1.64,0.051505418314491,0.1267160828181984,0.9902587159550595,-0.07259905786486676,0.031307119426643555,-0.002299946099249888
1.66,0.049078365726665116,0.11971765600425041,0.9900255510599739,-0.06387815669616483,0.03423573629219335,0.02147189564733601
1.68,0.04679807498348732,0.11305959599730786,0.9904495029237901,-0.06615375613480742,0.024521147468610217,0.03552410610541245
1.7,0.04464273066891919,0.10664993135336093,0.990679495273875,-0.059316033963299424,0.02494353516370206,0.039321929260546486
1.72,0.04259148708620933,0.10055539809607922,0.9915834382044513,-0.0633294812733199,0.012775331234152709,0.03337279949865786
1.74,0.040591940564337,0.09459957841278174,0.9907582863001019,-0.05886426080004501,0.006078372880688864,0.03332795709584396
1.76,0.03864790583657495,0.08896993121924475,0.9910272632728199,-0.06574734258639026,0.010992075938442833,0.021536479770500598
1.78,0.0367212735497788,0.0835672817448924,0.9911177426584342,-0.06305582565016557,0.004629689022916163,0.0009286431260829311
1.8,0.03482455617189351,0.07836298276338349,0.9902061771745782,-0.06881406136133203,0.007194315431166366,-0.028627722842163347
1.82,0.03295023744943956,0.07344658423474373,0.9898504959978315,-0.0628039726259355,0.007282225551717164,-0.04736312659644338
1.84,0.031118020688830874,0.06883652363303173,0.989962502192942,-0.06841525939243093,0.018449795882203617,-0.05652378514644666
1.86,0.029350236095511493,0.06461256347323042,0.9922609893217705,-0.0603839798775203,0.017984059722411492,-0.05264307164588194
1.88,0.027651571218887207,0.0605963866907248,0.9936578332338227,-0.06197726890016886,0.00965428678248004,-0.039672548730970425
1.9,0.026030013403324795,0.05679622861369383,0.9947012810452673,-0.05284040459770007,0.011062993075792912,-0.018068403757637935
1.92,0.024443564720932058,0.053170443194647275,0.9945933192068178,-0.05281564435615262,0.02105725941816306,0.011179444739739123
1.94,0.022902726226490297,0.04974142449552638,0.9942343279492908,-0.04223622251113344,0.02144798358361096,0.046474046582195824
1.96,0.02145531604441718,0.04655428536578104,0.9944486996927147,-0.04228534832804037,0.03292854265456559,0.07070151464932482
1.98,0.020096818084423238,0.04356455735616238,0.9952409101571555,-0.03195615286931049,0.032138593520382716,0.08502751856858591
2.0,0.018861894393284395,0.04076007097654606,0.9962072482678536,-0.031996147759352986,0.019645975744882676,0.0898282553239339
2.02,0.01770507014503551,0.03804900313384141,0.9958775132853752,-0.024474321012783917,0.01602626048480576,0.08629608005535956
2.04,0.016646609302303175,0.03553649498101359,0.9974553584784157,-0.02934292496977038,0.025253306054699307,0.07048633505991438
2.06,0.015646519059243972,0.03313304723719989,0.9992531018871328,-0.02425387522773359,0.02299866527104298,0.04503042148895104
2.08,0.01469413820237741,0.030794667029746644,0.9991519431405028,-0.02204654586364274,0.028521346141374245,0.0144523778029723
2.1,0.013800307577951677,0.028525018503518514,0.9977667681814203,-0.02879158790143225,0.026285000557857714,-0.007934396496500039
2.12,0.013025362481700236,0.026351491478540698,0.9966486575365769,-0.025393453816057152,0.012581543986070752,-0.03933864406572175
2.14,0.012354897981798557,0.024291852036010336,0.9955250480409744,-0.010397616438638735,-0.010374984212096462,-0.060968550613634896
2.16,0.011770000809000352,0.022389865467499964,0.9967430524326365,-0.008821364403278036,-0.020328144434524957,-0.07046652289686202
2.18,0.011149448192473141,0.020530552085522746,0.9977610274795651,-0.018030538725679866,-0.020668526798535834,-0.07049498302235052
2.2,0.010413508290587209,0.018733238478350563,1.000755503495015,-0.014030046031996219,-0.008834895857672165,-0.058685943556330514
2.22,0.009633391364510021,0.016982717108565373,1.0021460979478767,-0.018709766554577578,-0.0036925937055635465,-0.039614351974121685
2.24,0.008837449291918757,0.015263774407399074,1.001681630585069,-0.015329443183072767,0.004750505336528232,-0.015317706782102468
2.26,0.008032452021891977,0.013608675366373588,1.0006055520971258,-0.022128761976965842,0.004545767541788614,0.017979971782096534
2.28,0.007245217917809016,0.01200722551926086,0.9990309231424794,-0.01835666241677798,0.013483466611524712,0.06015109848028686
2.3,0.006482068955875172,0.010532427239680479,0.9991754210936314,-0.026467441729665305,0.009139966426325682,0.09077454306076738
2.32,0.005765195495035948,0.009129556333292498,0.9990914004170868,-0.02520457877350729,0.01537405289957698,0.11166724364005677
2.34,0.005075899727981471,0.007837275216550523,0.9991095821820236,-0.03392143005812436,0.010243649907294119,0.12294321179034227
2.36,0.004457034248093389,0.006696026356142363,1.000808313829731,-0.031039223861209553,0.017917428021295142,0.1221904190645931
2.38,0.0038571829772263973,0.0056632227898886275,1.0016606974072266,-0.019639298287253124,0.015533211367054604,0.11320199722971407
2.4,0.003298058638476037,0.004726106176703286,1.0014644899323402,-0.01672663676627155,0.022391700856455466,0.0956507485472142
2.42,0.0027901633145222655,0.003871481989734593,1.0011890090879274,-0.023552211241242942,0.018056463794828385,0.06867653541557892
2.44,0.002351686094402408,0.0030802327100775064,1.0003274479957114,-0.021706940474975053,0.023781126439030242,0.03258375176196253
2.46,0.001990706650742152,0.00240602770291389,1.0002496315993887,-0.03166013368192391,0.018875047631029186,0.007462638652374163
2.48,0.0017244574892891487,0.0018244155149126965,1.0003458893708321,-0.030881237908238192,0.0031727399529744554,-0.019149627883687195
2.5,0.0015280718573433346,0.0013621549988757499,1.0002582389627916,-0.019012613308053455,-0.002574594290776929,-0.03667274026993958
2.52,0.0013466493063803628,0.0010215025876774446,1.000183496443668,-0.01770323388952002,0.0020950679039475955,-0.05271444401850934
2.54,0.0011581477398462192,0.000754706731938003,1.0000417917574358,-0.005523765581340523,-0.002685556146846317,-0.058893207490693385
2.56,0.0009822691304283012,0.0005605536127133618,1.0001022813548903,-0.004576061754892792,0.0027974445894370114,-0.05521836471586533
2.58,0.0007975271744022213,0.00038824276397960827,1.000065637891246,-0.014566961809855984,-0.0012355190007178492,-0.041909926279816295
2.6,0.0006256386902252864,0.00023448540731140765,1.0002800204432838,-0.013107500782711218,0.004842192119068778,-0.018663260306551764
2.62,0.00045172681583734284,0.00013148173540196808,1.0000402945845475,-0.0013266409611504394,0.0017125543723886091,0.013847120111948916
2.64,0.00029948971820608597,8.366858854355617e-05,1.000114619104007,0.00026549268133922694,0.009752470727698099,0.03607320416535913
2.66,0.00015374951906134792,4.097448984536699e-05,1.000031547830627,-0.00893927854900447,0.008384542123738351,0.06774988047438221
2.68,4.671387606096529e-05,-1.3434085098997192e-06,0.9999837417044294,-0.00849508748268417,0.0008061346300443365,0.08968335560809312
2.7,-2.9288037240958765e-05,-5.793866844330658e-06,1.0000039118042905,0.001687088371045346,0.004180722902397978,0.10162703091385787
2.72,-0.00010506438168269108,2.3163795850727237e-05,1.0000186518898773,0.0020993560695635773,-0.0035778552610306767,0.10388646737997917
2.74,-0.00016427227780877422,4.731688406275757e-05,0.9999254571326618,-0.007186534405969011,-0.0004920290020437516,0.09660819572585666
2.76,-0.000236032967148299,6.217589815271208e-05,0.9996839303976975,-0.006974064412910788,0.013433385226093128,0.07980178545882381
2.78,-0.0003128767470179166,0.00010790505229375173,0.9998687200350771,0.0035464171859870782,0.015850584750437626,0.05297672082820387
2.8,-0.0003408017479257646,0.00018413800590733593,0.999939752540812,0.0033683776899588367,0.008796103949595993,0.03582884982545005
2.82,-0.00031147968703428014,0.0002506545610425648,0.9996633608014136,0.012978715017090189,0.0118720216075598,0.017200497559269563
2.84,-0.00024089369770968443,0.0003029801448029143,1.00010035462922,0.010765131944667074,0.004288229455927683,0.009122793909763144
2.86,-0.00013387312561371055,0.00031671835078495286,0.9996343605398057,-0.0010279203677533086,0.0050774232902655895,0.00974634158055926
2.88,-8.409700374299484e-06,0.00028513141841509987,0.999473394196555,-0.002635810730956081,-0.0053887420136398525,0.00018759009035049947
2.9,0.0001387022198267429,0.0002581944012077702,0.9996848437635799,0.007347364064182653,-0.005593026078131018,0.0007294498880565762
2.92,0.0002653382513596157,0.00024123167047565582,0.9997533691870757,0.006411295570290549,-0.015304981863881564,0.010827052642593685
2.94,0.0003690321955669663,0.00019423228228513957,0.9999893797543552,-0.004500839126368943,-0.013704712772663072,0.011119990320472102
2.96,0.0004229209419991107,0.0001258058516618637,0.9995686292941857,-0.0054088890986501706,-0.0033454102933899717,0.020315113411603164
2.98,0.00041193472837290727,7.793181631893535e-05,0.999941561455776,0.00465525305417707,-0.0050466450417250485,0.018948926228467274
3.0,0.00038872696620286575,4.900187543723094e-05,0.9999345334644889,0.005443916123968329,0.0036584358385960466,0.008318177814545457
3.02,0.0003469464217762373,2.281657194844945e-06,0.9997576086241268,-0.004629219263755705,0.002771674476164948,0.007108869129960862
3.04,0.00031896698896538274,-6.452393854705613e-05,0.9993781122619014,-0.005177733250210711,-0.00875980270312588,-0.003601344184230848
3.06,0.00030418444731207257,-0.00010891250604722649,0.9998892591239387,0.006492539281895768,-0.009339189627317607,-0.00366689336388745
3.08,0.0002584135276857054,-0.00013478953937900832,1.0000264188386179,0.00892991796466727,0.0004971237262321681,-0.012994090950171181
3.1,0.00017931241706245745,-0.00018366191157120047,0.9998071055824432,0.0007192534386156361,0.000994481013739662,-0.013167884962542021
3.12,0.00010164653206468082,-0.0002646503663257773,0.9992664638923552,0.003127571587206529,0.01069448997214477,-0.003945101623405124
3.14,2.924163190739563e-05,-0.00034943628714899534,1.000082952918534,-0.00717302017467829,0.009048268518946396,0.01647868976821439
3.16,-9.982759078306234e-06,-0.0004439797062156733,1.0000791854811835,-0.009018809334119004,-0.0023363336352489965,0.02822392649587599
3.18,-1.5853954587994875e-05,-0.0005111244079188675,0.999887232458198,-0.001498652222715666,-0.0030249711340750267,0.03030645815310247
3.2,-3.2376737403870485e-05,-0.000541391643456059,0.9998899637930846,-0.00402670681745376,0.007414589191607831,0.02232653797561592
3.22,-6.0829047741615935e-05,-0.0005661620877990314,0.9998641088291608,0.00323011972500389,0.006934330599289212,0.004746676847600536
3.24,-6.003024056574286e-05,-0.00057418361177475,0.999909587800509,-0.0005046044200610582,-0.0033325261371602542,-0.0029435030622801564
3.26,-3.243192664857893e-05,-0.0005945283004409679,0.9998913350990448,-0.014007157487652888,-0.002748798392054122,-0.020160287050638805
3.28,-1.8104607936054066e-05,-0.0006128106498670239,0.9999304971017121,-0.016485312368165195,0.007586820576721109,-0.0275977008504413
3.3,-1.3550883429824287e-05,-0.0005754133432558569,1.0000085362230142,-0.008563892549269335,0.007427421982672586,-0.03560945078566402
3.32,2.0551296990100725e-05,-0.0004782302201416789,0.9998425921376543,-0.011257878352168163,-0.0019699821334978524,-0.03404242944782319
3.34,8.894245491721283e-05,-0.00034429246776072615,1.0001974660637585,-0.002160742785470288,-0.0008964014126023081,-0.02227751245332088
3.36,0.00015208559523978302,-0.00017340001513429045,0.9999065654229524,-0.003273105293304116,-0.008562934872240158,-0.0015615401073462792
3.38,0.0002115088864173171,6.784357176555769e-06,1.0000216842690206,0.007179485436790559,-0.006064869598558241,0.029270979836848437
3.4,0.00024017130924923078,0.00019861786155605797,0.9998054832735013,0.006849280210585528,-0.01285506200495172,0.06934962728944097
3.42,0.00024403346279493998,0.00035915974206890736,0.9999032382951364,0.01675824663404314,-0.008287659639505507,0.09927038423947536
3.44,0.00020111493674065064,0.0004903154143511603,0.9998685075050048,0.01737474281860026,0.0070726767301456505,0.11965712334888848
3.46,0.00012923552889217588,0.0005443229421201384,1.0003164172127883,0.007810864342047182,0.010996816560679325,0.12936360391419627
3.48,8.678316005066058e-05,0.0005453117161504567,1.0000724664110439,0.0070093416764665465,0.0050807753781522205,0.13009379835886964
3.5,8.738609587265767e-05,0.0005234494393616508,0.9995199486513255,-0.003276107734410605,0.009782347254648402,0.12158636423032207
3.52,0.00011734921521739872,0.00047054626448089407,0.9999847652262581,-0.002479841890749786,0.002310106616996022,0.10212103999600396
3.54,0.0001770278919820223,0.00043186049875648864,0.9997225728447514,0.006936026346075559,0.0049324838076155305,0.07384196042685591
3.56,0.0002456019894474135,0.0004050236467269731,0.9999135176218419,0.0050246704111172776,-0.002959338135041657,0.05245930341709273
3.58,0.00033316147868745686,0.0003552316687664927,0.9996903860505186,-0.006165156178244314,-0.0005131437065800893,0.022030143126861423
3.6,0.0004088356788079342,0.00028277560976897097,0.9999364585789355,-0.006748789565821462,-0.009649317747763612,-0.018654394776590144
3.62,0.0004821037517767285,0.0002326123320074442,0.9998761918090291,0.0033278418517108032,-0.009203710226446032,-0.050024322611573115
3.64,0.0005184299925122626,0.00020932458952307385,0.999769396708242,0.002234742362514602,0.001075520007130588,-0.0717013560016096
3.66,0.000516704895670655,0.0001744216801637762,0.9998053701939502,-0.01020537748741449,0.001269544990832829,-0.08355695442292752
3.68,0.0005185722574089646,0.00013047304404137196,0.9998560505567357,-0.011587998770376265,-0.008406215607337689,-0.08562974978989212
3.7,0.0005298795364293361,0.00013144643565341237,1.000446741725532,-0.0012166070095294703,-0.007554206895133277,-0.07750030799136408
3.72,0.0005195631972911226,0.0001683198701193817,1.0000439419509974,-0.00043125162194728936,0.0017476940894002205,-0.06105646570970988
3.74,0.00047680842563299153,0.00021300661776278715,1.00008408509359,0.01182375298725303,0.0005494808574486507,-0.034282537333997914
3.76,0.0004408223526767856,0.0002588889570079321,1.0000073047932323,0.013030113269453972,-0.010278975363201734,0.0019921136306030357
3.78,0.00040545625260898733,0.00025610917270607136,1.0001187690845483,0.004128269053692573,-0.009608000882600963,0.02842677296996224
3.8,0.00033256633990224184,0.0002055295332886594,0.9999725804889336,0.005969804908642954,0.0003319818851403198,0.0643248213852212
3.82,0.00022169103342625307,0.00013734657298701092,0.9999166204683891,-0.002685426803356406,-0.00011026800183639224,0.10023169372842748
3.84,0.00011374798390268378,4.561690034559554e-05,0.9999165968318008,-0.0013481704773475897,0.010640198987592057,0.1263061790682682
3.86,4.364821129482254e-06,-3.530123759301637e-05,1.0000318791035103,-0.009852722940291124,0.010248116317575162,0.1424150740520765
3.88,-6.413397783339717e-05,-0.00010563526305426365,1.0001550566019002,-0.008712420382550011,-0.0011201572793555017,0.14878818564266624
3.9,-0.00010133796961707902,-0.00013587833866902748,0.9999299379697494,0.0015713082727437063,-0.00202949866611786,0.1456789138831321
3.92,-0.00014839761805434916,-0.00013127991611519126,0.9999051975690343,0.0017580475570135533,0.008208908682381931,0.13253126821791347
3.94,-0.00020210760283087483,-0.00013363394267608368,0.9997180267648934,-0.007559262641631822,0.007560686397370564,0.10979178294701229
3.96,-0.00022033452254700023,-0.00013877194257733077,0.9998454283351983,-0.006571710856560752,-0.004467024536957647,0.07697846543817702
3.98,-0.00021286703224497245,-0.00011186826978040871,0.9998929815242837,0.004042463671064644,-0.00542489651506384,0.034430420994982766
4.0,-0.00022383178023936727,-6.191674001223649e-05,0.9997360511798646,0.00493814671474333,0.0043438741732650474,-0.01751497236793336
4.02,-0.0002564152800932456,-2.931099787125925e-05,0.9997533859732355,-0.005554021940719643,0.003836836027873452,-0.05948223870509463
4.04,-0.00027223862233109817,-1.6440580985313033e-05,0.9997818843927022,-0.005100050780291627,0.01296729331640892,-0.09158106456665276
4.06,-0.00027124460038721566,1.789353486016868e-05,0.9999297085397896,0.006481664960170713,0.012342399022820279,-0.11360449912931142
4.08,-0.00021811887437125186,6.736883742906329e-05,1.000053675087082,0.007265300265524321,0.002120526641141591,-0.12586725873201318
4.1,-0.00012420154282941835,8.903615450769708e-05,0.9997995413907342,-0.0022666452795284463,0.0010903439582399988,-0.12872519199348395
4.12,-2.581322187445687e-05,8.216653162335951e-05,0.9994413379489951,-0.0009390093218563125,-0.00967137492210784,-0.12203762723660486
4.14,7.87927923502e-05,8.497642927882789e-05,0.99975272722028,-0.011429919963896982,-0.00968163684587224,-0.10475789215274144
4.16,0.0001460409416871684,9.607308519781595e-05,1.0000733434260376,-0.010852823320584204,7.963523723397456e-05,-0.07779778254856096
4.18,0.00018262558295669925,0.0001520952571643256,1.0001031029954968,0.000257438468433254,0.0003635812268927139,-0.04134480084732463
4.2,0.0002225331854151794,0.0002473539265004288,0.9998452259183566,0.0005342601941098528,-0.008654769272244425,0.004462575111817081
4.22,0.00026388897854365506,0.0003413922700346938,0.9998661824170861,0.012174962228433723,-0.007844652343477775,0.06015303729325566
4.24,0.00027152705460112693,0.0004331246808613374,0.9998601472983393,0.014403343079214556,0.003749768357857157,0.10602199873660699
4.26,0.0002507438562277732,0.000474244733979496,0.9999370118109828,0.006957531056469391,0.0044296822647792704,0.14171910057597736
4.28,0.0002494294058777913,0.0004637610918684787,0.999796808960152,0.008842264964082578,-0.005423096114305944,0.16774210512434376
4.3,0.00027076254249902104,0.0004268667882738657,0.9999554854131083,0.0004655828890654438,-0.0037415697086056387,0.18376185653492075
4.32,0.00027813439399779156,0.0003553322541975689,0.9997965062197944,0.0015349005694410378,0.008630300411801954,0.19051422416362318
4.34,0.0002703931625505299,0.00027905681236247066,0.999921654792608,-0.007439816461575551,0.009598206772817447,0.18708035509250381
4.36,0.00029842994548780465,0.00020336164198527472,1.0002078958945377,-0.006443369011509493,-0.0005998088056200618,0.17372751855617652
4.38,0.000352906395238487,0.00015763830102034104,0.9998623094078228,0.0033396838811844257,-0.0006227788035891821,0.15134374395808253
4.4,0.0004000804158861432,0.00013853414222928195,0.9998550310774628,0.0030966918324947185,-0.012159124807698058,0.11890033524963883
4.42,0.0004467689474956423,0.0001058917379289724,0.9999194834398245,-0.006974019508604264,-0.012752027867528644,0.07683175703757789
4.44,0.00044755164662833467,5.557531615459185e-05,0.9999820720705755,-0.007407585468384722,-0.0023384734737911684,0.025147610029581564
4.46,0.00039792146463968705,2.803265215500165e-05,0.9999291799184908,0.0018657962600323057,-0.0025719199900262973,-0.035825489950119124
4.48,0.00033861014951674115,2.8806899645834315e-05,0.999807744408238,-6.9105860869073e-05,0.00700627343123108,-0.08701454533481481
4.5,0.0002684992703408468,2.2289665650660185e-05,0.9998797568141321,0.009133332058040275,0.0066827309275604985,-0.1280352504909894
4.52,0.0002255788088559616,1.3680079645028106e-05,0.9999158351631166,0.007583696304028191,-0.0032919991153238194,-0.15928013462442017
4.54,0.00020387581439232886,-3.336602853275319e-05,0.9999102293408917,-0.004756626646485678,-0.0037693372685512743,-0.18060512433640502
4.56,0.00016372605349965815,-0.000109256270504518,1.0001308986129078,-0.005858526807915257,0.00564927896396245,-0.19184607155305675
4.58,0.0001140425112307421,-0.00016712869137326105,0.9997837139293307,0.0031741213004326933,0.0061262240844165185,-0.19396577886471106
4.6,9.327613942883013e-05,-0.0002046965598729089,0.9998508462190974,0.0006746542009420058,-0.003592621065892261,-0.18580201613830694
4.62,9.368029048254021e-05,-0.0002590627333274442,0.999915603118555,-0.01273690335140934,-0.0034558730218559293,-0.1678067144785197
4.64,7.995524871336207e-05,-0.0003133827628298368,0.9999254759498754,-0.01509819935524601,0.006387904448650628,-0.14021842530749584
4.66,6.1003574372793913e-05,-0.00031390366936491786,1.0001075868180418,-0.006249326781249536,0.006185914219184649,-0.10254049426040977
4.68,7.247140231088531e-05,-0.0002637529400708943,0.9999738168633207,-0.008141191835959016,-0.003191236037559544,-0.0554945555314791
4.7,0.00011184969793591547,-0.00019069475327473744,1.0000300995445237,0.001276594273044193,-0.0027327216954756914,0.001253895358535846
4.72,0.00014111343267018394,-8.707201151916981e-05,0.9998532759244645,-0.0003343841748564652,-0.011638319694805336,0.06732592653739501
4.74,0.00015899005749489618,1.1141143585883398e-05,0.9999173179972922,0.008114198078930657,-0.00938636041295144,0.12310368323920652
4.76,0.00013230329553762948,0.00010755473287276318,0.9998901954524657,0.007327560681812518,0.0036580818137957613,0.16909607486502487
4.78,7.247805116437247e-05,0.0001671962182077688,0.9999290630883223,0.0005836043965832386,0.005778813633712351,0.20490245694777806
4.8,3.134871141669513e-05,0.0002013270020617755,0.9999014563708614,0.003400619259394516,-0.002924628671833442,0.23091658358084283
4.82,1.3182137052224059e-05,0.00023782958923636665,0.9999231992107673,-0.003716745991293009,-0.0005013655036536018,0.24714829938564067
4.84,-1.3112317059002641e-05,0.00025863856866469823,0.9999609402337926,-0.0010234699045028714,-0.009037500113329374,0.2535865567716591
4.86,-4.5185287424525636e-05,0.0002938994167907171,1.0002348828442396,0.011701385040058066,-0.0062789439295761335,0.24990411387017744
4.88,-0.00010853139083368538,0.0003246948013261104,1.000064168277973,0.015263752120706032,0.006845320488626707,0.237114417590245
4.9,-0.00018383828022073485,0.0003069209533128361,0.9997391996373488,0.009314885624356268,0.009200193343390485,0.2145967999203672
4.92,-0.00021698689382292769,0.00023477011997539353,0.9996056571672437,0.01345751469921092,0.0005155321687036531,0.18199053299439685
4.94,-0.00020359802728415528,0.00013240296398840884,0.9997908015588752,0.007263325074822659,0.0032279484216684667,0.13949133911753775
4.96,-0.0001796369701295931,-1.7145824183262395e-05,0.9996520254098793,-0.008055649383733014,-0.004918909418429405,0.08769762610201519
4.98,-0.0001378487947261141,-0.00019518623262100693,0.9998359407573983,-0.013245342130173181,-0.0017696259099175486,0.025957380520928636
5.0,-0.00011686293602345237,-0.0003449466202799451,0.9998046374349608,-0.00862802869738866,-0.00927748821137124,-0.04494169139485642
5.02,-0.0001046227058005687,-0.0004400707930606883,0.9999846516293088,-0.01529308770935419,-0.006711337646503274,-0.10568248280076153
5.04,-0.00012542019835564148,-0.0005015101379731828,0.9999635638352139,-0.011625751016335,0.005435906295203676,-0.1568060506260579
5.06,-0.00016642114246957654,-0.0004993014823833405,1.0000180740330138,0.0028794808242007925,0.008167994993011135,-0.19767243447326663
5.08,-0.0001794816649443958,-0.00045578664840581067,1.000036728389257,0.006522076494077822,0.0014829383089188962,-0.22868981901911545
5.1,-0.00016406533910077092,-0.000429239221721035,0.9999596441804516,-0.0006141448655882984,0.004373332389867601,-0.24996610394411645
5.12,-0.00014879899260918845,-0.00042957716977307515,0.9999790445613591,0.003426946074102102,-0.0027200382711571737,-0.26140416554162993
5.14,-0.00011531940482650497,-0.00043193604820851125,1.0002306195277721,-0.0037638772581868843,0.00028665914218527124,-0.26277261036337624
5.16,-9.32318628971577e-05,-0.000442728129306011,0.9997968216997665,-0.0009605688651960639,-0.005579085896284865,-0.255317699488162
5.18,-6.534261850311869e-05,-0.00043699542946730295,1.000082391339763,-0.010015507553159043,-0.0006281270518502326,-0.23729211786590593
5.2,-5.56892450272595e-05,-0.0004230063726297041,0.9999803795350645,-0.008698060352896142,-0.004930215129821457,-0.21001770083291407
5.22,-3.893420820835898e-05,-0.0003687391325825324,1.0000351573084325,0.003925809266188577,0.0006114994837508956,-0.17297370473406135
5.24,-3.3649659080487556e-05,-0.0002782038056990729,0.9999781005684198,0.005544645762570123,-0.003451198662320032,-0.126385522260692
5.26,-2.8658389021505208e-05,-0.0002034031037036696,0.9999436539926408,-0.00372024373841793,0.0025091664653375334,-0.07011969372348546
5.28,-4.050506605678009e-05,-0.00014934657064813136,1.000072569781911,-0.0018844075022431306,-0.0015972359439017853,-0.00410466002992195
5.3,-4.232962672716312e-05,-8.252527509077343e-05,0.9999043257685898,0.01073137377741852,0.0032190718743566058,0.07099837879054602
5.32,-5.0645369734937545e-05,-8.033864680307969e-06,0.9999009612876825,0.01253584463526377,-0.002853483214334773,0.1451946536099271
5.34,-4.348032058811138e-05,2.5586436533990158e-05,0.9998731276348432,0.004638284112604872,0.002402542353837519,0.20954870752699645
5.36,-4.022014256119026e-05,9.678658365429947e-06,0.9997873123493727,0.00639899860526382,-0.003111755665612631,0.2639311064008029
5.38,-2.3551641038970823e-05,-2.2549271496083363e-05,0.9998272828959576,-0.001735442460645515,0.0027668117116257814,0.30833352474161774
5.4,-1.2096932834105824e-05,-8.198551281775242e-05,0.999843762572716,-0.00011148708666524109,-0.0022263067731866167,0.3428897270458424
5.42,7.609189881652603e-06,-0.0001316115127230109,0.9998558061803341,-0.008242962612531084,0.003857404950872224,0.36763974734514376
5.44,1.8925864754790337e-05,-0.00018372255622353678,0.9998714017802265,-0.00656278731874001,-0.0010317229678725376,0.38264947436117264
5.46,3.273206687550268e-05,-0.00020017722997932774,0.9998898136530575,0.004830847961528054,0.004971112279213368,0.3878127798523326
5.48,3.302542783026607e-05,-0.0001940215901067586,0.9999505178486354,0.006437640155756339,-0.00019824519581489598,0.3832129327100914
5.5,5.80401995399923e-05,-0.00019783924764530072,0.9999365784129484,-0.001722770813753227,0.005521892214979498,0.36904835220553683
5.52,9.157710188080834e-05,-0.0002248799708838885,0.9998449097265304,-0.0001443910561074305,0.00042876970425928393,0.3452385203070007
5.54,0.00014258648435417848,-0.00023799303718537892,0.9996974362707197,-0.00840437194403249,0.006113851785537773,0.3118041748606094
5.56,0.00019507053689250519,-0.0002498944692255115,0.9999046879538582,-0.006305525424981273,0.00035422462316613386,0.2683188304721446
5.58,0.00025898112922203306,-0.00022683854440637256,0.9997307568925378,0.005424723202056805,-0.01563989121265044,0.21564986070722972
5.6,0.0003172299069910778,-0.0001777611693500216,0.9998547389909024,0.007177169769987973,-0.020147010102757504,0.15302066463764724
5.62,0.0003199093627389786,-0.0001627287310457574,0.999991377711386,-0.0009252202913595398,-0.013809419752466365,0.08093015675341447
5.64,0.00025266811787550124,-0.00018547680114503487,0.9999230107183071,-7.279688265448405e-05,0.0033274352211919538,-0.0002651470594349072
5.66,0.00013124249178175307,-0.00020896753237087704,0.9998536895525344,-0.010871752269378513,0.010261428573406315,-0.07157145221455778
5.68,2.3775756751227988e-05,-0.0002321397649804005,1.0000300743375965,-0.010257180895691852,0.006940359689068399,-0.1325337905144902
5.7,-4.435646173596739e-05,-0.00021925989785261904,0.9998500627561466,0.0008482160157271066,0.013299585151568403,-0.18411491327598614
5.72,-7.686556127453582e-05,-0.00016643615640524802,1.0000692637066253,0.0004738077586994811,0.009573932533003341,-0.22527288903572978
5.74,-6.393076990818325e-05,-0.0001251461902523606,0.9998835060829162,0.010907347889134902,-0.003196297256912644,-0.25721499356700833
5.76,-9.019185908550378e-06,-9.57236416790053e-05,1.0003286333468886,0.009736717463949556,-0.005292927536529341,-0.2785204329563799
5.78,2.7832364705801082e-05,-9.622522066912988e-05,0.9999245140190723,-0.0012842961671697926,0.0010042767080151627,-0.29111221743087634
5.8,3.115485560807983e-05,-0.00013083199211324476,0.9999142271926104,-0.0008587835341138695,-0.0031421927905259765,-0.29352916739748414
5.82,4.007451655990377e-05,-0.00016144666837682785,1.0001923285672871,-0.011761934598359457,0.0029122275541940148,-0.2858705901037001
5.84,3.9220851958131817e-05,-0.0001859092926650083,1.0000894992405291,-0.012240079501737182,-0.00029354718322142465,-0.26893111554055554
5.86,6.28948207958511e-05,-0.0001683544475360677,1.0000803291374183,-0.0014682552152064298,0.006362996814165254,-0.24227911194619828
5.88,9.82637390591672e-05,-0.0001039531748452924,1.0000960836776802,-0.0017993361247253803,0.003329374129667861,-0.20584227914688408
5.9,0.00015846136511591026,-3.9988878760757315e-05,0.999998715515345,0.00848130764124078,-0.009536486118908059,-0.15997740515653147
5.92,0.0002329714699810234,2.820369343837584e-05,0.9999410228604536,0.007584240605463108,-0.012543664144796011,-0.10440428288642481
5.94,0.0002648219105281066,6.921963929602338e-05,0.9999202030811153,-0.004253582773264574,-0.005400146823094593,-0.03916648568983671
5.96,0.00024340451307268296,8.517426577546882e-05,0.9999926932883715,-0.005112801399983524,-0.008115931244870688,0.03567427197657715
5.98,0.0002018654712061111,0.00011829874308927155,0.9999961335751844,0.005164164104042723,-0.001512603910621636,0.1198386219658619
6.0,0.00012847455242953978,0.0001699291514501291,0.9999242600266777,0.0065218567931861465,0.015078738987714757,0.1940007768251261
6.02,5.148054441559948e-05,0.00019953761538991905,1.000073429543848,-0.001758849745484399,0.020593461857485642,0.2576876600023638
6.04,3.934377786684753e-05,0.0002150240513963902,1.0003384314259038,-0.0003165925118712704,0.015052472046679716,0.31124374903810187
6.06,9.3669728613195e-05,0.0002542214539633906,1.0000966618388858,0.009581900335136957,-0.0010305259408809905,0.35544317640512607
6.08,0.0002061333533671296,0.00031346372289406876,1.0000227836039588,0.009071086461228707,-0.005937817964979864,0.3896575397980425
6.1,0.00032700847120283277,0.0003391247814302321,0.9996185543834273,-0.0007099020595406397,-6.829175326925311e-05,0.41459317951945734
6.12,0.00043835673312427265,0.00031572076094295786,0.999900980687857,0.00023523347695736743,-0.005928057709383067,0.4288689046668352
6.14,0.0005483002233198606,0.0002946827318427363,1.000034944338241,-0.008403778543103702,-0.0009705013711696889,0.43359393536564067
6.16,0.0006374414304636257,0.0002631781825225017,1.000161866215317,-0.007186135893837186,-0.006968917096330073,0.42862460157154436
6.18,0.0007111318410109887,0.0002568636104746555,0.999854784683717,0.0031611705034512503,-0.0025632254652398255,0.4143838334061105
6.2,0.0007448311954364696,0.0002661399616419959,0.9999099201003794,0.0034241137803853574,-0.009719493875317117,0.39003049162240405
6.22,0.0007745909979941563,0.0002611014634767396,0.9996895912313823,-0.005735085128015837,-0.006358744084377424,0.356409983959542
6.24,0.0007718270048533994,0.0002270553635286916,0.9997768561334962,-0.004441661640383868,-0.014351806590510998,0.31274383030851605
6.26,0.0007387434579939002,0.0002050588176669404,0.9997531684261713,0.0064748314402693985,-0.011221509395130686,0.2594978109245382
6.28,0.0006456514370469445,0.00018232360987363927,0.9998056262309327,0.007172792459985578,0.003054560229595973,0.19657434290366102
6.3,0.0005165577834596667,0.00012371354212590372,0.9998659263878467,-0.002006239742476278,0.006018679233070278,0.12393539380301137
6.32,0.0004043359532556705,4.059719376064322e-05,0.9998198934212316,-0.0012662517342163647,-0.0018709920905839398,0.04192285691325407
6.34,0.0003156969967904553,-3.122864803159477e-05,0.9999576850928862,-0.010661174905047718,0.0010647978645037688,-0.049695353499536354
6.36,0.0002200682166999399,-9.863746650842881e-05,0.9998485325597289,-0.009893577946642243,0.013304495557969843,-0.13150865444234444
6.38,0.00013116059057171307,-0.00012180308540274878,0.9999899858231097,0.001944934305748946,0.01592328385941508,-0.20271888383610176
6.4,9.781408791819094e-05,-0.00011406210737454702,1.0000413778494106,0.0031528320879945708,0.009169828594223361,-0.2639891536257497
6.42,0.00012121648437534617,-0.00012539339685937954,0.999902753201747,-0.0057319889159813744,-0.0073060064172374576,-0.3154554820150416
6.44,0.00017829039857567548,-0.00015952574691558018,1.0000399668473365,-0.002816787522453943,-0.013672714231464721,-0.35677468963973397
6.46,0.00021534767103181788,-0.00016380885356197624,1.0001219530667753,0.010951116711104719,-0.0100306032639213,-0.3884110696311698
6.48,0.00020896718749258565,-0.000140876684908158,0.9999536061099928,0.013720966086333478,0.0031932645479881535,-0.41054033700862536
6.5,0.00014623237971379124,-0.00014455515450428324,1.0000614562506833,0.004916167886956601,0.006122503014435284,-0.4227846666620581
6.52,7.446911581753084e-05,-0.00019759187426760043,0.9998116287312538,0.006661354929524791,-0.0003954303734279886,-0.4258424081300888
6.54,1.956659134456958e-05,-0.0002835447075371136,1.0003534608763074,-0.003492646658973596,0.003856800843980868,-0.4181348504034991
6.56,-4.462843742084773e-05,-0.00038714019545723363,0.9999754871554305,-0.0038510339630931333,0.016485263129594686,-0.40189217953242623
6.58,-8.751176028712606e-05,-0.0004836588902722026,0.9999789132677569,-0.015647435848085617,0.019023158336711903,-0.37556563182218916
6.6,-6.261989341009473e-05,-0.0005918949833687556,1.0001235985858425,-0.0161976409462186,0.011648918419279038,-0.3393100918924362
6.62,4.641701161830907e-05,-0.000672819259605274,0.9999387757445882,-0.00639823553814224,-0.005117341533610944,-0.2938314826903158
6.64,0.00022291270104473954,-0.0007066629891510778,0.9999585438151216,-0.007997536256522794,-0.011640719300124216,-0.23856169365696686
6.66,0.00038745928659379946,-0.0007109863838676202,0.9999357495687027,0.0013839045444017865,-0.00865785881400863,-0.1738853109144683
6.68,0.0005140877698342031,-0.0006731049418641254,1.000003511109561,-0.0007282427705490347,-0.015447539888429647,-0.0995242221605178
6.7,0.0006073613231049156,-0.0006347425484225486,0.9999441988905813,-0.013662486295679987,-0.012038665906157864,-0.015828575466943252
6.72,0.0006367253065230622,-0.0005869830331608091,1.0001371373110022,-0.014670057227632705,0.0016777939661470219,0.07750245014566308
6.74,0.0006206374549099348,-0.0004860264459087937,1.0002527701858432,-0.005536649257412638,0.003934972147098352,0.16102744800398522
6.76,0.000606527900749873,-0.0003311279449494266,1.0001091708577103,0.012656452277448962,-0.005427720631543052,0.2348662211903075
6.78,0.0006044125805540233,-0.00015197592513966585,1.000044808479112,0.02076161806133232,-0.004214474758983266,0.2985809998296497
6.8,0.0005935629523468133,-2.3787826035049248e-05,0.9998046598850051,0.019689218915304806,0.007807405109873421,0.35271574080091755
6.82,0.000591611976203566,1.4186239103510499e-05,0.9999182021035206,0.008590925293277298,0.008792494415718279,0.3961845365900464
6.84,0.0006425351971770668,-6.929732630598465e-06,0.9998536304279855,0.006822459843867251,-0.0006610987101823109,0.42986586916171315
6.86,0.0007381563857099495,-4.5775570338529484e-05,0.9997842679458072,-0.004841036714587297,0.001140504090078372,0.4539052516049463
6.88,0.000843275670581256,-0.00011224927309988814,1.0000650770915496,-0.0063072401396925765,-0.008355649531145742,0.46770961028205055
6.9,0.0009441001099381926,-0.00016006634412545575,1.0002604903694439,0.0018173059439148276,-0.007007484011384313,0.47175863558275644
6.92,0.0010072126708507742,-0.00020103997165692563,1.0001884057926989,0.0006405288790118927,-0.016392423660732677,0.4664591073151737
6.94,0.001048968928115989,-0.0002608757213752404,1.0001300072348605,-0.010285132994411665,-0.01480827710349811,0.4514996084459233
6.96,0.001037914169024228,-0.00034987496275700695,0.9998284072089696,-0.01175329630584632,-0.002550955836449906,0.4271136186973977
6.98,0.0009521654971549648,-0.00042708377618298364,0.9998006443003283,-0.0029598317215446617,-0.0016209145117406464,0.3929151957399566
7.0,0.000837836678495728,-0.00046581831324995056,0.9998370514311864,-0.004264544174601708,0.010266220875367351,0.3488657868238629
7.02,0.0007130650853114439,-0.0004960572284184143,0.9999580399037912,0.004270010076816961,0.011203276464334007,0.2952143489528805
7.04,0.0006192096662937349,-0.0004979882115750784,0.9999213712557152,0.003439726224310411,0.0013009205171823012,0.2322191121857445
7.06,0.0005716925921964511,-0.000503111923508943,0.9998323834816233,-0.007167719816252359,0.0019994379883282926,0.1598827630752429
7.08,0.0005326786279936654,-0.0005207708889732282,0.9999374044777288,-0.007295868258299095,-0.0086178004175887,0.07783832997833495
7.1,0.0004969349446382958,-0.0005096562375596622,1.0000115049910476,0.002368270073706445,-0.007849603166198836,-0.013711487112264368
7.12,0.0004262666927868268,-0.00047334841918126127,0.9999817082873721,0.0018613458578764658,0.00382229557127292,-0.11450188807264844
7.14,0.00032495969191927826,-0.00044587356710266583,0.9999265656253644,-0.009969039502142936,0.005128530107038229,-0.2052376715308894
7.16,0.00023810757206285644,-0.0004275865803580111,0.9999611953067425,-0.010236014429600003,-0.0036944055613314,-0.285710801983233
7.18,0.00017993514305745587,-0.0003739610056020598,1.0001323695121778,0.0008238907627095523,-0.0020468540042160744,-0.3561201296256168
7.2,0.00011948809770200754,-0.0002821465898592519,0.999902983730955,0.0009917924875150047,0.009063142943781344,-0.41713006410396986
7.22,4.9819323743082586e-05,-0.00019065278582835356,0.9999569019185836,0.012341316852688801,0.010275405772708565,-0.46777440782431223
7.24,1.3536575683444648e-05,-0.00011858830978406682,1.000318090417115,0.012505351452471938,0.00143449670260982,-0.5082058826170514
7.26,-1.122290145802489e-05,-9.645697780369005e-05,0.9999458422757741,0.002871565454433118,0.0010929834960363395,-0.5395971086014033
7.28,-5.5561832368203814e-05,-0.00012148776141709827,0.9997098134624073,0.004570759400969817,-0.00937379264548644,-0.5611359369716751
7.3,-0.00010249252577863118,-0.0001612816831066491,1.000440834939737,-0.005868275518636335,-0.008915363942580653,-0.5716462309416137
7.32,-0.00018262392058400717,-0.0001974575155589754,1.0004569198645412,-0.006385582740666715,0.0002143290780618805,-0.5733340002517593
7.34,-0.00027737348391824405,-0.000200459797698786,0.9999492790027457,0.003262115106515937,0.0003100413147214544,-0.5658463564637094
7.36,-0.0003553690356239988,-0.00017944057067328513,1.0000985726837863,0.0011559933862582861,0.011120644928914781,-0.5479019316529871
7.38,-0.0004387687948239362,-0.0001691721513607546,1.0000038495894166,-0.011602117912527967,0.012622614816462487,-0.5206977082396336
7.4,-0.00048661951590097833,-0.00018596857578697366,0.9999799696909664,-0.01328360217859061,0.0042843990504012755,-0.48369970483546837
7.42,-0.00047222607649247497,-0.00018866891586531085,0.9997558925958592,-0.004093120682074318,0.005348742730760613,-0.4374797996564409
7.44,-0.00041571869995258475,-0.000150099004122551,0.9998368160158166,-0.0065178758112284406,-0.0035879506183607007,-0.3811611558380809
7.46,-0.00033416547771180624,-0.00010606200949612325,0.9998114192401345,0.0019571476512699176,-0.0031071968651806563,-0.3155229463445455
7.48,-0.00025624975603653444,-3.2937824454690336e-05,0.9998095469751026,-0.001001201623747585,-0.012296828326899472,-0.24029091571948738
7.5,-0.00019265770643509819,3.653808282586247e-05,0.9998922826678461,0.007083712041873412,-0.011892896188524672,-0.1555570666925663
7.52,-0.00017435873911954817,0.0001210277696178084,0.9999198513718126,0.004560144915195264,-0.0016956819451021633,-0.06153142687536402
7.54,-0.00020478157726215706,0.000185901655751947,0.999818592920808,0.01285781048332566,-0.0015756107674978175,0.04165011822830916
7.56,-0.00024316373786025482,0.0002327262622209887,0.9998441713384576,0.011690766579495065,0.009667023091804105,0.13450077519508286
7.58,-0.00028564528951109474,0.00022817414960458882,0.9999255040082592,0.0009006029583574579,0.010354859659640371,0.21689726888700916
7.6,-0.0002854635925907714,0.00018427731168353298,0.9999107511056458,-0.0006481225070308535,0.0004861691491158207,0.28925339603095007
7.62,-0.0002442796646498865,0.0001457820550026726,0.9999543412756544,-0.007346487061770886,0.001982370844018466,0.35147282098508253
7.64,-0.00020199739134998626,0.00011037609504570582,1.000102777591179,-0.004351190138153648,-0.007668744198785907,0.4036446525290245
7.66,-0.0001621579257285981,0.00010232612702842265,0.999936296388014,0.007859835935752716,-0.007076053192072681,0.4461888562237787
7.68,-0.00015758049905264547,9.826142157453333e-05,0.9998708567099609,0.01040745856600325,0.00444637706577718,0.47876695529887153
7.7,-0.0001645894555082313,5.4922546435210537e-05,0.9997573596831021,0.003421757642935242,0.005140316668299296,0.5014418658822908
7.72,-0.00013751575742410423,-1.6408366866178173e-05,0.9996223680216795,0.006080351378705256,-0.005006453955537196,0.5142694786661348
7.74,-8.443863115015496e-05,-8.992219301309952e-05,0.9997976051201805,-0.0015383284102691468,-0.0037019335751012163,0.5170737441884729
7.76,-3.683784030546121e-05,-0.00019418655304952255,1.0000247442912749,0.0006941634294365033,0.00876672829398482,0.5101438227509173
7.78,-3.461881298306989e-06,-0.00030012359963183183,0.9998974737556766,-0.006308488909951297,0.010626815997357868,0.49387806974880333
7.8,6.215969829069827e-05,-0.00039113030422965834,0.999889590298807,-0.0033434302181582173,0.0013757377082066692,0.4677658045143438
7.82,0.0001517443823590249,-0.00044210577956535295,0.9997339037849932,-0.010066518657859416,0.0027605899697482,0.4321445263160071
7.84,0.00024009930379407396,-0.0004781176894802432,0.9997981689025985,-0.00650841786889293,-0.007114346718607567,0.3866484032504842
7.86,0.0003220002627717649,-0.00047564930581377337,0.9996763774743906,0.0022992997304297105,-0.0060483162136405555,0.33152292489072155
7.88,0.0003665983222016897,-0.0004594081703099828,0.9997521723216166,0.0007296179517852757,0.0062162019054277816,0.26653254220050293
7.9,0.00039136228996434645,-0.00045968097914129833,0.9998909432920001,0.008940786703176861,0.007675601704304066,0.19201619157410177
7.92,0.00043958753905754976,-0.0004564121055662127,0.999903653030774,0.0078356198959033,-0.0017032055469220699,0.10818528370973758
7.94,0.0005229533032736687,-0.0004809820412375526,0.9998032022468497,-0.0029514180059496704,-0.0006311898117302507,0.015276260719768805
7.96,0.0006028215291097142,-0.0005378198645452896,0.999832010270471,-0.003240033185859933,-0.010786719768324519,-0.08716132876499941
7.98,0.0006799458742628838,-0.0005829556026178659,0.9999036089010617,-0.014368211443215326,-0.011533590147528541,-0.17926053948269818
8.0,0.0007151027804390014,-0.0006113676995082114,1.0000598224636161,-0.014764465172295982,-0.0025508045780452777,-0.2611633460503211
8.02,0.0007162253726657195,-0.000577076515216498,1.0001659190580983,-0.004444367125051975,-0.002797690114736004,-0.33285129332801716
8.04,0.0007222698955741537,-0.0004883222022119336,1.0000032615852448,0.016728765187336,-0.01150388799149567,-0.39486340487662863
8.06,0.0007227931204016463,-0.00037596948742859036,1.0005486780486528,0.025927625988738143,-0.008949083902030983,-0.44608335109084923
8.08,0.0006663682377210922,-0.0003004993860815971,1.0005126272589966,0.024522554068020754,0.0024769975385482593,-0.48801600802351985
8.1,0.0005393494280834435,-0.0002967301855298879,1.0002237733607109,0.012242380641555771,0.003995636050299561,-0.5207776668377937
8.12,0.00037606722585892597,-0.0003821017746090562,0.9999202979514087,-0.010875138799790034,-0.004838361284529041,-0.5438766086232589
8.14,0.00020140195776501674,-0.0005227026895402847,1.0000830420108455,-0.02224192659298758,-0.0036476858797722888,-0.5565501754423879
8.16,3.279717131188603e-05,-0.0006161950031238603,1.000304839713389,-0.022584138823243206,0.007426806748461347,-0.5595347747062321
8.18,-0.00010782668386164715,-0.0006426409075538143,0.9998238103795412,-0.012972216322989985,0.009876903049901324,-0.5534203320571048
8.2,-0.0001672347671156625,-0.0006016371296416956,0.9998587239070007,-0.015029480178780849,0.002171954644443958,-0.5367522459842834
8.22,-0.00016912046788724913,-0.0005385945042411364,0.9997494266473177,-0.00614792147636915,0.004050189416565813,-0.5107369623457823
8.24,-0.00013180590132287569,-0.0004271548579414749,0.9998237626823788,-0.008638682989518535,-0.0038907012312655847,-0.47468324179778887
8.26,-6.954835053583378e-05,-0.0003028818352314803,0.9997973452654814,-0.00019202287077064548,-0.0023157844334952774,-0.4292212807726482
8.28,-5.400645433223248e-06,-0.00014108276732668266,0.9998274631339241,0.01904527802726383,-0.011054491173344299,-0.37408048662225085
8.3,5.0606117080149825e-05,2.5131211667802305e-05,0.9999306106865177,0.027077137430288684,-0.010245734414927,-0.30924618544780025
8.32,3.9718381812999425e-05,0.00013815454090047494,0.999988733063708,0.02437065381772354,0.0001589254054305654,-0.23478489726188484
8.34,-3.69364002679892e-05,0.00016821649334071307,0.999780376428151,0.010992859729920137,0.0014667559941917503,-0.1515815459254478
8.36,-0.00013659177035834751,9.898077439058184e-05,0.9998332288104831,-0.013162820777537053,0.013875951755580611,-0.05865114258875879
8.38,-0.0002370372496887095,-1.614179333025913e-05,1.0001092139654968,-0.025624363307659374,0.016917360444104627,0.04376298015930291
8.4,-0.00028249746228121796,-8.48863377643163e-05,1.0002191542482748,-0.028843911259847813,0.009376058702304436,0.13632778273112142
8.42,-0.0002689224794304881,-5.506856838060396e-05,1.0001475109703015,-0.02353372582288386,-0.009318274809401048,0.21913405900396116
8.44,-0.0002337863279887277,9.472054797664572e-05,1.0001745523725973,-0.009003008189265471,-0.017684474567487892,0.2911860880384422
8.46,-0.0002505809995129334,0.00032089647123548774,0.9999334022077242,0.014892876885224253,-0.0165301092831895,0.35324894049071065
8.48,-0.0003501163079975084,0.0005619249829936398,1.0000104052824188,0.029011753497791355,-0.004714527248251593,0.40502606432239174
8.5,-0.0004864148286711699,0.0007326981408892126,0.9997245319347283,0.03456232439537059,0.017434405168824756,0.4476321504193322
8.52,-0.000591627893603658,0.0007789038977958724,0.9998802077305337,0.030195834696687768,0.028263601186410737,0.479378260611523
8.54,-0.000581663266453461,0.0007364550545780093,0.9998663936318682,0.016219511997439318,0.028817711903800197,0.5010665849873635
8.56,-0.0004219908406049434,0.0006412017555916399,0.999769350349427,0.011594163003980631,0.018895544682823055,0.512816548443807
8.58,-0.00013885794834848821,0.000544582953601822,0.9994887692457421,-0.002886043772194231,-0.0015692432956073304,0.5151230395311621
8.6,0.00024168278886562225,0.0004443716410412861,0.9996951750836984,-0.007189891905619925,-0.01020904886922334,0.507206817131774
8.62,0.0006109418427335598,0.00035108442055641526,0.9999171555529772,-0.0017291730447653475,-0.007787202308363593,0.48946946815775355
8.64,0.0009330607791056915,0.0002628756277782256,0.9999911391024956,-0.005624793994980017,-0.016292909870816323,0.46228088089660413
8.66,0.0012271461270789178,0.00016702393604193296,0.9997583202188938,-0.00012513469538729814,-0.014112125621934275,0.42574071103383826
8.68,0.0014473816373634062,6.163841536858581e-05,0.9999121276447387,-0.004519806115819211,-0.02357632877741301,0.37912957838759886
8.7,0.0016193305457146683,-6.496507964573123e-05,0.9998736813983019,-0.01826656670618677,-0.02265034067782697,0.3232226362239151
8.72,0.0016954927152549861,-0.0002098313696683434,0.9999716620240886,-0.022169874960415503,-0.010738168691841278,0.2574892984003371
8.74,0.0016617963362930254,-0.00031381084028712675,1.000173623455846,-0.015993258913588417,-0.009934008208305969,0.1824043195750891
8.76,0.001570604608282241,-0.0003505757445213165,1.0000435339986755,-0.0008691380517155676,0.0019312469614935933,0.09820399804834226
8.78,0.001428416080158526,-0.0003311742773756753,1.0000240374757328,0.004264885591379441,0.002834713196696629,0.004619511575516576
8.8,0.001293376265687971,-0.0003077507642916008,0.9999142676608944,-0.0011424130580746452,-0.006047571073271884,-0.078907804375907
8.82,0.0011703481182387492,-0.0003020759180704551,1.0000545410761374,0.004927075874167388,-0.004695968315532337,-0.15207370749686194
8.84,0.0010252289858626844,-0.0002903689715504528,1.0000112179117533,-0.00020625698449097657,0.006106955045573197,-0.2154951066921721
8.86,0.0008590886190842183,-0.0002949870809174969,0.9999709750740736,0.005474005457649255,0.007137280442770248,-0.2689467136961578
8.88,0.0007171694958262348,-0.0003040277540671541,1.0000186945993867,0.00025773365067710156,-0.0017653585509764627,-0.3123930781771766
8.9,0.0005962998969080051,-0.000340739110964364,1.00000450670079,0.0061172487977730824,-0.0009670560437748778,-0.34608574006886916
8.92,0.00046857493578634975,-0.0003762458815082631,1.0000226670644459,0.0007689492094884389,0.009618388579428054,-0.36994985670970737
8.94,0.000329438028960895,-0.0004326585958101554,0.9999785944713333,-0.015573112202879956,0.010290630844454637,-0.3842830006613653
8.96,0.00022456388583591588,-0.000505510949199106,0.9999444755940464,-0.020763695890884545,0.0010775664619225042,-0.3887902802644189
8.98,0.00018181781680892982,-0.0005356181283618108,1.0000245604623,-0.014656017608584187,0.0019048516181341566,-0.38363777504831426
9.0,0.000171485747471481,-0.0004970352959424638,0.9998353929894139,-0.01924218967272584,-0.006421506607751293,-0.36890880023502826
9.02,0.00019173771549814078,-0.0004041885109505429,0.9999422705759986,-0.012374791875512095,-0.004530270175170264,-0.34431557725681516
9.04,0.00021569238969229806,-0.00023209187383879668,1.00004327505385,0.005619767108292106,0.006994111889657107,-0.3100957490152383
9.06,0.00023930494541594486,-1.1246281729884153e-05,0.9999339050076493,0.012883709582651313,0.008941302236600324,-0.2663969625611407
9.08,0.00028209994069657447,0.000180355446982607,0.9997870992065495,0.009034470692377419,0.0011855474616084727,-0.21319770721876227
9.1,0.0003461509146164639,0.00031166379933466367,0.9997881051668235,0.015864068504967074,-0.016844516743301972,-0.1504703584122699
9.12,0.00040714494320024774,0.00040661871479959547,0.999860692496009,0.011159461352593552,-0.024904293495054936,-0.0779151602838061
9.14,0.00039546913249680033,0.0004512768675002085,0.9998284623896257,-0.004570222050867558,-0.022725216551966996,0.004166206098024533
9.16,0.0002770149624909192,0.00045771464142287593,1.0000309716728388,-0.008594629998398247,-0.010182524619849233,0.0959568428767983
9.18,7.422273642975868e-05,0.00048076342607047333,1.000025028604095,-0.0017321087993279834,0.012792705576133516,0.17791614972193492
9.2,-0.0001718996915435628,0.0005338761132660709,1.0000676946885392,0.015789885987943692,0.023764562587296145,0.2501748937418754
9.22,-0.00037012545977594465,0.0006023560739447868,1.0000729231627146,0.02352827151962627,0.023215787592679813,0.3124629685400704
9.24,-0.00046988821466416867,0.0006364095209683687,0.9998071439623809,0.02130234746390661,0.012130678197803927,0.3649589263422369
9.26,-0.00045018302451747735,0.000608318000425715,0.9996918340344939,0.008777818012528195,0.012801761607292808,0.4077270800086206
9.28,-0.000354516805693348,0.0005177648470490674,0.9996686954824832,0.005895835479408002,0.002726730060668793,0.4403536996328575
9.3,-0.0001975999753611036,0.0004152773514893095,0.999751295392636,-0.0070755288367117235,0.00407515100649656,0.4632182183125728
9.32,-1.9738842203100113e-05,0.0002952231758956742,1.0001451450932115,-0.009932392367723706,-0.005817869826344602,0.4759158783740834
9.34,0.0001596996612693314,0.00020427580150832793,1.0001775872288123,-0.003603788307714159,-0.005251473431693643,0.47919366190910506
9.36,0.00030323099022683595,0.00013607406859582983,0.9999684098154537,-0.006630568138168585,-0.015485228587525662,0.47314664712795107
9.38,0.0004194091704431233,7.12738350438172e-05,1.0001479110834945,0.0006320002730912547,-0.014169731484063038,0.4567945220709414
9.4,0.0004761276186001639,2.449502951255489e-06,0.999939472848401,-0.0013524259363427102,-0.0024737831820753767,0.4311708597727659
9.42,0.0004837107593435404,-9.322411754927076e-05,0.9997576193244707,-0.01300570450415381,-0.002030426216930836,0.3957309149780362
9.44,0.00047969847326755034,-0.00018801786504330406,0.9997763942550459,-0.01455295247890077,-0.002745825364379957,0.350534260802904
9.46,0.000448596071952803,-0.00023860352617586722,0.9998089801010864,-0.006557895102414783,0.007652138867085989,0.2956023686855554
9.48,0.00038731310936053747,-0.00023841441828039803,0.9999081699762418,0.011277150428908051,0.007396976669928867,0.23128232327216483
9.5,0.00034661498012579235,-0.0002059488030562089,0.9998832090199136,0.0197799263002205,-0.0033515373292615737,0.15758544922343687
9.52,0.0003444431850818622,-0.0002100229799518564,0.9998720771495249,0.018415981084833555,-0.00293273216096155,0.074598592263257
9.54,0.0003414681854279041,-0.0002926995998587635,0.9998588070855818,0.006739329576218378,0.008140305691774733,-0.017612913233004387
9.56,0.00033245417741836953,-0.0004476617913931118,0.9998184757484166,-0.016084458442235203,0.00810314115769243,-0.10000480213420168
9.58,0.0003572749715968088,-0.0006315246037536068,1.0000757982379163,-0.026919336116144058,-0.0029158938465200434,-0.17190530994475817
9.6,0.0004190238730372415,-0.000757164765209721,1.0002342777990159,-0.02654445448429238,-0.004245162291073197,-0.23414381226148576
9.62,0.00048717624364655104,-0.0007820578169894229,1.0001963968889505,-0.015159635707655118,-0.014508227847188896,-0.2865025861646964
9.64,0.0005632443274246066,-0.0007016986769278272,1.0001634555947996,0.007270244593245089,-0.014100897924381402,-0.3293269294728268
9.66,0.000604032067845524,-0.0005532372471214256,0.9998666548483425,0.01867821359885663,-0.0037394429363921304,-0.3626653818249115
9.68,0.0005740976494817185,-0.0004153440906472276,1.000153863438014,0.018073496450148233,-0.0039023893156206763,-0.3856347363000296
9.7,0.0005091043386693708,-0.0003334925704561369,0.9999863734252922,0.0070023024037841304,0.0048214716308402515,-0.3992947416945529
9.72,0.0004032373897259285,-0.0003117520458538497,0.9998285932166749,0.006880710159807371,0.003519346841988785,-0.4033200114459225
9.74,0.000304707023514523,-0.00032513233849898395,0.9999669904122958,-0.004547209657437893,0.012332618954519767,-0.3972163317675333
9.76,0.00020828200918363124,-0.0003676197544079557,0.9999619091650067,-0.005147995388277114,0.011475173439334954,-0.38158827944574514
9.78,0.00016254337416836558,-0.0004122990747776457,0.9998906164236366,-0.01666910594552724,0.001129839247425718,-0.3562242151978388
9.8,0.00016625473580480227,-0.00045495850383470116,0.9998312037245071,-0.017048612688985183,0.0006380084166719555,-0.3212676507496425
9.82,0.0001988238469422078,-0.00043362671477748465,1.0000512281919678,-0.006273651773957239,-0.010058101856443779,-0.2762116991674902
9.84,0.0002530309542732521,-0.00035452281295364734,0.9999682358851291,0.015005203240744891,-0.011824242997736831,-0.22223083867947194
9.86,0.000273944403763046,-0.00023883862002368081,1.000139215215072,0.025031560942127343,-0.003820579247543375,-0.1583444252026068
9.88,0.000242271979949592,-0.00016586517506176108,0.9999320292980203,0.024386562334750977,-0.005247703730548534,-0.08561190889009711
9.9,0.00017825042749818667,-0.00019409692408059223,0.999998240041592,0.012627761808550072,0.003707991761494671,-0.0028914453044367136
9.92,8.64920630175191e-05,-0.0003129313560358706,0.9999436177788298,-0.009960349062672551,0.003937940717664919,0.08871595482921361
9.94,9.22157298432726e-06,-0.0004812902320353421,0.999894945938336,-0.022613161532608336,0.005557001494370902,0.17030717649605231
9.96,-5.539320220126637e-05,-0.0006069666583228734,1.0000689096256763,-0.02547844761731105,-0.003933918554509847,0.24172052862589008
9.98,-0.00011336392222546448,-0.0006393539472606706,1.0003339023260305,-0.01857223164263197,-0.002657100341387185,0.30271225927283013
10.0,-0.00020523420091945465,-0.0005902635081611303,1.000100781649885,-0.0022684610611731436,0.008195529866282298,0.35426369401599506
10.02,-0.00032992735601911034,-0.0004721962245667604,1.0000225668710123,0.004143721683067949,0.007307389970497379,0.3959137750643824
10.04,-0.0004281902269981995,-0.00033525595138132356,0.9998403968055585,0.000985554371603197,0.01725005473823094,0.4278468806868163
