0.02,0.0,0.0,0.004469981350535241,-0.01804411661380985,0.01781665574003285,-0.012686286214217588
0.04,1.1102230246251566e-20,0.0,0.013343656513946471,-0.018369564676868393,0.053253737140348235,-0.010963480027318324
0.06,0.0001491011452622915,0.00014724517295200217,0.026549330861951825,-0.036808896740741295,0.10580055784836849,-0.02692999686004854
0.08,0.0007257793014024209,0.0004367106234282564,0.04381286645166975,-0.07193452203352162,0.1412446499127105,-0.023494477899080293
0.1,0.00196645819329559,0.0009376919529970326,0.06333527968565619,-0.08853345294786419,0.16052210515761337,-0.000864526794426075
0.12,0.003933730837318127,0.001789458495563299,0.0839710704345047,-0.09352237068011295,0.16520225767020585,0.006214353364679435
0.14,0.00659563813687308,0.0030266020636362367,0.10496107745736048,-0.08819438505038703,0.1561595860469937,-0.0008639209205541994
0.16,0.010119278688346759,0.004762861749457544,0.12721007755795427,-0.0645909606160849,0.13337951543040805,0.010357809121203454
0.18,0.014190077883030467,0.006810030221637111,0.1490128934066987,-0.026402754960724972,0.09885801622339893,0.0354761621329836
0.2,0.018769890765067524,0.0091113004224058,0.17072344336437392,0.020876684210476136,0.05130029646223661,0.04464891760812276
0.22,0.02373762919264532,0.011529741934894483,0.1925074572155604,0.05281833718038558,-0.010194719321049936,0.037240726025771276
0.24,0.028952834416643196,0.013852963518397286,0.21523432174451715,0.0986573380943647,-0.05603277888736956,0.011246637980380217
0.26,0.03411514855033935,0.01588838992918417,0.23933419668754763,0.12940245409483367,-0.08672626440026343,0.0024658973581566514
0.28,0.03894613672325756,0.017335683268711127,0.26532999516272265,0.14621930341804754,-0.10112176985227281,-0.02263174265481568
0.3,0.04318000394589033,0.017891955995695295,0.2941471817111382,0.1439212480703479,-0.10068472876821481,-0.02585709379920224
0.32,0.04681806514770579,0.0176303516086618,0.32459395493373827,0.12387700149112174,-0.08699178163316135,-0.009287631920510114
0.34,0.04992197361724137,0.016650198116511025,0.35608754157206324,0.09203043217851473,-0.05733809977516938,-0.007925167673429578
0.36,0.052581067895286646,0.015056051154315945,0.3885570682905058,0.07537120201259062,-0.03893736891440436,-0.024525220128576213
0.38,0.054976217460470087,0.013056460694801078,0.4214824335096629,0.07231803022676316,-0.03162789283535778,-0.05741492159754869
0.4,0.05718487289169217,0.010729437869393647,0.4548643669702275,0.08286194491145796,-0.03954220910632709,-0.07562737885230444
0.42,0.05922577097683577,0.008085654290081514,0.4888156047835149,0.08025466522315519,-0.06125999298876978,-0.07928673175747304
0.44,0.061042818190264206,0.005064241048244213,0.523571835265006,0.062424519044247756,-0.06961103557721755,-0.06513710023307036
0.46,0.0624841437906075,0.001634022392123539,0.5598366531789376,0.05778778545966937,-0.06526853153477127,-0.03296121675208498
0.48,0.06343936598626913,-0.0021685850619134685,0.5986551863915625,0.03593932021961968,-0.044426471122860106,0.011393348180967456
0.5,0.06404539737978765,-0.0062500895157261566,0.6386220187331688,0.027421188428115188,-0.01078651135818566,0.07249494816843566
0.52,0.06449467119522698,-0.010450451775269513,0.6780987316976366,0.009609438689809352,0.03481966279813752,0.11934916476474157
0.54,0.06492332519890927,-0.014703487264609563,0.7157895448377996,-0.00035109538611225604,0.07390782169135762,0.15596627557138376
0.56,0.0654298190335812,-0.018958580477242706,0.7516793231217829,-0.0035674710867777846,0.10655332718674768,0.1830604931315054
0.58,0.06610093645117981,-0.023177244580681572,0.7858364268884115,0.0004505131623080443,0.13148224200793968,0.200150245212206
0.6,0.0670141475402708,-0.027333132261314164,0.818329435015689,-0.007029639567665691,0.14591165537281164,0.2055591000878638
0.62,0.06821789708228983,-0.031421961702527694,0.8490888775176556,-0.008158581633109799,0.1527533612277203,0.2007626969088074
0.64,0.06974670863908182,-0.035417459717694805,0.8781653145950957,-0.021258922736258082,0.1490120426270176,0.18452258673582642
0.66,0.07155679025259182,-0.03933116006371643,0.9051695573652954,-0.033517190043388934,0.1434006268839994,0.162205997522712
0.68,0.07363556098565416,-0.043145221909266486,0.9300972088594235,-0.04503850010734179,0.1359912846552922,0.13401143973647955
0.7,0.0759659923220913,-0.046846582381125317,0.9529237790597015,-0.06197825567116295,0.12331407118032399,0.09947305670084122
0.72,0.0785367558573752,-0.050422003593491964,0.9736773864071472,-0.07803489476507819,0.10871390552924376,0.05943910233405259
0.74,0.08132212575549548,-0.0538522635024715,0.9923453257497478,-0.09334075388934467,0.09240252345433371,0.014195371352742726
0.76,0.08429356892274845,-0.05712191102362879,1.0088902524020535,-0.09838953016304729,0.06742918613814275,-0.024532308036396867
0.78,0.0874293583952714,-0.06021055768310606,1.0233385528504217,-0.09314680140183361,0.0340894091325327,-0.05627321412758422
0.8,0.09068993426183584,-0.06311523325760879,1.0356937648545919,-0.07788530875971185,-0.007423862845601687,-0.0816184117111353
0.82,0.09401864875788549,-0.06584756610612286,1.0459560130415844,-0.07114851176795996,-0.03920804707531782,-0.10216050948342234
0.84,0.09734131065619472,-0.0684321991694999,1.0541262295769074,-0.0732404820992463,-0.061507558069052115,-0.11772047245972372
0.86,0.10060127171367728,-0.07087495418426568,1.0602195517096955,-0.07486804808560621,-0.08286816849475803,-0.12795218139805273
0.88,0.10375910692534986,-0.07316448007000387,1.0642626833418345,-0.07577651232821242,-0.10281324414604315,-0.13260316783852966
0.9,0.10676115588152911,-0.07527296029340567,1.0664778598429616,-0.07248517820158243,-0.1173484383846639,-0.1294453201296343
0.92,0.10952326815289667,-0.07714978627305352,1.0673421636891949,-0.081202150273747,-0.11996118703131751,-0.11496751476812599
0.94,0.11206207953448122,-0.07884469239642937,1.0663394282695575,-0.08654731094039031,-0.11778660374084392,-0.09298902298196819
0.96,0.11429772213094785,-0.08027833612481053,1.0641438208443668,-0.08321671259375424,-0.104945116517275,-0.0599028771701088
0.98,0.11596846440050784,-0.08120800806960267,1.0631601744487291,-0.06739502756277793,-0.0772458374764022,-0.011361283653886932
1.0,0.11727584356708358,-0.081811463961838,1.061871815685621,-0.040188201294265716,-0.05414064578487225,0.052087969537729276
1.02,0.11832053379328952,-0.08218033055441576,1.060077827587536,-0.02467938940736249,-0.04123184815212594,0.1294657519259436
1.04,0.11920215794888829,-0.08244102160367509,1.057249662615134,-0.019968294521181325,-0.040502807072420995,0.1942821761358083
1.06,0.11996415179559869,-0.08264981567657578,1.0531984588578405,-0.026172955282772806,-0.051019620884835484,0.24695144464432797
1.08,0.120571725092861,-0.08281687907320731,1.0487543280455698,-0.044955416809154485,-0.07399056138871404,0.2861522505451852
1.1,0.1208811040846543,-0.08291494207905001,1.0457161842875726,-0.04766404258347126,-0.08181716178227383,0.3075613765231578
1.12,0.12087021822750701,-0.08292761201050877,1.0425771941989699,-0.06098006030658061,-0.0785809252279042,0.31428184161520745
1.14,0.12054901878306591,-0.08287062911293812,1.0388708420890405,-0.06079168849218764,-0.06357417955474524,0.306656951139224
1.16,0.11978096568600793,-0.08265211337937228,1.0360141917517784,-0.04617286844603084,-0.06246077048247411,0.2841426782929946
1.18,0.11862487380786672,-0.08224248943678023,1.0341546769327667,-0.04404389010294356,-0.04906985631675273,0.24488977814064228
1.2,0.11724299512009145,-0.08174964311693009,1.0314833256021783,-0.05286368944808279,-0.04837958092709306,0.19301296172694046
1.22,0.1157004958066474,-0.08117149956016054,1.0276693482935129,-0.05087035898831786,-0.05774922712806208,0.12970362782735256
1.24,0.11387468346503422,-0.08038305656185186,1.024876720085133,-0.03332718436544814,-0.052256033789882056,0.049287228836288596
1.26,0.11167647626236164,-0.07934315575576403,1.0240190489994163,-0.03125553205076594,-0.06026751839209892,-0.012659529976351513
1.28,0.10928670490196943,-0.07819367952284151,1.0228340558858398,-0.042724252499746145,-0.05524553151528426,-0.06064635397987438
1.3,0.1066543240373395,-0.07691422181917348,1.0218142672702264,-0.04326168373431727,-0.037787286521021424,-0.0942375825607072
1.32,0.103764107279379,-0.07540791880397282,1.0218230032095186,-0.03006290284053661,-0.03441476021880366,-0.11037191009722806
1.34,0.10073189694051195,-0.0737017589286082,1.0222227321179294,-0.029917116346320504,-0.04271447272895685,-0.11099632831385257
1.36,0.09758708313840973,-0.07187130971895966,1.0224379123056577,-0.01865339740382376,-0.03916721610134029,-0.09804094447780677
1.38,0.09427416041360533,-0.06989185092074826,1.023101765537332,-0.021815291895552383,-0.021004450305860414,-0.06996314222324053
1.4,0.09086166607853631,-0.06785232869197774,1.02260894590636,-0.014188962263706865,-0.014057747347907249,-0.029199903856662955
1.42,0.08738822642416531,-0.06573795589251503,1.0215018141082328,-0.017744089466303792,-0.017404518380319006,0.024767534946182255
1.44,0.08388012809144584,-0.06358493897134991,1.0192636986187167,-0.009660299682599627,-0.00976077668378143,0.06618404270996238
1.46,0.08027529098193661,-0.06133681279367051,1.0187243847136542,-0.01711222423152837,-0.018194239383383562,0.09012135570460834
1.48,0.07663605049412213,-0.05905802120061606,1.0179177776299602,-0.01159914101540375,-0.013882974106049535,0.09960018251975987
1.5,0.0729142720663816,-0.05671398669226084,1.0175700149826779,-0.019753723817627564,-0.023915569633563533,0.09373195446436267
1.52,0.06911630434421591,-0.0543180458952914,1.0186353299910857,-0.012430962923927416,-0.018589019070104025,0.07044546044674115
1.54,0.0652640875234664,-0.05188506721812994,1.0180390616591641,-0.012418093928293548,-0.006126151890598101,0.03711775853001115
1.56,0.06136524632459647,-0.049425681629378444,1.01611934328192,-0.02200451492116511,0.015411057499657157,-0.00800982926114577
1.58,0.05744665617708481,-0.046924991129302776,1.0138737133855125,-0.019963399581857538,0.025253333845283225,-0.05911640524159013
1.6,0.053592982529010354,-0.044341208923603104,1.0116218211008265,-0.004419444045544389,0.022400564713519557,-0.09498893326905225
1.62,0.04989372408289177,-0.04165482755589499,1.0111555333580544,-0.004467225930834008,0.035922207643531615,-0.11326975870046957
1.64,0.046267610363873966,-0.0389641280727935,1.0098285691744011,0.007506382557399043,0.03769796173055191,-0.11831517235548293
1.66,0.04286684126244559,-0.03627376341704511,1.010706778379102,0.005065507686893592,0.024743867170296613,-0.10537794557497325
1.68,0.03963675973559329,-0.03364054680421546,1.0122412664410443,0.01613291450709972,0.02430972047722725,-0.07698146539785149
1.7,0.03649241199287128,-0.031036112731151873,1.0132836783834693,0.03791519288708912,0.03445366772990376,-0.0350426579240984
1.72,0.033428768436252136,-0.028494843112978344,1.0137813532411144,0.048904334239578545,0.03332746023604465,0.019830577357012324
1.74,0.030450696073746317,-0.026053673050824056,1.0128536533287098,0.050380027169849725,0.04178148701570055,0.06359197680362699
1.76,0.027555635908759618,-0.023727703539889938,1.0103435147313942,0.04103297957520381,0.04049777558394062,0.09525459531121315
1.78,0.02480676751838772,-0.02155623750058191,1.0071066122282968,0.04334628294869485,0.051972238162017265,0.11413602522367189
1.8,0.02231029624258995,-0.019595996089965765,1.0055959833136108,0.0292049158634706,0.04835274429398838,0.11456510840812786
1.82,0.02001211282119948,-0.017766404124192985,1.0036269538511953,0.026829601671469177,0.057956566577679,0.10159053064316259
1.84,0.01799867411984848,-0.016067819990118467,1.0032356842384895,0.008146835637642845,0.05216386394870309,0.07069523881858696
1.86,0.016228746500837356,-0.014454171340984806,1.00292297551027,0.0008996171987142066,0.034787866532752974,0.02526049094418289
1.88,0.014642263099439322,-0.012857337149475425,1.0021441624748577,0.0055886524607877885,0.02841458108393319,-0.006643574722598647
1.9,0.013190873801283568,-0.01126201264166085,1.001285752850563,0.022414186355478354,0.033891732796569464,-0.02431401198684985
1.92,0.011899334458328524,-0.009700397440006338,1.0020940563460163,0.02541404268971741,0.025183543525311946,-0.024990165955413264
1.94,0.010681755961943444,-0.008190928453788238,1.001165039644151,0.01876436305428897,0.026375156435697922,-0.014356122593643281
1.96,0.009595003022453643,-0.0068204906166486395,1.0016027874542601,0.027641193920591344,0.011618479913213612,0.012937464211075538
1.98,0.008591676581297055,-0.005511742592507315,1.001279161624322,0.025552020006268057,0.007604337844765559,0.02763495889625417
2.0,0.007641084913145152,-0.004323215870290081,1.0013666265215324,0.036223063336869685,0.01542990814915889,0.05770907434107987
2.02,0.006716054858498657,-0.0032111781393801514,1.000512324863863,0.03511575714913929,0.011854997640120027,0.07450102674403923
2.04,0.00587597877741532,-0.002269856957778954,1.000548579245959,0.03430810647022407,0.02276718134595412,0.07567655599726696
2.06,0.005093490373807702,-0.0014638718080096742,1.000604027023561,0.020781212928464948,0.02104813095151245,0.07406285733111022
2.08,0.004381734445937521,-0.0007486043803626978,0.9995088823461801,0.016841560261982975,0.010024667253983564,0.060215402504311705
2.1,0.0037912948449398175,-0.00013666900069060042,0.9998517529617398,0.02733662955596426,0.01274574510512194,0.0606656380614836
2.12,0.0032459792269902577,0.00040910759285908444,1.0003240641475593,0.0242753215209615,0.002118561759085477,0.045870172810593246
2.14,0.0027455119087329326,0.0008725555467442082,0.9999628719721325,0.03280067221875844,0.0038664673352653217,0.01826145690174975
2.16,0.0022604984286935617,0.0012231366464259849,1.000338172256741,0.028022391856889456,0.018721937779430115,-0.02459663895406238
2.18,0.0017888071146869792,0.0014786971962024232,0.9996868692676975,0.013145207837380978,0.022866314570432787,-0.05556796323634383
2.2,0.0014018523491172736,0.0016007781414604382,0.9997943166117214,0.013109063659918737,0.011998116559997881,-0.07070833473406024
2.22,0.0011018883286978648,0.0016662982557003215,0.9999027753419578,0.025275358611101986,0.012762726549479896,-0.07144686374747254
2.24,0.0008532213676214905,0.0016673815926578947,1.0007145053669826,0.02463968641786977,0.0005575322894539138,-0.05684786182658438
2.26,0.0006361480905541464,0.0015934040745989,1.0004781795774167,0.01276915882272187,-0.00032931622672148443,-0.029257840105512616
2.28,0.00041641621946383867,0.0014366910205339729,0.9996827321012152,-0.011200039861376201,0.011188829235353602,0.012046221116555296
2.3,0.00019314273328189946,0.0012125036891416114,1.000268317278195,-0.02118591253203746,0.009333197268662915,0.036484898536245404
2.32,1.8111234112938525e-06,0.0010210681145645028,0.9998064589797677,-0.02139486323333426,-0.002573601023903908,0.048820220785829246
2.34,-0.00014935824033535593,0.0009304131487236389,1.0001015780681615,-0.00836872728519339,-0.0013667021705987964,0.07641512817661733
2.36,-0.00031138995732886735,0.0009044020365437356,0.9995154625057088,0.016533190196262114,0.011080658554159626,0.09093652848278434
2.38,-0.00048383405660259944,0.000921827753727127,1.0002785771849423,0.026229332335496038,0.007868722618897917,0.08838113779283563
2.4,-0.0006061888225881488,0.000877643506714815,1.0011049579249163,0.02376131792055866,0.016691158948409526,0.0716425486214226
2.42,-0.0007008123698113156,0.0007642750610361159,1.0007316873011933,0.011655537766448523,0.015460095853992271,0.0664925354559088
2.44,-0.0007271817380481956,0.0005673601755808897,1.000153821537931,0.010894436833881754,0.0031905057066959138,0.04721717603396637
2.46,-0.0006762388779412399,0.00032001927371926405,1.0004269423199619,-0.003340191674607354,0.003966024412269305,0.012420742367151261
2.48,-0.0006145843508262967,4.16994291234756e-05,0.9996851652920453,-0.005849230914162222,-0.007030307828686879,-0.009648700323833262
2.5,-0.0005339149463880807,-0.00021992216913143764,0.999882551488319,-0.022924008009886372,-0.003305831943992037,-0.015271325133718932
2.52,-0.00047742334401646786,-0.00046087225796039325,0.9996173854834827,-0.027620157864110897,-0.012127331020873273,-0.006869994311790981
2.54,-0.00043584531985006194,-0.0005860394398644729,1.0004632005147385,-0.018746603974059382,-0.007254835065159963,0.017392089961857163
2.56,-0.00042339212035357983,-0.0006435738001650341,0.9998251131559118,-0.0006677881165149325,0.006796403802918378,0.0527627802838343
2.58,-0.0004520746795711607,-0.0006000350145168809,1.0006931216055914,0.003110206533070089,0.0072250587213080935,0.10509979015360875
2.6,-0.0004645100229574413,-0.0005540689622422434,1.0000432012638136,-0.003952688215994641,-0.002776935505196446,0.14574531117149642
2.62,-0.0004425997749338828,-0.0005188148573819486,1.000044786447627,0.003167897054419968,0.0015505259812423125,0.17036318290553687
2.64,-0.00043378532375302245,-0.0004697785588890423,1.000063752815995,-0.0030122639864611843,-0.007519761509020537,0.18019730693156913
2.66,-0.0004176254215474497,-0.0004309609703109404,0.9997229552031495,0.003412480727045355,-0.0037835196480685766,0.17594954049722783
2.68,-0.0004371423912355658,-0.00038491538251548397,0.9999552025028552,-0.0028618128276856167,0.012466511250983027,0.15629714772537842
2.7,-0.00046824096690422355,-0.0003538205246981439,0.999975126939188,0.0024289456023402953,0.017434210411165756,0.12284603930534328
2.72,-0.0004545107326770657,-0.00030475378022490525,0.9998496846556489,-0.005270722188941819,0.009046004231539295,0.07502554116984894
2.74,-0.00037675746843132907,-0.00025672497499583174,0.9994421767289541,-0.0013425292209036466,-0.010455870381805454,0.013516200558166633
2.76,-0.0002597988023946571,-0.000181719618423695,0.9996675403942146,0.015728086053886307,-0.016609012049107728,-0.03266206873123342
2.78,-0.00018606429413563534,-0.00010182873148860808,1.0000906942001415,0.018902237355331364,-0.00897162394190455,-0.06353497707119425
2.8,-0.000167378135894612,-7.077549353905248e-05,0.9998062829441922,0.011246774323966353,-0.012204971210078651,-0.08163112055610362
2.82,-0.0001871211665956356,-0.00010896867704994189,0.9993852077467291,0.015056570159803882,-0.004176557488404444,-0.08546509436072865
2.84,-0.0002711954929703259,-0.00019737741837800438,0.9999632118549454,0.005260978220873882,-0.009551151997482092,-0.07343492798376076
2.86,-0.00037002036839865103,-0.0003255643425816559,0.9993416202927905,0.005198844046455117,-0.005478083874218703,-0.04945364993610406
2.88,-0.0005189183862397352,-0.0004766504151079048,0.9998606903327814,-0.009680466574569632,0.013811569342220251,-0.0089033213888202
2.9,-0.0006866565475691434,-0.0006439046647831644,0.9997695867157327,-0.013022052235668442,0.02178954087635803,0.02809430001336849
2.92,-0.0007956279909812102,-0.0007707004156033967,0.999977179010426,-0.004294347558686689,0.01726547209900781,0.05031522800855594
2.94,-0.0008256285659546453,-0.0008471844540633261,0.9999475212421632,-0.006918355379470369,0.0016316550744509323,0.08649253317587051
2.96,-0.0007898311632667388,-0.0009036847775891679,0.9998602766654135,-0.002087116668694112,-0.001182679343287331,0.10791883602007113
2.98,-0.0007497148587278013,-0.0009303900590169375,1.0000827642206571,-0.009559551081282397,0.008174595561355061,0.11436106960680611
3.0,-0.0007144987725071217,-0.0009503049187269151,0.9998605480180653,-0.00588005703700062,0.006503196549238126,0.10742748473961736
3.02,-0.0006489541727214785,-0.0009251652487298489,1.0000364432785267,-0.01607566379726142,-0.009369821103516555,0.08525406179029779
3.04,-0.0005613204910014359,-0.0008752161273742162,1.000086683166731,-0.01335477403329322,-0.012079644711529825,0.04844189682896301
3.06,-0.0005132929613337963,-0.0007690917773137792,0.9999100436506498,0.0010675060488723855,-0.002567136926138766,0.016882520612563505
3.08,-0.0005198988855538652,-0.0006082735548532988,1.0001079998044158,0.0028484949452650446,-0.005149302854634149,0.0004615807500456408
3.1,-0.000535067251000247,-0.0004513192978955735,0.9997473553453765,0.015454699306728253,0.0031475531844883,-0.0026635091986743926
3.12,-0.0005773977202856665,-0.00030954196471000766,1.000745618759632,0.01403575293627603,-0.002302455705893942,0.010739008597629326
3.14,-0.0006115522690767214,-0.00020840838952018825,1.0004435641378877,0.003066012060001237,0.0019438672935839642,0.01264109696947315
3.16,-0.0006525417160531032,-0.00015220446684035386,0.9994113315646033,0.002758986474462622,-0.00411493232079017,0.0015706878968157606
3.18,-0.0006830114756936022,-0.000112132655223551,0.9997489213630795,0.01638525752967342,0.003568997154081374,0.007211879724715716
3.2,-0.0007291585707646146,-8.265728041556474e-05,0.9999861320221739,0.01820534784351606,-0.0003323756004925303,0.026862910645337888
3.22,-0.0007615446261367753,-0.00011410146037593739,1.0000252300025176,0.008503833621925054,0.007485484458298226,0.03273675909621855
3.24,-0.0007933897703483765,-0.00020532491081681748,0.999428504407421,-0.012548856529986923,0.0039834993112633854,0.04100408434341865
3.26,-0.0007935012849672955,-0.00033020208938819675,0.9989982914354769,-0.02159896077470508,-0.011309133831195797,0.03471567426816373
3.28,-0.0007769910372957867,-0.0003940565080102461,0.999444437953473,-0.01732709775748631,-0.013350722809624963,0.044014186859340006
3.3,-0.0008002121862981678,-0.00038800298736692675,0.9992655885733898,-0.0023422379804332047,-0.004495654546019916,0.06621713436662942
3.32,-0.0008848521866258953,-0.00030907979772976633,0.9995238132460592,0.00047025306833615283,0.01643313570536307,0.07315959817841909
3.34,-0.0009884523453737029,-0.0002218573889107446,0.9999621469502564,-0.010089285456082918,0.02365699199361572,0.06485363262950464
3.36,-0.0010321576181507126,-0.00013204005629392424,1.0001215218594575,-0.009422545401468495,0.019630693055398215,0.04283295827422099
3.38,-0.0010057288384959782,-6.861473602009187e-06,0.9994141703774059,0.001480053032209127,0.005338392773699257,0.008265021818189755
3.4,-0.0008890104636837898,0.00016642874745409256,0.9994882776255928,0.025750900000819907,0.004531988840253575,-0.010814367894308553
3.42,-0.0007476946179098656,0.00033295228231780723,1.000257203719794,0.037224447327921864,-0.008948585670783106,-0.01452259440298454
3.44,-0.0005920651408652453,0.00041178283230155555,1.0004984994759718,0.03647730444322278,-0.010312105378373983,-0.0052699459455337015
3.46,-0.0004656058578528124,0.00037696248404818397,0.9998804768294302,0.025494388037262162,-0.0008971646865334139,-0.008290202686564949
3.48,-0.0003830881217737806,0.00019009997935629715,0.9995160836988196,0.0020905568048259953,-0.004175581361521858,0.002968215834015444
3.5,-0.0003048473093325221,-9.34116167418673e-05,0.9990293829336085,-0.009572079192086299,0.0037383607677653353,0.02844230181820928
3.52,-0.0002469860520013477,-0.0003869365756290522,0.9994955512201428,-0.007870129628425263,-0.0014907212988115165,0.03793563371585523
3.54,-0.0001763728555543628,-0.00064447805414022,0.9997356616370324,-0.01769731618691828,0.004542921603287849,0.033446111091499565
3.56,-0.00011216841449022907,-0.0008740764482392812,0.9996074457266377,-0.016213566359338277,-0.0006321364379436357,0.015499870369926345
3.58,-3.1708433849728416e-05,-0.0010298034189851653,0.999689357679468,-0.0020320151785751936,0.00709934210683433,0.00016559271628466046
3.6,4.487708660032119e-05,-0.001115530127735872,1.000163578849613,-0.00035138977215234637,0.0027614510159756182,-4.2974973152775605e-06
3.62,0.00014205334935125827,-0.0011952712566257935,0.999626714455712,-0.008868411121353167,0.008382816970961236,-0.012466769884660691
3.64,0.0002524582959487432,-0.0012732533979656533,0.9999896877666352,-0.0027381555142896056,-0.0007347542719171138,-0.008539498262274212
3.66,0.00038597531759511567,-0.0013272299371018285,0.9991642985457847,-0.006778919765503745,0.00016166141484703995,-0.010810575921584397
3.68,0.0005160155657687017,-0.0013681775995038699,0.9991507522531998,0.0035259901593816157,-0.013437203914279158,0.0011626584850928734
3.7,0.0006469491311460501,-0.0013803025001892263,0.9994654519573782,0.0014023017088146132,-0.014889482086948163,-0.001780454970941245
3.72,0.0007332668456087745,-0.0014041527347054817,0.9991731036472573,0.009935722582751239,-0.00567147902894643,0.008465051074986813
3.74,0.0007450366531454901,-0.0014348644731349645,0.9999618332844264,0.0046527860246183255,-0.009756966804437082,0.0347993124529262
3.76,0.0007407932680733089,-0.001494147290197389,0.9996941910079992,-0.010487944815995331,-0.003618093174855125,0.04897111530925067
3.78,0.0006959322284459666,-0.0015745184408082395,0.9997427722871999,-0.01312081796214138,-0.009598651313843971,0.0482616945992185
3.8,0.0006350730748959778,-0.001614814368427416,0.9997563237429118,-0.003981159586707075,-0.0037719048573894914,0.061643898572485756
3.82,0.0005328536889578317,-0.001603852216611611,0.9999013095371383,-0.006687996815532954,0.01378439998680407,0.06030239863699862
3.84,0.00041488060271660195,-0.001578124014278357,1.0000753360501,0.002596713523894417,0.019515889253973576,0.04480318970891514
3.86,0.0003479992732780098,-0.0015237541378108972,1.000147140745655,0.0003980565629973668,0.013772869795252721,0.04347020739368346
3.88,0.000346901796523323,-0.001475193097202016,0.9996498789967233,0.010176115810827897,0.02049441339603638,0.02851907186271776
3.9,0.00041857490164911806,-0.0014256111216785574,1.0005145992580202,0.006288164717349599,0.013471607982988909,0.030175389190138326
3.92,0.0005376384818432712,-0.001397969727359728,0.9997421466494929,0.01241364615846675,0.016923031653733763,0.020621597752053744
3.94,0.0007348167552457166,-0.0014040255089729366,1.0007777457535334,0.004269709237398314,0.005930023339536785,0.028331401778605655
3.96,0.0009719527393793016,-0.0014382573955897188,1.0002283640253686,0.006290115141799854,0.005554552786609354,0.024699110571777382
3.98,0.001238175178254427,-0.001492309887201588,1.0006004769181156,-0.004870229213509267,-0.007995383019984348,0.03700809302341162
4.0,0.0015210493470312336,-0.0015644967499592573,1.0000075816907565,-0.004546709359069133,-0.009747876385867275,0.03648973384630982
4.02,0.001759848441202682,-0.0016120948416031822,1.0008611227247526,-0.01814174443376814,0.0022311210408670745,0.01905857624232397
4.04,0.001968594856852453,-0.0016470331260552212,1.0008071154644893,-0.021285047231104276,0.003959159846013741,-0.01075519072447055
4.06,0.0021840933820354087,-0.0016151808598922298,1.0005048385126483,-0.01281717820726735,-0.00574277225344172,-0.05414810230799422
4.08,0.0024147613908089083,-0.0015055112387377064,0.9999469507545111,0.00892220181631601,-0.027613829248597066,-0.08329911901837263
4.1,0.0026205386343586073,-0.0013316892840404175,1.0003697663789257,0.015947754805847036,-0.034240689003208466,-0.09605849508484289
4.12,0.002714986306078467,-0.0011839511540017945,1.000804663131026,0.009302544720647482,-0.02763076961057503,-0.09386646487735248
4.14,0.0027190841351737985,-0.001068259248018714,0.9998530444393886,0.01165629676955759,-0.011947381740714302,-0.08007249155383225
4.16,0.0025766691473028455,-0.0009871129542255775,1.0001431109024117,-0.00022032188418000847,-0.00987759566964659,-0.050116876953481285
4.18,0.0023942411550156094,-0.0009393572709426618,0.9996377221061642,-0.0015494998805635114,0.00242032171795561,-0.007418465446796689
4.2,0.002165480722846222,-0.0008882687339496122,0.9999296219368676,0.011262187820877533,-0.00019424418867020402,0.05142137648632291
4.22,0.0019460373591341344,-0.0008314714005767846,1.000056035362189,0.01264771547783898,0.008611835178596322,0.09613052892687765
4.24,0.0017281923464725674,-0.0008162682718287328,0.9999529715175166,0.0011107886019258123,0.004807475878911222,0.12622379721357774
4.26,0.0015449490127352544,-0.0008424589594338929,0.9994476741813032,0.002153226714956931,0.013871682079972752,0.14239889231558955
4.28,0.0013876044412534359,-0.0008712335938909218,1.0002677867985168,-0.012065865196002452,0.00766810591223667,0.14146554561997096
4.3,0.001270460629800824,-0.0009004491497760699,1.0000216310070158,-0.015187440848435964,0.011365290317162994,0.12793561533282952
4.32,0.0011777641438444585,-0.0008757815669385627,0.9999899817084936,-0.006127730902038076,0.0029008476912108006,0.0998760831829158
4.34,0.001122844632166673,-0.0007844295557571048,1.0000772277668812,0.01604006226698288,0.008080635791178108,0.056706896067111275
4.36,0.0010767915517158185,-0.0006683891202801614,1.0001216216560531,0.026515641976093667,0.0018846742244131806,0.027837544657539813
4.38,0.0010690656304030066,-0.0006188030908893046,1.0005113208058056,0.02429884359784339,0.008116547468316927,-0.015652840581667125
4.4,0.001069370453311797,-0.0006502290912449043,1.000040948379049,0.011823414990001295,0.003469609189530148,-0.04670955290494196
4.42,0.0011022733861824545,-0.0007845765560449676,0.9998651871108212,-0.012581246434593091,-0.014059656422338402,-0.06281757430626234
4.44,0.0011462887924934264,-0.0009645880479036922,0.9995925152739634,-0.025124798408497177,-0.020266717012695577,-0.06461835552929848
4.46,0.0011347081098221725,-0.0010880618240273344,0.9995955347558886,-0.02554079445517357,-0.014153525212651081,-0.05182670901103782
4.48,0.0010437166212448853,-0.0010987714365796374,0.9999475054039013,-0.012589164426387923,-0.021673910589786294,-0.023328415822809548
4.5,0.000910535216293025,-0.0010228859025231336,0.9996779892906009,-0.0118958276076346,-0.016474578635690584,0.018392140113211185
4.52,0.0006840760001792751,-0.0008898578761376076,0.999857083815021,0.0014335838851843475,0.0010680970162116508,0.07511128905518474
4.54,0.00039543705714715946,-0.0007136251478960077,0.9998521578777607,0.002140381640995589,0.0053083391500446985,0.11733846482310278
4.56,0.0001114613471513465,-0.0005426316049674052,0.9997036119229991,0.016144857227767092,0.022408746477097213,0.14517958407578452
4.58,-0.00014713221769167096,-0.00037862810134439825,1.0001894651744214,0.01590823539698448,0.025140195232190424,0.15695240262449064
4.6,-0.0003299482010321631,-0.0002540259261393112,0.999837535752342,0.003543712124923328,0.016218702055316517,0.1554656894013579
4.62,-0.00042014608555147615,-0.0001694197655625256,0.9989500539530962,0.0031494078471172144,0.020009112843754423,0.140405160943755
4.64,-0.000416818344120134,-9.046609929459635e-05,0.9997819204096763,0.016981746813931,0.009769792493732945,0.10807132228398339
4.66,-0.00034894600682677676,-1.2593225321387314e-05,0.999879723116006,0.018882831747511333,-0.012553022581093086,0.06240866667511662
4.68,-0.00023443196706962214,1.1838503443825075e-06,1.0001021620935913,0.008686058943632325,-0.022914714726549316,0.002755311036090836
4.7,-0.00015616049449559076,-4.7573347442072474e-05,0.9995890550048541,-0.013671799607042867,-0.02198912018555432,-0.043092748649404176
4.72,-0.0001880897876474442,-0.00013839104618275944,0.9999669374025251,-0.023374588815232945,-0.00834155964786661,-0.07298348722198394
4.74,-0.00029612969983931954,-0.00017711183526627233,0.9999851120407868,-0.020769000843785357,-0.007268965272579644,-0.08849854709705594
4.76,-0.0004265620163752879,-0.00013449299997110337,0.9994816469821213,-0.007379049956039771,0.005065425365200679,-0.09084763576593768
4.78,-0.0005829423969371342,1.093690038425399e-05,0.9998794188731694,-0.00739902058495307,0.004664367880452697,-0.07711768413801423
4.8,-0.0007209788055218611,0.0001782104908347365,0.9995448056703922,0.0033397787014773184,0.014767496112046719,-0.05056439597449202
4.82,-0.0008353983220648047,0.0003769437459080851,0.9997926928043063,0.0012917957535169204,0.012411162056508093,-0.008695216284046
4.84,-0.0009007587808540766,0.0005618059060973901,0.9994786118298854,0.009706632607066367,-0.0008585579539739351,0.019750016313581018
4.86,-0.0009107961893351184,0.000740278378832467,0.9997019933592057,0.005190739258786869,-0.00147773380121393,0.03297824666935439
4.88,-0.0009230284063331392,0.0008864815216723932,0.9993095032664419,0.01156094099651673,0.008416212908464055,0.059410090849792506
4.9,-0.0009417306085132644,0.001006577973351864,0.9999598694790918,0.0031355488297484823,0.0035064832072248617,0.06907837793231525
4.92,-0.0009364255635850395,0.0010974257763727551,0.9993296252795155,0.005605794955852344,0.009821121248961605,0.06670920853155317
4.94,-0.0009125860546242045,0.0011737946346493204,0.9997707555415016,-0.006745665888355528,0.0011396811210238446,0.04767780660148845
4.96,-0.000855560668960344,0.0012339803872434816,0.9995554996423552,-0.007427463769814053,0.0043376297901204985,0.02252429338429052
4.98,-0.0007952166834585142,0.0013220954146125324,0.9995394157223239,0.004194394326433235,-0.004441233810714321,-0.017191315264261063
5.0,-0.0007183792902314497,0.0014399896522729492,0.9995709343272416,0.027716726082449548,-0.0008531189516434908,-0.04253514649751263
5.02,-0.0006627848334588257,0.0015384628822398766,1.000376063151824,0.03653648657847811,0.017342856944216254,-0.05144557901404269
5.04,-0.0006150426680993227,0.0015305472983575135,1.0011035183899604,0.033546493995082784,0.02352798181398553,-0.04661111806542377
5.06,-0.0005288280333684193,0.001429357210787682,1.00040439711121,0.021435920696245468,0.020131065217339657,-0.030792467824530365
5.08,-0.00035029041691638044,0.0011824405843039215,0.9999965730530483,-0.002792832374864432,0.004239136055867081,-0.0003000404314446091
5.1,-9.196216509690426e-05,0.0008451557632700815,0.9997759945456401,-0.013620372156916307,-0.025533113782481714,0.04523090443438135
5.12,0.00018544443120580733,0.0005208476299756659,1.000185114886094,-0.010956999159120608,-0.04143996193223692,0.08402393566158768
5.14,0.0003629591668227589,0.00024432170043003004,1.0004882335707852,-0.019709135035013724,-0.045778853985327175,0.10858638004299132
5.16,0.00039494909833805495,-6.341472482655904e-06,1.0003130349100517,-0.015354712125516035,-0.03774204707759799,0.11908628271789293
5.18,0.0002467413524082109,-0.00020143591487924994,0.9999967864928307,-0.021903962921858883,-0.018478515419751703,0.11520249073111398
5.2,-5.6710231735369084e-05,-0.0003538060918572955,0.9997122676605551,-0.014691298252518454,0.013989985285754025,0.09651844452632534
5.22,-0.0004400959531508452,-0.0004306131137256894,0.9993487235526569,0.0043914140485422255,0.034673924115669524,0.06450900571154908
5.24,-0.0007612088020575172,-0.0004282430260859752,1.0000182493251772,0.010084660099269588,0.042371796518156764,0.048830396332832364
5.26,-0.0009621971059388952,-0.0004332548806256284,1.0002016541013459,0.005195776093096789,0.039049762801981205,0.04646543450693263
5.28,-0.0010378516268202001,-0.00046167436221633773,0.9993867761707567,0.009932471597448369,0.02584949425331843,0.031658047506811254
5.3,-0.0009120137153652535,-0.0005074049504194222,0.9997820566207727,0.000280446438068385,0.026148700982021374,0.0006377910154516299
5.32,-0.0007017507282351619,-0.000582546782897612,0.9994885959220617,0.00322582946801029,0.01416209982124721,-0.017010710337184164
5.34,-0.000380866845367148,-0.0006587451123846156,0.9995113866418597,-0.005614520927457553,-0.010081705588834767,-0.01957522633205375
5.36,-8.580083118775049e-06,-0.0007475779718923908,0.9992766703056188,-0.002766560749250778,-0.02304073921771135,-0.008411980446739648
5.38,0.00031742291344325385,-0.0008095391720476275,0.9997338089855715,-0.013717618810406909,-0.022068818363696698,0.006675293621998127
5.4,0.0005663363857106191,-0.0008615682093294913,0.9996076237737477,-0.01390337269768766,-0.010260858585815961,0.03389008592931754
5.42,0.000713053554524438,-0.0008510879662170516,1.000163445701302,-0.000832690404994753,-0.01161592433018075,0.04579585089246397
5.44,0.0008238821750328906,-0.0007954356563856414,1.0001333436877786,0.0015249472918342155,-0.00242772754122835,0.04442789788876104
5.46,0.0008907180969005224,-0.0007386965709587622,0.9999542672032901,-0.007916471662781907,-0.004710248706556382,0.057035411340037596
5.48,0.0009480473332881856,-0.0006885438112132856,0.9998647727063992,-0.005378609851694868,-0.01882976077149751,0.05515553978229155
5.5,0.0009784252397295459,-0.0005985722891790722,1.0010756937440026,0.012319456556032213,-0.017697196205699678,0.03604382069235266
5.52,0.0009579749355363323,-0.0004971513674444585,1.001025412368447,0.0204837687167474,-0.007056618441362403,0.005293670420699144
5.54,0.0008795313371152841,-0.00043938386820451176,1.0004193207032612,0.01747697769400658,-0.007448517248302865,-0.01236124558924567
5.56,0.0007720261174682041,-0.0004677000568586557,1.0000856583705084,0.002147213455180942,0.0044679989606294535,-0.044632058056949156
5.58,0.0006336595881761743,-0.0005661994762524947,0.9998703989378374,0.00016012979571643674,0.002502043202495936,-0.06203314717904969
5.6,0.0005130928843176752,-0.000674113035487413,0.999784884637799,-0.015246595286643303,0.013965233261076846,-0.06448593969558714
5.62,0.0004021209447562658,-0.0007831419987836955,0.9995977943982249,-0.017576185310836875,0.012184270324966016,-0.05230993882920586
5.64,0.00035578470595519913,-0.0008301421594829713,0.999817044189625,-0.005957548767161034,-0.003467649167986806,-0.024563890130887247
5.66,0.00035621713520322365,-0.0008166944498648338,0.9996868274165298,-0.0067575882341450845,-0.006118725182117897,0.015703950410162173
5.68,0.0003431036417965873,-0.0007786123604977762,0.999716353310824,0.0047781612850473715,0.0031032761338777724,0.06950972101754246
5.7,0.000303263321506792,-0.0007119473869969775,1.0001215859072041,0.0024508645124110403,-0.0017089400260779945,0.10775656221219335
5.72,0.00027424176999926345,-0.0006596585100089122,0.9997533127472465,-0.010338667214072833,0.004207162196632115,0.13317326755248504
5.74,0.00023811168206418757,-0.0006204323017513402,1.0004339716446027,-0.009685931453976967,-0.003131918884276232,0.1424436819393994
5.76,0.00021036048748770896,-0.0005489833908656224,1.0001789395709406,0.0025315700259357535,0.0011011248061091967,0.13867950391222272
5.78,0.0001641692684930332,-0.0004398712820981137,1.0001295429358705,0.002549300255702692,0.01720265618047101,0.12016947383479265
5.8,0.00012329124692969494,-0.000339472666038474,0.9998227894903533,0.013980383717222612,0.022123366863148287,0.08799207711404806
5.82,0.0001599065892429417,-0.0002412444677531447,1.0000516175330105,0.011264948084906806,0.012747613340886331,0.04009000964950746
5.84,0.0002697444070253834,-0.0001808266914633984,0.9995081373444594,-0.0012489777596966657,-0.0074956099354208236,0.005190183924771546
5.86,0.0004427012248815348,-0.0001719589291131221,0.9998374620968725,-0.00019185992782325663,-0.014813297129817198,-0.0137508432569421
5.88,0.0005887355835639423,-0.00015877853869556452,0.9998163729984914,0.012013366104898091,-0.010848889924359801,-0.019068366987906954
5.9,0.000666706713717641,-0.00014379402607375284,1.0004630097412675,0.009715541473117978,0.007542364128955228,-0.008423486005743363
5.92,0.0007123893224522849,-0.0001631673473614181,1.0000983633366416,-0.002799017316774811,0.01584182017352847,0.014176982520866679
5.94,0.000791437594797816,-0.0002263103857795008,1.0002913739473218,-0.002699839263536361,0.011709365517626977,0.02138018936992638
5.96,0.0009231592433342041,-0.0002793110509269011,0.9999016379197022,-0.013327815930430153,-0.0030919839799619458,0.041884486098719025
5.98,0.0011090929906214778,-0.00031851422767696815,1.000255051498964,-0.010666651984895154,-0.004973620991089796,0.07645633817397691
6.0,0.0012832503736107728,-0.00031565528933252747,0.9998752924861813,0.002430920718727974,-0.017729516933390976,0.09811769807797932
6.02,0.0014310377148264422,-0.00026621056074331714,1.0001183107751377,0.0027276978786174894,-0.017969310781761318,0.10426741809398626
6.04,0.0015165936244948696,-0.00023163666346703174,1.000009133764424,-0.007988862386869343,-0.007007536645960217,0.09674842943525389
6.06,0.0015304502962927063,-0.00021575696715863183,1.0000523308408356,-0.006292828274372511,-0.00794289863216797,0.0746950418439063
6.08,0.0015150168294060281,-0.000172393716354435,0.9999550804686983,0.00833331704291272,0.004322210471525495,0.038197299246707804
6.1,0.0014637880612272352,-0.00010481324541716601,1.0002055353312702,0.01038280030856324,0.0044235191728754395,0.016722186893927505
6.12,0.0014276113576921485,-6.370854594296978e-05,0.9997726814723814,0.0018906196333321195,-0.006246055000427851,0.008200976819289035
6.14,0.0014115706396412417,-6.772645569042576e-05,0.9997944190176264,0.00606922585838889,-0.0046372648643258465,0.014867702349162812
6.16,0.0013709987703843175,-7.93907113347023e-05,0.9998355199509785,-0.0017884386679209022,-0.014761715413472386,0.035856330870381106
6.18,0.0013122448077010497,-0.00011563455522242495,0.9999628434187903,0.0023457329115431874,-0.013167112794872942,0.07127452613564758
6.2,0.0011967749880314987,-0.00014702899875960432,1.0000009069740339,-0.0048198097240172095,9.549625483891006e-05,0.09241278607213531
6.22,0.0010327093176350924,-0.0001907050885443584,0.9998736550436632,-0.00017085653638604871,0.00187125689682458,0.09958276100623172
6.24,0.0008673129620671628,-0.00021422585472283576,1.0000111195771717,-0.00916916389127384,-0.01020362966509858,0.09161350067227739
6.26,0.0007090651500305853,-0.0002363738887121672,1.000030525655871,-0.005203297476647817,-0.009052261653139566,0.06905368969669577
6.28,0.000510451069441556,-0.0002283256246864084,0.9998111434919953,0.011553370433807771,0.005142250082934289,0.032286144223141515
6.3,0.00026993902646529227,-0.00019982960938228533,1.0001511005518804,0.015352814531653772,0.0068658605345157395,0.010906698949848883
6.32,4.808483566161659e-05,-0.00020947478928198368,0.9999197394038881,0.008405328411207051,-0.0024062556776383204,0.002644687858104568
6.34,-0.00014505283134240744,-0.00028110435418004685,0.9998260245641857,0.013658191521239935,5.179064820827611e-05,0.009067167448911178
6.36,-0.0003482373920992021,-0.0003886772072338972,1.000092192008344,0.0063844535216346174,-0.009852143321096464,0.03033460736948649
6.38,-0.0005506244773002136,-0.0005453143045021558,1.0000368966536162,-0.012194980590926108,-0.008169332688383754,0.038090446876824745
6.4,-0.0007866137973078449,-0.0007251906282623882,0.9995591906227768,-0.019667176087500123,0.004452471672943397,0.059274795956071866
6.42,-0.0010645229735800846,-0.0008469512859151818,1.0000429419263335,-0.013652012671436663,0.003645704495967647,0.06468538294395856
6.44,-0.0013316882717269642,-0.0009048070373592411,0.999812702721262,-0.018332287312021245,0.013112494007523673,0.056981860206022965
6.46,-0.001586646664372467,-0.0009023111220543997,1.0000136105849908,-0.01047338339020653,0.010026025231485557,0.034439207811499756
6.48,-0.001799612394711402,-0.00083373534017228,0.9997626801750701,0.009539436498465715,0.019513610943010202,-0.002066968621196458
6.5,-0.0019678348285850854,-0.0007153227979293457,1.0002059459815849,0.016757416453464378,0.016486846025339803,-0.022894763209526207
6.52,-0.0020708721511385722,-0.0006289760786491469,1.0000652335573286,0.011910280519425467,0.02567665910678942,-0.029944210745361976
6.54,-0.002102873115198701,-0.0006182091324599937,1.000411577205423,-0.0053230778230509744,0.0220821926475526,-0.02205324847996999
6.56,-0.002064370855161027,-0.0006427488922602274,0.9996217503889899,-0.013022612564373698,0.008921304958203717,-0.0261828859851494
6.58,-0.0019363482761867497,-0.0006477580084105196,0.9989468650967781,-0.008323427433340492,0.007746911383263395,-0.01594352620977203
6.6,-0.0017639327094894621,-0.0005913169757313736,0.9991583244344264,-0.016799085478979896,-0.006209899881044139,0.010363045422128972
6.62,-0.001555708706894198,-0.0004975110397436068,1.0000122797640112,-0.012231097775175165,-0.0074108741725237735,0.05186660429262915
6.64,-0.001364593153503492,-0.00035938772474720904,0.9995982729690538,0.003581945706278908,0.0019848731385095648,0.0810125837339358
6.66,-0.0012128858948619438,-0.00016358147478135433,1.0001495850938564,0.004760875071303982,-0.0037201234094422714,0.09375021836186113
6.68,-0.0010544696364716848,2.1790513259834963e-05,0.9997933753750042,0.01760453262462095,0.0023522489254634966,0.09357778614134954
6.7,-0.0009118952747049979,0.00018247248295238954,1.0003400038227845,0.015959783214770804,-0.006292538160407909,0.07693019824222468
6.72,-0.0007581255685975591,0.0002939093371377076,0.9998035022956427,0.025570018251672367,-0.003149159248478333,0.0479059391056464
6.74,-0.0006292414587395883,0.0003248163037323824,1.0002528503592019,0.021804696656490635,-0.013526476988039273,0.03426616090042667
6.76,-0.0005065183541467668,0.00027468529489681345,0.999934420042402,0.007497372561670555,-0.013231039826814244,0.008198842585111958
6.78,-0.0004319410239489637,0.00014085516374373356,0.9994580176508626,0.004499658449338543,-0.0018194807275543742,-0.0036368328657550137
6.8,-0.0004253812975550448,-3.2114146301740496e-05,1.0002219913687367,-0.012457012333533314,-0.004185105683998482,0.0008087757403070046
6.82,-0.0004231195344183695,-0.00021544521085505394,0.9994035080808522,-0.02064211054925052,0.002066062211281508,0.016064359181269847
6.84,-0.0004439134164217001,-0.0003301833564618298,1.0001609721733216,-0.014577643953009823,-0.005937506099890767,0.014534799746264895
6.86,-0.0004606243347848287,-0.00039635285985143917,0.9993422762482593,0.0017015791403506486,-0.0037742743421173785,0.003457966065359033
6.88,-0.0005101086434630592,-0.00038519678182273836,0.9999365348669171,0.003976622333782793,0.011902963197686297,-0.02443456269374305
6.9,-0.0005712628403563269,-0.00037937830118316287,0.9997179094536015,-0.004336738675737932,0.017063557716335713,-0.03970737395297284
6.92,-0.0005830549851375048,-0.00039139040307687275,0.9997574985729588,0.0011978269015698343,0.008403418390508946,-0.03976210252760183
6.94,-0.0005370187909500321,-0.00039111826670590555,0.9992339459230982,-0.005294009409399837,0.012242017594546318,-0.026168329828366768
6.96,-0.00045017725493101636,-0.00039833555875670707,0.9996825938688892,0.001468363026012704,0.002811388827351571,-0.027201196848437234
6.98,-0.00032857939282873543,-0.0003915554276614995,0.9990247612872097,-0.0029060186533227776,0.004887542157928939,-0.015730377137858367
7.0,-0.000193368450739295,-0.0003924251599151886,0.9993974850867592,0.0060734331983451325,-0.0063072651481733515,-0.020416477246275665
7.02,-4.150713408465715e-05,-0.00038368218252387556,0.9992477860134498,0.0027817960469946504,-0.004952517744553738,-0.011329770877058169
7.04,8.369005716598417e-05,-0.0003994797692521939,0.9993059257585329,0.012849604003957413,-0.01745370766381318,0.012743025160830628
7.06,0.0001873004251513208,-0.0004270150128910827,0.9997552177328063,0.010477641528964946,-0.01754468755853524,0.021873263649706418
7.08,0.00023736309562549205,-0.0004949524559242555,0.9993762181024758,-0.0020702901748054993,-0.007100476231716014,0.01838080492858812
7.1,0.00021318537442524755,-0.0006093815992842069,0.9993632781199804,-0.00186873816069226,-0.008771055999140864,-0.00013101307678682424
7.12,0.00015843656669609348,-0.0007154061667116103,0.9997162697929902,-0.014117315633259455,0.0016944679811871372,-0.033655922007786644
7.14,7.247723548673451e-05,-0.0008146808225155134,0.9997124226993468,-0.01380194740874724,-0.0006086260285548494,-0.052954202113333966
7.16,-5.032037503364904e-06,-0.0008595644647301094,0.9996532386265877,-0.0017732602962920658,0.00902716846352694,-0.05814723342452011
7.18,-8.192341747889212e-05,-0.0008419107885166903,1.000198031610552,-0.002591767072422025,0.006238589160894968,-0.04784869655990795
7.2,-0.00013271712379408829,-0.0008207136709658697,0.9996785324322821,-0.0072823743907615675,0.01445192906209909,-0.025140572672594313
7.22,-0.00015273458587981191,-0.0007884575269528332,1.0000753590884695,0.0011677875656285115,0.009431592082823658,-0.018305217172692626
7.24,-0.00012950509492597656,-0.0007357885788844968,0.9995064978626516,-0.00044972052362494947,-0.005547777020530707,0.0009642491596138329
7.26,-6.25141563770103e-05,-0.0006893994522553877,0.9996711982646455,0.011105279609195082,-0.00782206644614451,0.03568958860440312
7.28,-1.754163321238567e-05,-0.0006412885864865796,0.9998745402329234,0.010938824197013882,0.0016862065646032886,0.05600897997411757
7.3,-7.457358194306891e-07,-0.0006363624254173731,0.9999497167149916,-0.0010470355887240376,-0.0003526639427422804,0.09016594310012625
7.32,2.3709834931470237e-05,-0.0006676270828537813,0.9994468875507072,-0.000610047951765431,0.010144366621919216,0.1107163136908813
7.34,4.584373149888257e-05,-0.0006936428817591135,1.000190715727868,-0.015238339052068593,0.005478605835624513,0.1142875315842908
7.36,9.499769094199618e-05,-0.0007149740024478582,0.9997136679492542,-0.0202920379280409,-0.008760276736754247,0.10613223454302545
7.38,0.00016290434088377136,-0.0006563218271641877,1.0003893404078217,-0.01055442660068135,-0.008050989213317945,0.0808961348532693
7.4,0.00020008930125319096,-0.0005433581052588894,0.9999678581751945,0.010445157785135913,0.004104069711212667,0.04313697955536879
7.42,0.00019613004958090916,-0.00038477762377510876,1.000257815239815,0.018294006130427195,0.0037268466871759553,0.02110071822874079
7.44,0.00020795795317527947,-0.000261908589820368,1.0000959784426482,0.015194406632263617,-0.007795184708328394,0.012411735651749543
7.46,0.000236919936187728,-0.00021507268618322265,1.0001833760937857,-0.0002550131651691762,-0.007002080877799364,-0.010708113132238916
7.48,0.00024120477686439266,-0.00021783932591965978,0.9995920137992154,-0.0051844251608391175,0.004121348360057214,-0.020731913756794486
7.5,0.0002099703457197246,-0.00021892923207731776,1.0001554952293215,0.0046844456872614845,0.00013669234168200365,-0.013909141079879866
7.52,0.000192341721928216,-0.00020364370679225706,1.0000104887376344,0.00262210089538278,0.008410779618356649,0.006237293004443335
7.54,0.00017501974940818533,-0.0002075301227883105,1.0000343564953607,0.013940202006165968,0.002828847091185115,0.04137332934630016
7.56,0.00019109426509750671,-0.00022159274629767798,1.0000995125853454,0.013281804705341002,0.009094651219965673,0.062141897495938965
7.58,0.00022044370753402447,-0.00028957625392893435,1.0001492858349645,0.0007346698692739176,0.0035955385970215152,0.09696867658522497
7.6,0.00028234370043321154,-0.00039925857478212754,0.9995685863784644,-0.0007447065161173251,-0.004219661232011262,0.11845954703321288
7.62,0.0003612680864006736,-0.0005106429215317058,0.9997468196046511,-0.015276589210737837,0.0010015550195676811,0.12430049045463534
7.64,0.00042405325186523936,-0.0006210323356290667,0.9997624816567869,-0.018138813055354298,-0.005225504809625466,0.11621468794360722
7.66,0.00048324110471384694,-0.0006711221458187716,0.9997975705016088,-0.007826180421269516,0.0017859335244318506,0.09314556731865836
7.68,0.0005129429788256074,-0.0006508924267161604,0.999948710130008,-0.0107149102866495,-0.005103892156342922,0.05535037996553902
7.7,0.0005462531781952486,-0.0006031547409550588,0.9996381869020998,-0.0013026771327554292,0.0007042503102244678,0.0036687653333106365
7.72,0.0005541987866144325,-0.000509061630599909,0.9998617512961194,0.022214594994223503,-0.00697946287043441,-0.03207275211928242
7.74,0.0005650387224629081,-0.0004096316860514757,1.0003122398443538,0.032018575770066976,-0.0007265087817157121,-0.0524750880489102
7.76,0.000542627449985148,-0.000405332374981978,1.0011660135550695,0.02925370263106622,-0.007178108235245109,-0.05813811768577705
7.78,0.0005135578457795372,-0.0004897142997251427,1.0008748198433053,0.015254858001582688,-0.002707816274272255,-0.051003471270720184
7.8,0.0004573913349942915,-0.0006621093348512923,0.999722649239255,-0.009231814397536862,-0.00879305426304609,-0.03152339938994411
7.82,0.00038301495823808045,-0.0009135221553358951,0.9998947077788521,-0.01976765301707385,-0.0014120299253488622,0.0045774825207481095
7.84,0.0002768087608464346,-0.0011290611854131802,0.9998993382994067,-0.017719154612417423,-0.006891855445659261,0.05138780348263822
7.86,0.0001646743422504378,-0.0012653167855854232,0.999986728616315,-0.003346920014168621,0.00046021828568421465,0.08294888622657134
7.88,1.9773099796213314e-05,-0.0013283363785708635,1.0003702501551086,-0.0026666255622084527,-0.006331572494463745,0.09933158270486511
7.9,-0.0001243684919424702,-0.0013793729529198667,1.0003702480015015,-0.01319186884176148,-0.0019890465581145636,0.10211038732932529
7.92,-0.0002878679693418838,-0.0014243595348033353,0.9994166412980388,-0.012317229826808669,0.009457593840821427,0.0921056733573949
7.94,-0.0004680722271114921,-0.001403829080089352,0.9996114239959494,0.0022475009854211344,0.00734026710286086,0.06608062211515338
7.96,-0.0006144765643242051,-0.0013299549155992806,0.9999481696081244,0.004421613422410994,0.016965557141558358,0.02546383230259931
7.98,-0.0007350625611382695,-0.0012621865862169684,0.9998036536415564,-0.004336430125523495,0.015431641745657238,-0.0017595713063896022
8.0,-0.0007910125073170356,-0.0012095503316639105,0.9995191277339067,-0.0004892870308132056,0.0015570210136164019,-0.02771270838941974
8.02,-0.0007792413706759867,-0.0011380668834639024,0.9996978370247505,-0.010319181312652383,0.0017686764973799535,-0.03799208015929403
8.04,-0.0007614543660493492,-0.0010649296555607023,0.9997942644689216,-0.006992062542859479,-0.011244001344433707,-0.03364612082498302
8.06,-0.00073518637470991,-0.0009515460792608741,0.9999047736197136,0.008266726792536755,-0.012393489856333118,-0.015216924942938892
8.08,-0.0007511334594659264,-0.0008100032333893739,0.9999299977438976,0.010404009204424988,-0.00018414761918047296,0.017747364029111132
8.1,-0.0008153892341518751,-0.0006997556249460895,0.9998952145880706,0.0005535392622237973,0.0004516124377755849,0.06464074477088555
8.12,-0.0008795913908413247,-0.0006269370999253947,0.9995287979874159,0.0037020184324186513,0.01397232562497449,0.09742058914298556
8.14,-0.000941465014926449,-0.0005566262666900411,0.999922116313388,-0.007525897606767936,0.013088263954043158,0.11392202459344719
8.16,-0.0009536867793151054,-0.0004944584519792748,0.9998717392677196,-0.00788921939269759,0.0012757550900643077,0.1169470303403173
8.18,-0.0009187618013423877,-0.00039755290988742893,0.9997814431302618,0.004672362707942807,0.002664129050458001,0.10511912157163472
8.2,-0.0008825297378153037,-0.00026995842441975096,0.9996246294768627,0.004193898677305836,-0.00935642300086894,0.0787442501790698
8.22,-0.0008329630933832108,-0.0001610552758129807,0.999804376677892,0.01732314425895854,-0.0071899279970914325,0.037044350102466
8.24,-0.0008178237755987063,-7.103223755592015e-05,0.999885725572284,0.018541788980015083,0.0065849384821307306,-0.01855710467689661
8.26,-0.0008278380468288769,-4.8626813745451825e-05,0.9998892273042935,0.007877188120275876,0.00818362624093885,-0.06014236623293869
8.28,-0.0008160461460993856,-9.143795832949397e-05,0.9994661367197818,0.010061220948753908,-0.003087528910113178,-0.08790258960992939
8.3,-0.0007670246098019984,-0.0001746459778290592,0.9999624762477257,-0.0022392230158603233,0.0001696945895004309,-0.09905379529808381
8.32,-0.0007296270070136378,-0.00028631905429620094,0.9994643891047392,-0.003018665489027139,-0.008353193013130061,-0.09750130063586877
8.34,-0.0006904549833990587,-0.0003876727572183898,0.9996715769074225,-0.018035865951631397,-0.0023358955068411356,-0.07995893593637851
8.36,-0.0006828396849616738,-0.00047393783949678796,0.9998894740307751,-0.020020715334330006,-0.009683779005582802,-0.047563729129538566
8.38,-0.0006784379669211738,-0.0004944919965237701,0.9998004366920719,-0.010559797412142117,-0.005712142713431639,-0.001762606324799689
8.4,-0.000708273532320295,-0.0004347073701327423,0.9997168834403961,0.011005813270483587,0.009807359778681515,0.05823154231106009
8.42,-0.0007639230349500985,-0.0003270014388073935,1.000251477701105,0.019605217333679766,0.012618092654007505,0.13353677048763737
8.44,-0.0007885019106509868,-0.0002503664119355235,0.9998397493373993,0.016090561087882725,0.003959669334009783,0.19553617147433686
8.46,-0.0007452034636362606,-0.0002534900243372656,0.9999970999005131,-0.00022404055892898388,0.008705787792511775,0.24228252540804907
8.48,-0.0006764911720072204,-0.0003111185341979487,0.9998642596984825,-0.005301691007454554,0.002507600026531307,0.27504711186367586
8.5,-0.000574825267408266,-0.0003596356712101237,0.9997421190118645,0.0028292339952895717,0.009583691043079542,0.2929554217268208
8.52,-0.0004687160746390851,-0.00038122725112818095,1.000348873040302,-0.0034510921723889683,0.0021001962227689525,0.2948247364604045
8.54,-0.00033827480488208487,-0.00040265717077919683,0.9994788615409932,0.0007304539278240987,0.005348304357181175,0.2850175346030015
8.56,-0.00020265680362525665,-0.00040352851631015387,0.9999396325919543,-0.01019751002756202,-0.006920603255451666,0.2582667595720303
8.58,-5.086694143087778e-05,-0.00040195021008511384,0.9995304276866592,-0.009471917739762747,-0.007253273877770321,0.21849131322263418
8.6,5.5670480008684724e-05,-0.0003610876429406975,1.0000562449165078,0.005680328893629347,0.007387823364353146,0.16240008235928594
8.62,0.00013367774721700668,-0.00029635962802695667,0.999775499587618,0.009040895117936777,0.009915590079553206,0.09338264282868966
8.64,0.0002469186378513108,-0.00025065115805154186,0.9998746557376249,-0.0011138452412282087,-0.0018691391479334915,0.00914197574037887
8.66,0.0003971686269503884,-0.00023294576972057623,0.9995159430523007,0.0006065384803522697,-0.02435555838766798,-0.08827261132498698
8.68,0.0005386314619780154,-0.00021019821787148765,0.9998482098904473,0.015593799916417704,-0.03316935120173696,-0.16999426901918707
8.7,0.0005953375865686627,-0.0001820981175159029,0.9997406715456842,0.01748429834909257,-0.029215264667979024,-0.23739098824771193
8.72,0.000516493006299029,-0.00019146037270304617,0.9995472188405248,0.005259911289897085,-0.012636371205759198,-0.28984515227289565
8.74,0.00030056110369984485,-0.00024354253608796213,0.9996516302045477,0.004975665543508795,0.006769276258785582,-0.32705421490819087
8.76,2.620676624370458e-05,-0.0003017345523427105,1.000140351701429,0.0038503721669475325,0.012946409187864584,-0.34905618545137246
8.78,-0.0002313196546338516,-0.0003836390127114686,1.000158813610245,-0.008210329059077422,0.007976519196207994,-0.357687917363864
8.8,-0.0004503552193260013,-0.0004938693616485576,0.9997857609263071,-0.007446300124013347,-0.00976543254229662,-0.3523325544679711
8.82,-0.0006329362160831027,-0.0005868355208689199,0.9989990699455108,-0.0190779720858329,-0.014649429439063156,-0.33297863820195983
8.84,-0.0008528027957966829,-0.0006209268407002595,0.9999688026809938,-0.01627434000400071,-0.005210408467670365,-0.2965601492579479
8.86,-0.0010916192894383477,-0.0005975927406371955,0.9995326041694086,-0.0036522569708150212,0.007308352044229734,-0.24860684055631213
8.88,-0.0013311905008593769,-0.0005026082309758731,0.9993708658294915,-0.003450833445907298,0.007939492170143987,-0.18585729184855745
8.9,-0.001538415080441867,-0.0004006851757637534,0.999317091591009,0.009298946930281462,0.020074427562589717,-0.10876728102300742
8.92,-0.0017091143128738708,-0.0002905555251744568,0.9996508157533194,0.00955287989443261,0.01989393531193972,-0.016998813243466065
8.94,-0.0018128862209614456,-0.00022078686887630518,0.9995889247699887,-0.0017111602182932012,0.008902429806430835,0.08783654211989513
8.96,-0.00184025967806951,-0.00018933336374850365,0.9994747951108286,7.904047221525224e-05,0.011224659276352822,0.17757186256303104
8.98,-0.0018315013703694603,-0.0001476101243781578,0.9995826231263316,-0.012311819386090144,0.0002961759880996814,0.25182780097919194
9.0,-0.001779065928197882,-9.839792554993506e-05,0.9997191870719876,-0.01144133276089959,0.002774003673325251,0.31093986962672077
9.02,-0.0017369233690121548,-5.0036393007849375e-06,0.9996214357971359,0.0006397751556272073,-0.00661580800817149,0.356101247570491
9.04,-0.00169863506954775,0.00014049400439327,1.0000475527574701,2.0309798100069463e-05,-0.0036065541163514264,0.38583037126905284
9.06,-0.0016789629715192958,0.0002768375845066262,0.9996623049947906,0.011533847304035455,0.011215605433609305,0.40247557860402383
9.08,-0.0016737625543997753,0.0004071030896880605,0.9996934587263788,0.009261509353097806,0.011989161313591372,0.40349886561351456
9.1,-0.0016217571625154708,0.0005176415279284847,0.9989592460557806,0.017402287721084302,0.0024807725965827064,0.39157565010433415
9.12,-0.0014941305550230791,0.000608423696739637,0.9994656325972845,0.01153391759916511,0.006618807821287058,0.3634169073589316
9.14,-0.001337819026003282,0.0006503493929147134,0.9992736620624607,0.01640431859798201,0.0005067151897847493,0.322214272361638
9.16,-0.001132410686862641,0.0006519100141077598,0.9999469334605957,0.007757052841327702,0.007397154101317916,0.26546331302786846
9.18,-0.0009100282725977955,0.0006069495283922898,0.9997202117600564,0.009516329817883787,0.004356487213502329,0.19624575228702348
9.2,-0.0006476449582728498,0.000537737294647112,0.9999539208184478,-0.0021909573121589023,-0.013109374224040727,0.11172830160568925
9.22,-0.00036527378764243163,0.0004406137284421943,0.9995637406954365,-0.0016644989787649629,-0.017957936669613088,0.014060434859615866
9.24,-0.00014297828930646066,0.0003467970094963997,0.9997627057944136,0.011325100593267613,-0.009161608575565585,-0.07294640694046003
9.26,9.043619438611923e-06,0.0002585609267198482,0.9999395698850311,0.012293212957655076,-0.012041242841335299,-0.14537476324615925
9.28,0.00012440124167377258,0.00013141524405091152,0.9998639901868632,-2.8418533820839632e-05,-0.002532481183102804,-0.20315168085421617
9.3,0.00018602965829737572,-3.6437244961476996e-05,0.9997846961138618,0.0008363278821731637,-0.006561690871593994,-0.24611291680446226
9.32,0.0002371969126192061,-0.00020188739199852152,0.9999926377366735,-0.012185001022762668,0.0029857076392649936,-0.27373093620435335
9.34,0.00026596797625548334,-0.0003645228546345697,0.9996840818151378,-0.012881080085615662,-9.453386007637147e-06,-0.28749421292278077
9.36,0.00032148031729129276,-0.00047962485209116775,0.9997946043883744,-0.0010579920011038635,0.009617674911208301,-0.2862984717555415
9.38,0.0003924703035911878,-0.0005419956060373164,1.000245264437412,-0.0016755066254085238,0.007201095222515605,-0.2700961487522937
9.4,0.0004930141506177783,-0.0006096038816919614,0.9998843335434433,-0.012745052746773292,-0.005458992610595685,-0.2411154013131985
9.42,0.0006235018856383175,-0.0006784034573914551,0.9996682650360089,-0.011556798783969336,-0.006183711009094607,-0.1977209260442273
9.44,0.0007448267779506821,-0.0006922619995959334,0.9995442287376712,0.002596836842076489,-0.020539587787099137,-0.13947537800707907
9.46,0.0008502616421910171,-0.0006538697867925807,0.9996637800641648,0.0031168407739563956,-0.020828202801774064,-0.0662925897982721
9.48,0.0008760113573101347,-0.0006144177269624206,0.9997078915022464,-0.009253512718335041,-0.007339490081642843,0.02114661138217138
9.5,0.0008173461210844244,-0.0005819554259208035,0.9998522791613883,-0.00918931441158855,-0.00576437695607072,0.09376574507292444
9.52,0.0007307215326976936,-0.0005157017490882528,0.9997940883361253,0.00436237730854054,0.00824392261468138,0.1517421418551815
9.54,0.0006151962962919239,-0.000411707158299012,1.0002057023938553,0.004004454288021006,0.007966411996381479,0.1939888371638014
9.56,0.000526004641521448,-0.00031693110327920876,0.9996757122108725,-0.008298940334138798,-0.0037405956749518208,0.22328971808229983
9.58,0.00048130396213204074,-0.00023461185035585384,1.000397535580021,-0.005620466191885285,-0.00011558068057278338,0.23558843569462154
9.6,0.00042126121134825013,-0.0001319932148019614,1.000002351417744,0.006964041567503733,-0.00645875853577243,0.2358832210267851
9.62,0.00035508576499987887,-5.855259443510299e-06,1.000027659152616,0.006989076734299185,-0.0005337674417360746,0.2211110578840719
9.64,0.00027150887775093645,8.911315416119512e-05,0.9998847048134033,0.01874647718027591,-0.005866212847715125,0.19230677603252103
9.66,0.00019259153928021306,0.0001525333028751847,1.000359224754281,0.017514019862222563,0.0015244555078320202,0.14830159193153625
9.68,0.00010704216668649295,0.00015577996997866,0.9999926319348663,0.004817678087841069,0.0008260860600116473,0.0912134257386171
9.7,3.749471408456199e-05,9.251411466630246e-05,0.9995961873363044,0.004865073198629237,0.013763744932848505,0.019792031411075196
9.72,-2.618071007917044e-05,7.530119042222034e-06,0.9998899220254182,-0.007990239019964486,0.013342911309825565,-0.03600109385981411
9.74,-4.5015352802751316e-05,-9.222661259609078e-05,0.9994953679706853,-0.008217163587663986,0.000662677541186686,-0.0782273103854483
9.76,-3.652454505271877e-06,-0.00015874348570632768,0.9995989267253697,0.004401479590449875,0.0008797928220732707,-0.10534913978740039
9.78,4.3099343815783856e-05,-0.00019132705615323883,0.9999443111549571,0.0048973132629171676,-0.010867890204329694,-0.11763213691904041
9.8,9.14166535968238e-05,-0.0002412772928270255,1.0002608378078695,-0.007742530042318826,-0.009405870443893004,-0.1150689273275326
9.82,0.00010750028171378876,-0.00030134899508397296,0.9994891262549808,-0.009197350371039293,-0.019476345120250708,-0.09995974069109428
9.84,8.111511285539248e-05,-0.0003173242561964277,0.9998194396748522,0.002805890363916126,-0.016150937830471692,-0.06882015714817706
9.86,-7.747821963333408e-06,-0.0002957221161299777,0.9996144922933687,0.002459147322321266,-0.00017214127573574357,-0.024122723729185225
9.88,-0.0001671193335309693,-0.0002814473269915072,0.9998179200528363,-0.010622054393507926,0.003701212525860271,0.03531018185324655
9.9,-0.00032719925264525945,-0.00027606714959152397,0.9997205853842777,-0.010458359007398487,0.020443199877851807,0.08037504167747409
9.92,-0.0004724564953730867,-0.0002231859858806524,1.0001238406550164,0.0023822702647982538,0.02420471959974228,0.11040916814939619
9.94,-0.0005498693983612566,-0.00012851812356841344,1.0000727391109239,0.0023268411384540335,0.015205436425970465,0.12657814907675147
9.96,-0.0005363376617640486,-3.280916109510113e-05,0.9998379076659779,0.014207584114430793,0.008712784246503206,0.1284070964950131
9.98,-0.0004617649596924784,6.127873447899579e-05,0.9996531614028297,0.013900067277282067,0.014038325162873257,0.11592576613005637
10.0,-0.0003421292269318019,9.931620409066869e-05,0.9998621265717941,-0.00028346883556072515,0.005475477583334501,0.08783167376332061
10.02,-0.00017209442633500077,9.776144368849916e-05,0.999397613441393,-0.0036566458673024764,-0.01350793981819973,0.04675007875781213
10.04,2.287742306943054e-05,9.97304325520355e-05,0.99963198468463,0.007171594877204929,-0.017743170566586947,-0.01039927469763817
