0.02,-0.34231243090323193,-1.0809752417233094,1.7337337709152676,-0.009594376588341016,0.009692203303977517,0.010144607636577487
0.04,-0.34231243090323193,-1.0809752417233094,1.7297498825955013,-0.01968112001163347,0.01887131416802521,0.025517683993613916
0.06,-0.34229424071649495,-1.0809568652074308,1.7237456797624644,-0.028460207228644913,0.029300936836147085,0.04652972806695766
0.08,-0.34224157005834926,-1.0809006322792205,1.7157062530068181,-0.03324318094163844,0.04357754200384317,0.06955622398682325
0.1,-0.3421351525118321,-1.080787076861021,1.7056807220434633,-0.02869073177680829,0.06692721901356102,0.08431986729694155
0.12,-0.34194283719308055,-1.080597969508697,1.6938359290049878,-0.019105330991527853,0.0868533777778777,0.09096114035468432
0.14,-0.3416101333599958,-1.0803341489802947,1.6802711026819694,-0.0038599729659098193,0.10028303450475609,0.08884276221728493
0.16,-0.3410713803905594,-1.080005042750495,1.665234706546847,-0.00018821258396571307,0.10277233757375218,0.0751811612511054
0.18,-0.34031945653876283,-1.0796489998215366,1.6484412339187862,0.012262945253603426,0.11532741268722341,0.050577192665962556
0.2,-0.33931184282505145,-1.0792736645719676,1.6302497845257184,0.012765240014280432,0.11692160903028379,0.014067796138303482
0.22,-0.33797212271008736,-1.0789174714362975,1.6110345656194929,0.0005432109574287852,0.10669849579438252,-0.03514503208611028
0.24,-0.3362611788830741,-1.0785973851037773,1.5911033670417012,-0.020231104132485477,0.08531411147884348,-0.07088720481809174
0.26,-0.334192743802276,-1.0782923165265665,1.5706500659293017,-0.028391881862180123,0.07468206583227936,-0.09316780562259842
0.28,-0.3318402630714556,-1.0779406979089539,1.5496231139965708,-0.02458109972789568,0.07511188660556756,-0.10250790481366207
0.3,-0.32920988106974713,-1.0775115152295056,1.5283632557243851,-0.031121374333464628,0.06461951596417899,-0.09764567148366754
0.32,-0.32627740391894106,-1.0770164093523502,1.507178929674295,-0.024616861980651727,0.06624007102164473,-0.0787237121274416
0.34,-0.32320180878148724,-1.0764678436472879,1.4843037357619155,-0.027361276883555684,0.0783702831499075,-0.0490355814768506
0.36,-0.3198934292533862,-1.0758524319854226,1.4610455040623596,-0.040347356068241275,0.07988086595327887,-0.0056810740551937215
0.38,-0.31634987957344823,-1.0751669141517286,1.4369275432328545,-0.04178774761334159,0.09195802378255152,0.04576405547202322
0.4,-0.312562356852257,-1.074357783630345,1.412049798453301,-0.03335626289988695,0.0965395808317896,0.08457260139592818
0.42,-0.30854557591248033,-1.0734292788403972,1.3859145380313302,-0.03600090334256949,0.10262492109661438,0.11134745487075387
0.44,-0.30419878821274665,-1.0723526657696423,1.3595108985765503,-0.02863447063433816,0.09692894802654088,0.1246558213795178
0.46,-0.29962976861617835,-1.0711669528268786,1.3315795498880978,-0.03143059148939929,0.09977415033937811,0.126594327196208
0.48,-0.2946436602428735,-1.0697971952108534,1.304366863767969,-0.022754351346873397,0.0894112158267845,0.11329121801572778
0.5,-0.2892731325260037,-1.0682482676427039,1.277419012198289,-0.027852633040030952,0.09057254357974798,0.08490762756794155
0.52,-0.2835455728025193,-1.0665628567885237,1.2508483132975226,-0.047771317800301166,0.07708000138519304,0.041660851385672514
0.54,-0.2774808366857518,-1.064740138722914,1.224356883621279,-0.05571189325913778,0.07635990629979977,-0.01679221050796524
0.56,-0.2711106526463907,-1.0627053245543154,1.1982114442104643,-0.07543151682315637,0.06258139866404742,-0.06830164706762479
0.58,-0.2644343543609584,-1.0604498909327857,1.172302827428921,-0.0817792075710188,0.06151649635471611,-0.10570942091501113
0.6,-0.25747916272259086,-1.057891845651243,1.1468280631838768,-0.07301768389111017,0.04780005681117566,-0.12651046245433648
0.62,-0.2502133700745506,-1.0549907420567324,1.122108434303903,-0.07767987467412171,0.049858416435792016,-0.1323636721874946
0.64,-0.24268121723453437,-1.0517663357793103,1.0984478653469896,-0.06674436069602595,0.03821910731360038,-0.12062672633427177
0.66,-0.23490657161557685,-1.0482448884604052,1.075195576670774,-0.06880898087442974,0.04175473980875658,-0.094498850699747
0.68,-0.2269493866928605,-1.0444658367280744,1.052334971481486,-0.05759982096503151,0.05833384666579683,-0.05417815393432893
0.7,-0.2187577224396958,-1.0403589227685854,1.0307642122698943,-0.05931255382427926,0.06243147072311425,0.0033679304254210537
0.72,-0.2103111999162977,-1.0360203936918817,1.0096905018284221,-0.047877137281050544,0.07473365597553047,0.044789384468910814
0.74,-0.20155381206462544,-1.0313775126485685,0.9899557576518697,-0.05270515304933169,0.07074288908220819,0.06988085655179707
0.76,-0.1925155325469597,-1.0265334715258074,0.9704037041495083,-0.04514572191492894,0.07958701134682529,0.07920902801766615
0.78,-0.1830912644681879,-1.0213520180482618,0.9529530408082311,-0.05500311837526636,0.0710938798698257,0.07108623558479706
0.8,-0.17323189468305908,-1.0158735184694236,0.937542837104277,-0.04890926614793928,0.07804093105530449,0.07445647222643124
0.82,-0.16298871217905947,-1.0100459760426443,0.9241853343004411,-0.05835274859139783,0.06944626060350237,0.07791633740932215
0.84,-0.15246533354365502,-1.004009336950779,0.910906050763947,-0.054685601479710494,0.0733468519701607,0.09519413765109198
0.86,-0.1416510618277126,-0.9976796866132108,0.8984636052060908,-0.06664493227046271,0.06175526261556674,0.09708685758353343
0.88,-0.13056890207099425,-0.9911017714971786,0.8863033667579518,-0.06614378936774999,0.06315329978231171,0.0828743726623362
0.9,-0.11926546322470127,-0.9842201827375225,0.874563974651959,-0.053861801566322004,0.05126819162753268,0.05441482024553007
0.92,-0.10774003031609833,-0.9770523681631773,0.8630775312221822,-0.029844812562204802,0.02658488225226647,0.011638142655593686
0.94,-0.09599986723593609,-0.969622890859381,0.852494709712711,-0.01970409510367494,0.01420143698696309,-0.047606395317494325
0.96,-0.0841674192097774,-0.9620782135561877,0.8421949137031428,0.005137095109064983,-0.010801332707643139,-0.09151450358785576
0.98,-0.07227023566203264,-0.9544412015651104,0.8334414164424976,0.014893331747832033,-0.019523982221224215,-0.11823675494389065
1.0,-0.060441575030412205,-0.946834169776344,0.8253319554167053,0.010230317727960495,-0.014005588584493791,-0.12888993787544786
1.02,-0.04872596228388941,-0.9392948051391288,0.8178492575295572,-0.007527817546746489,-0.021467428948260158,-0.12428379649262268
1.04,-0.037085341000724956,-0.931798192478475,0.8102853879165755,-0.013719840480063073,-0.017502968823603634,-0.1055086479366118
1.06,-0.02552854577952582,-0.9242788979484374,0.802109434339091,-0.009228233338852029,-0.002808315578480212,-0.07373236645936243
1.08,-0.01405982026763859,-0.91670113864634,0.7944992188955935,-0.01774186486043717,-0.0003246277790466493,-0.02666810134847571
1.1,-0.0026140534298882794,-0.9091050271159259,0.7860803944935325,-0.015486085459269178,0.012525014274515653,0.03284843145796965
1.12,0.008815798964093815,-0.9014460314990983,0.7779155745766352,-0.025460909654393092,0.013801207188753092,0.10704105354483283
1.14,0.020266043651091872,-0.89374930469901,0.7689107956336878,-0.02545126389806594,0.004547361880343028,0.16852373717763436
1.16,0.03173261525194128,-0.8859833495650631,0.7590015809412325,-0.013878658510263504,0.006425290551182995,0.21653291867514876
1.18,0.04318322630894384,-0.8781047494621762,0.7499879659625184,-0.01724602293602675,-0.006766562328973851,0.24845448117654187
1.2,0.05462627207212842,-0.8701960260471773,0.7398558576764449,-0.00946546580938682,-0.008848223768562025,0.2676086684420202
1.22,0.0659993731884278,-0.862225317939249,0.7307180661982686,-0.014871477892547448,0.002019033814614948,0.2704999576568095
1.24,0.0773163090029255,-0.8542419850622528,0.7212530159932617,-0.008837955286337676,0.0015853009979013512,0.25991147632918327
1.26,0.08860407436320726,-0.8461785864184022,0.7140554655708025,-0.019095147563701988,-0.015830757893163093,0.2311873640606058
1.28,0.09987189736924745,-0.8380800068816369,0.7081636689790909,-0.014265074233813508,-0.017921829080960575,0.1852718911978699
1.3,0.1110519617537456,-0.8299383780562757,0.7019962987877243,0.0025102561796759475,-0.031113712583082254,0.12577188631000827
1.32,0.1221238124133217,-0.821759205737767,0.6964864122870266,0.006612806015328505,-0.03165288271827844,0.050881016087600706
1.34,0.1330676497933402,-0.8136149889887544,0.6907480584443755,0.023019114361649454,-0.04274425545893224,-0.0377705782074893
1.36,0.1438433140785409,-0.8055222821130299,0.6859861270707761,0.02392575540741807,-0.03893745982880534,-0.1093680837911782
1.38,0.15443877773918216,-0.7975218978902071,0.6811038847258608,0.03753223818539177,-0.048123955310179496,-0.1665728068947584
1.4,0.16481606367855767,-0.7896287946247443,0.6772360824443284,0.03554294080704096,-0.042798651985884714,-0.2066085289941395
1.42,0.17496619932838708,-0.7818617263575237,0.6734217029834731,0.046320334237951344,-0.0512857990343658,-0.2322353304938662
1.44,0.1848910229629968,-0.7742171040918601,0.6699954906900281,0.042538077121981085,-0.04637281316666763,-0.24178144748488536
1.46,0.19456762710425332,-0.7667119068638695,0.6665314702644995,0.02931718671442984,-0.05404455905147909,-0.2375436781508898
1.48,0.2040235199549075,-0.7593304576137315,0.6629169157661973,0.027079270247983452,-0.05083888111084849,-0.21885820626708932
1.5,0.21331675858753985,-0.7519985800760872,0.6579144350396529,0.013559310355375,-0.03696086328890567,-0.188158826293705
1.52,0.22238873827621947,-0.7447343829376709,0.6527612585387071,0.012232241080602368,-0.03658061184759238,-0.14333624989656282
1.54,0.2313111536880518,-0.7375024133676397,0.647237849581796,-0.0019207375760673493,-0.023242019053728417,-0.08456540060784505
1.56,0.24007543182479332,-0.7303064821939663,0.6416586697007229,-0.0035469545759095975,-0.023304934167524813,-0.011425336779470396
1.58,0.24873891496709374,-0.7231048808241166,0.6360515431152842,0.007144623392502661,-0.03695680899862769,0.07610370666857849
1.6,0.2573058561861905,-0.7158986912825923,0.6301957081534229,0.006592885937701744,-0.03914746297166916,0.14946919844673223
1.62,0.26572960632520826,-0.7087380333042028,0.624061800711874,-0.006703794017302614,-0.0536055293423949,0.20842107271468113
1.64,0.2739995307832336,-0.7016334800744053,0.6177995616254969,-0.006409657372823428,-0.05475620721881839,0.2526839503715278
1.66,0.28206235472780106,-0.6945547035301545,0.611268905966783,-0.016568165162554913,-0.0444894548110409,0.28288552313483045
1.68,0.2898671712561284,-0.6875190408883751,0.6053535909856352,-0.013075421890615785,-0.04705301239614065,0.29776952609803936
1.7,0.29749138029864375,-0.6804797962598593,0.599126591409295,-0.020258895031778745,-0.03859655672160754,0.29872597122014305
1.72,0.30487114751123673,-0.6734558364166843,0.5937904908438838,-0.013442191200315432,-0.04338986421412985,0.2840292004580872
1.74,0.31202534119098657,-0.6664002998992303,0.5895856538955484,0.008496010886196744,-0.041598113450517324,0.2526074608910079
1.76,0.31898556180486126,-0.6593504269098195,0.5855395007135542,0.017808201122273038,-0.05349329818359618,0.20621789549587255
1.78,0.3257507222230491,-0.6524002612480655,0.5824639284974978,0.04225771771496022,-0.04969191880569216,0.14354616982037516
1.8,0.3322933581630773,-0.6455834361970303,0.5798684626138833,0.053773318760629976,-0.059307639606000204,0.06498391562621228
1.82,0.3386611371819577,-0.6389644319422733,0.5772263065023857,0.05370721188270893,-0.05644328367962528,-0.026914721582384428
1.84,0.3448024959821756,-0.6325796502950424,0.5745935483498044,0.06388071159913457,-0.042014455422879904,-0.10328774048841252
1.86,0.35066226666901373,-0.6264500867478953,0.572780548908741,0.05992679597451854,-0.04154668913188998,-0.16438699378684773
1.88,0.3563694798506614,-0.6205063198375579,0.5700617777417847,0.06539428421898871,-0.03149349905457588,-0.21210573083795814
1.9,0.36181234753738006,-0.6148352868580751,0.5684971815381555,0.056659230546905325,-0.03606581265119856,-0.24425723186952167
1.92,0.36712176630771276,-0.6093345960049715,0.565870281316945,0.05748237001805389,-0.03152055394985702,-0.2635687754724613
1.94,0.3721590516064463,-0.6040932011037276,0.5647877472881595,0.043634052219499966,-0.04202313611957294,-0.26668172433034615
1.96,0.37699054343433175,-0.5990663274856421,0.5641938501362088,0.04196488073084003,-0.0409413088026852,-0.253962675821626
1.98,0.38169088828491077,-0.594120023737373,0.5620986890179953,0.044256758115793486,-0.05051336457568524,-0.23021347651716187
2.0,0.38627117249454795,-0.5892486589123953,0.5583754165312623,0.03578890799617869,-0.05003610661771433,-0.1947162910205174
2.02,0.39066464448464205,-0.5844795759441487,0.5537990076084518,0.03720781893585642,-0.03982336861723323,-0.14625910946639117
2.04,0.3948079113241766,-0.5798273058257669,0.5496826838811604,0.025100172127898435,-0.04217512886339625,-0.08330589058885426
2.06,0.3987980071503788,-0.5752830403872475,0.5449646865394555,0.02349900529690971,-0.03414888943763229,-0.007100755681738867
2.08,0.40259563102400275,-0.5708355186092041,0.540591896748092,0.034282858036707865,-0.014504046532802614,0.08416201743620615
2.1,0.40620747583551003,-0.566515996474404,0.5375949026200351,0.03046980120869334,-0.009759396623383215,0.15740723136864962
2.12,0.4097689708238211,-0.5623434105326794,0.5347033082091615,0.03862575066231831,-0.016704104696110913,0.2155223294625429
2.14,0.41330590665131134,-0.5583107310241197,0.5321791961185754,0.03459529776752907,-0.010753989961059971,0.2589080297643159
2.16,0.4168039049214172,-0.5544632285005229,0.5301170817992411,0.01677634999427658,-0.017950585775954736,0.28609022433011383
2.18,0.42029186194079493,-0.5507720960154358,0.5283466134703766,0.012902572051396112,-0.010718392582874055,0.2983328505770742
2.2,0.42371809586366405,-0.5471833245260106,0.527317276103452,0.02231729890847584,-0.016119328317049784,0.29476507374130084
2.22,0.42711051290788016,-0.5436710603289464,0.5270774529540951,0.018762840707542684,-0.008428221388273593,0.27571596075928634
2.24,0.43046615355535056,-0.5402595922046819,0.5266537740381456,0.028135907901063725,0.012750902635393685,0.24273859209188586
2.26,0.4338080820778828,-0.5369219113547358,0.5257698529239663,0.025048223069565455,0.02147007267666465,0.19562320138193526
2.28,0.4372332597758391,-0.5336972266495549,0.5254888558520239,0.03463193109276693,0.018170069144043687,0.13294579006680515
2.3,0.440739159446763,-0.5305419115864075,0.5245311881569962,0.03219447857512776,0.002802711426745333,0.05676525937211732
2.32,0.44430574202533146,-0.5274803791001831,0.5224929042472053,0.04023651666258613,-0.021677907701687316,-0.03175401099542894
2.34,0.447881245277217,-0.5245084220335394,0.5192401911952984,0.0375961218645223,-0.035334899272904924,-0.10716172910502557
2.36,0.45138279911722895,-0.5216606610186155,0.5151331755430483,0.04511137242036409,-0.038831184793504905,-0.16937578525832428
2.38,0.454727929766572,-0.518947067109582,0.5110103171237252,0.03856935959632966,-0.029705170479201282,-0.21612236337215662
2.4,0.45775455355942757,-0.5164969134035069,0.5098337134528028,0.04874754864090059,-0.03876025303659386,-0.24404617050240102
2.42,0.4605806069917845,-0.5142151622347803,0.5100371514476486,0.04308548487677341,-0.03308646145752003,-0.2541108699720797
2.44,0.463190486088562,-0.5120997340700082,0.510639885016632,0.05071929926424397,-0.04215357815134273,-0.2493568221278834
2.46,0.46565530544750583,-0.5100974746336219,0.5106480270940642,0.04566424742452118,-0.039401081297813625,-0.23042373763403107
2.48,0.4679421776306089,-0.5082247673498343,0.5100249487772187,0.05209309140397032,-0.04968224065247653,-0.19860743659489302
2.5,0.4701111737445137,-0.5064380067504357,0.5078536102226213,0.047566935788837215,-0.04979184067807675,-0.15482103603806815
2.52,0.47211406000810274,-0.5047678751874949,0.504542943218042,0.0524033263659612,-0.040807316695650686,-0.09863629097614594
2.54,0.47391683509912497,-0.5032373694881414,0.5008175698498978,0.044420687917599164,-0.019440770123283997,-0.02826191080749663
2.56,0.4753662396991154,-0.5020785315469708,0.5008527343405671,0.049481010175450646,-0.013229986094997518,0.05938918936956676
2.58,0.47675626182204356,-0.5010439803469701,0.4997764900739521,0.045405260129546376,0.003522859460754434,0.13496978273680804
2.6,0.47809294988101614,-0.5002652229065649,0.49985611809378294,0.02666820388952505,0.006580179910854788,0.19254961866912454
2.62,0.47945870206143176,-0.4996272872359146,0.49916162756362503,0.01828254688414183,-1.255122124561462e-05,0.23678588663887631
2.64,0.4808729146951233,-0.4990969039834819,0.49884096400931405,0.02189819238990614,-0.018563384620746252,0.2655826864807682
2.66,0.48230886966693354,-0.4986624156317765,0.49996908942442936,0.011400924476195742,-0.02279540152378178,0.277961965168375
2.68,0.4837073234882364,-0.49830580289977794,0.5001556311412866,0.012797855950483595,-0.015007185685682536,0.27766749171541005
2.7,0.4850407999203756,-0.4980079384192836,0.49981533626167957,0.025489737702661233,-0.017914501384645565,0.26399731453833036
2.72,0.48633180687611066,-0.49777245842820445,0.49933824530450927,0.026649725725187114,-0.009154610169045464,0.23651090611562375
2.74,0.4875761535269011,-0.49766256834337913,0.499222336403311,0.01439822790963979,-0.014126964995155223,0.19328950796742042
2.76,0.4888091352345981,-0.49766174906728167,0.49907023206742496,0.014418181652720623,-0.03029800101907723,0.1356654309078099
2.78,0.48999213598005603,-0.49773520504615754,0.49940721352842526,0.001992046847313451,-0.03403642049328603,0.06336787305642402
2.8,0.49106769544329243,-0.49787831988935477,0.499614693631553,0.0026098969294162115,-0.024155486034475288,-0.023013264919268153
2.82,0.49201479815195026,-0.49803693174726354,0.49966949952183387,0.015836871666344555,-0.02686321155785109,-0.09455121017643396
2.84,0.4928631822459731,-0.49820371736828045,0.4998484095311427,0.014850115120282573,-0.016049360737318753,-0.1507381966034748
2.86,0.49359569542049087,-0.4984243308648587,0.5001843610748162,0.0014102220035264099,-0.017825106497203057,-0.19242172660166423
2.88,0.4942739541049765,-0.498681140409099,0.4995639212953944,-0.0021529343816279775,-0.009744985806826634,-0.22150991397853367
2.9,0.49486153788048814,-0.498927466439157,0.5000953594449723,0.00899025390556229,-0.016687228134825097,-0.2337817867309686
2.92,0.49541483693914845,-0.4991577205337775,0.500447174309166,0.007040586299033643,-0.010514566767474243,-0.2316003063674596
2.94,0.49591593352269103,-0.49940157211977587,0.49970351494187615,-0.005062519143529896,-0.014269459384350895,-0.21742991407339576
2.96,0.4963631158117228,-0.4996652604571882,0.4995546586204177,-0.004435803805892853,-0.0055294970398596386,-0.18788350897764988
2.98,0.49675105493706473,-0.49989195356075233,0.5000704709500159,-0.01701640530829093,-0.009243547503056074,-0.1428868620564913
3.0,0.4971243140717959,-0.5001016455992112,0.499784871292463,-0.018581723036375185,-0.012331738700402214,-0.08508922960843485
3.02,0.4974701972306786,-0.5002380727592182,0.4996040710647741,-0.007906098696832845,-0.003572410891373467,-0.013174771039731479
3.04,0.49776714307768993,-0.5002854862637147,0.500047101811044,-0.01041212206542794,-0.007038515437516883,0.07406862221700329
3.06,0.4980530046127746,-0.5003080016979475,0.4996956439036215,-0.0006084908106151805,0.0010082830768582496,0.1476719185578029
3.08,0.4983016981959578,-0.5002837337946299,0.5001657590868325,-0.005425776840687395,-0.005605077632946535,0.20490001877506506
3.1,0.4985529543344399,-0.5002571992276691,0.49976337439505414,0.0016424388584404198,-0.0005405581000283683,0.2489004482816318
3.12,0.49877365285715414,-0.5002114770319879,0.5000457391337305,-0.00566061734514769,-0.009863043354634591,0.2768829284743584
3.14,0.498993762271785,-0.5001717109085059,0.4998391073680876,-0.0005028009761863413,-0.006662267696637526,0.2909729597890001
3.16,0.49916490003055586,-0.5001198216859728,0.50013422758967,-0.009232834763892814,-0.01767010976175803,0.2894869093427872
3.18,0.4993118122624718,-0.5000732508171073,0.5001996030279505,-0.00504960222823608,-0.015659713354714583,0.2736155899180647
3.2,0.49939051990709676,-0.5000134791051095,0.4998235459994893,0.0117309724224322,-0.001003306454604513,0.24393061395751123
3.22,0.49940023082623847,-0.4999511126612922,0.4997199916017824,0.015129529693002125,-0.00024432997556335357,0.19905612089913471
3.24,0.49941787906813473,-0.4999384660727181,0.49996861500939366,0.005780286187166781,0.012722806003445032,0.13945271532177778
3.26,0.4994452068108344,-0.49997823513271167,0.49981885267394865,0.007619424327579433,0.014870483603437597,0.0663992183351385
3.28,0.49952808094122303,-0.5000343734430974,0.4998950203977065,-0.0022325204150773605,0.004475046270724666,0.008305552228093635
3.3,0.49966208123344397,-0.5001125421616819,0.49938737912877423,-0.0006112551711888822,-0.016676459386940345,-0.060165659177533276
3.32,0.4998172158493632,-0.500179826914262,0.49972733609830183,0.014471929865685065,-0.024197051667572057,-0.11287592508732443
3.34,0.49990929704909065,-0.5002409460902105,0.49993527023990786,0.016114426059680467,-0.01849248965254426,-0.15086177593378253
3.36,0.49990708558130453,-0.5003447946694366,0.4998921925000213,0.004281955254188215,-0.00026512337803281477,-0.17443664508859882
3.38,0.4998198136750676,-0.5005026029681791,0.5000370463980383,-0.020028202258200747,0.005399837822687769,-0.18378024538248233
3.4,0.49972877581168673,-0.5006762181367055,0.500082120046402,-0.031239702997346463,-0.0022813746479089757,-0.17847959085785936
3.42,0.49967049212508263,-0.5007815342233853,0.49985064292266423,-0.03092409876799342,0.001567415401671593,-0.15969299225663688
3.44,0.4996259193306352,-0.5007578612948558,0.49983637604140785,-0.017190036674143577,-0.007973224940078474,-0.1254193960850059
3.46,0.49960298187263563,-0.5006330271465355,0.4992423763931323,0.007512434950722859,-0.006722494164229513,-0.07845952267536349
3.48,0.49955434886348354,-0.5004276966708705,0.49919305124900903,0.01838941479242443,0.008878468791649904,-0.015948431975532234
3.5,0.4994721104198439,-0.500254663224265,0.49983848109385315,0.016146499803868217,0.011670738359094525,0.0617065788899288
3.52,0.4994162148320117,-0.5001384943138217,0.49962419493475624,0.0016862584363805627,0.0033217416417979707,0.1258337831220414
3.54,0.49941137332803526,-0.5000845361869476,0.49952401839178046,0.0006701086406823281,0.008806787957926806,0.17494295293125184
3.56,0.4994214557022697,-0.5000359649575833,0.49975812033989736,0.011837499577081734,0.0017944283192409451,0.2089904308278703
3.58,0.49946528320761757,-0.49998408057262395,0.4999123352854701,0.011193123680812935,0.006411372530848883,0.2288784714480516
3.6,0.4995244738265517,-0.49997321886252766,0.4998027534767143,-0.0023170996263511675,-0.0016209945806395108,0.2343643772181451
3.62,0.4996153494625132,-0.49999649464081364,0.4993858238434755,-0.0032004020627113302,0.0033933150153539547,0.22576210754555653
3.64,0.49969639332002785,-0.5000110894414779,0.4996632210386516,0.008942694549232917,-0.0043407338266286755,0.20165658464899153
3.66,0.49978802764394514,-0.5000097184586453,0.5001334940991189,0.008763327034296125,-0.00012755357756899445,0.16296502666591262
3.68,0.49987153939744017,-0.5000398354086303,0.4999526262976196,-0.00331167667563829,-0.00830359960458052,0.1108068911410697
3.7,0.4999597610953505,-0.5001018818412161,0.4995382595383126,-0.002712150962092137,-0.0032720685204856896,0.04454802149131001
3.72,0.5000085985613052,-0.5001530530127112,0.49976528901286477,0.011170018920391166,-0.010511578445371957,-0.036903152815282274
3.74,0.5000440674674229,-0.5001941012385889,0.5000044461142368,0.011475254872917074,-0.004335127022515968,-0.10400418217717981
3.76,0.5000407941036306,-0.5002733286745544,0.49986959209936427,-0.0015612879816775409,0.013993472680823854,-0.15686450284843595
3.78,0.5000138834347349,-0.5003995898154718,0.5001105844170088,-0.0009257736006179395,0.018138379048372438,-0.19420841411697504
3.8,0.5000397638280532,-0.5005281643271704,0.5001827950165274,-0.011550858019848724,0.010656658076239243,-0.21745097408871497
3.82,0.5001240915768546,-0.5006650661803911,0.49958714971400514,-0.00960860707865467,-0.009010689698301903,-0.2271934509499469
3.84,0.5002689921885495,-0.5007596312426877,0.49977356112110777,0.0056265613401389886,-0.015502354192497887,-0.22160734144785846
3.86,0.5003890497750066,-0.5008115380760947,0.4997776687946753,0.00784533479358776,-0.00875531154292745,-0.2016802844508595
3.88,0.5004450585970371,-0.5008715411951091,0.49977050722952665,-0.0020816785454109044,-0.013674717559383685,-0.16759776038456672
3.9,0.5004611056999297,-0.5009548289949706,0.49977614633275164,-0.025169325052205593,-0.004912819129620307,-0.11881404831585207
3.92,0.5004160667135078,-0.501017900905939,0.5005108446307324,-0.03426442443552323,-0.010487562202964219,-0.053966112929120215
3.94,0.5003658127685797,-0.5010099886256028,0.5000978972694874,-0.03327030059610336,-0.006059685151068426,0.022352677525807437
3.96,0.5002774106721257,-0.5008479930421647,0.5001937215768099,-0.0174394456902046,0.01142045016176895,0.08240047011248601
3.98,0.5001635753727142,-0.5005618721253371,0.5001189670751535,0.01013725306367768,0.016141236335188148,0.1289091687121297
4.0,0.5000905758601705,-0.5002009279556137,0.5002204896869561,0.02376193952398436,0.006642256310490733,0.1602881803126045
4.02,0.5000785755475176,-0.49986836685300956,0.4999219964762073,0.025966027159031548,0.008336163345672398,0.17823619201002183
4.04,0.5001118162781579,-0.4996339743397256,0.5000737137747665,0.01407803020941807,-0.00359088005895543,0.18032001103061768
4.06,0.5001842775737898,-0.49947356407132165,0.4993693414495108,0.013837621634940053,-0.003258274954178573,0.16960100946136666
4.08,0.5002515034665734,-0.49938773072689063,0.49988146475832174,0.027446775332037283,-0.016118650491998114,0.14220686220854392
4.1,0.5003154023383486,-0.49935498297768116,0.5002092616881376,0.02947207038623948,-0.01734594798591433,0.1011304786949216
4.12,0.500334085752918,-0.49943255068996706,0.5003598706730124,0.019856140327468092,-0.006936256585691399,0.0464842007748366
4.14,0.5003061434682818,-0.4996115050393675,0.49985388267731795,-0.0008735292097533357,0.013953610058392503,-0.02104646836155573
4.16,0.5002516629034695,-0.49987946837664526,0.49985071081874577,-0.009474453258779958,0.020130816616168015,-0.0729852203665039
4.18,0.5002508656480944,-0.500144988379528,0.49976718770965983,-0.004587110227158464,0.013182782127998427,-0.11012108863793285
4.2,0.5003396656945938,-0.5003758567255387,0.5000772824737512,-0.011565749694598679,-0.006056210405223056,-0.1319435241829196
4.22,0.5004785766900686,-0.5005950642589937,0.5001549499753856,-0.006781200054132691,-0.013804519835318756,-0.1400384064932547
4.24,0.5005975616115359,-0.5007598839970653,0.5007332770396785,-0.01607469562342144,-0.007224922672447893,-0.13260400368779843
4.26,0.5006830363361369,-0.5009018726366583,0.5000171170084866,-0.014617537634805193,-0.01164331205537251,-0.1129711164492024
4.28,0.5007453791667515,-0.5009663982584923,0.49996073228532717,-0.0002614325787712352,-0.0032281355336058553,-0.07807300871157057
4.3,0.5007665392642228,-0.5009652068433392,0.5001301815420054,0.0015883333742407412,-0.006656907890552832,-0.028429461825822348
4.32,0.5007763582387604,-0.5009622019031392,0.499920558040804,-0.008935300338100059,0.002953643430255201,0.0350631299399538
4.34,0.5007585173510936,-0.5009649716686062,0.49991858551074403,-0.007207504531407352,0.00043531304724395305,0.08371291996632196
4.36,0.5007507888531832,-0.5009331667874191,0.4998236958877862,-0.01702348307414103,0.009599791727609318,0.11798197133320153
4.38,0.5007422466207004,-0.5008663384338612,0.5006641354528543,-0.01358143252339997,0.005450502986185833,0.13639238398423242
4.4,0.5007515140163173,-0.5007569169792093,0.4999483189076955,-0.0013494664030888955,-0.007914986273611835,0.14376131529757816
4.42,0.5007773952203873,-0.5005811708209139,0.49999108060962116,0.025104297778106032,-0.007014768953814268,0.13471017970383242
4.44,0.5007673086942032,-0.500404663663384,0.5005921377631629,0.038818901094259665,0.006452314641808622,0.1105615154656955
4.46,0.5007453607601694,-0.5003139510770235,0.5005892348027615,0.04039457166082734,0.0078795695893887,0.07251326014689348
4.48,0.5007621003250263,-0.5003602672260665,0.5002808843082516,0.030119120294272144,-0.0029354511189108837,0.034690185915170466
4.5,0.5008239259755387,-0.5005726944715536,0.5002336034730969,0.00733178193936855,-0.0014288753863719843,-0.0172251040762458
4.52,0.5008789263631502,-0.5008933255148064,0.4998535281740354,-0.02646210736217497,-0.01233772540937976,-0.055395960208857016
4.54,0.5009269110370094,-0.501246446331592,0.5000366143063757,-0.047449188059615954,-0.011117869069485878,-0.0781327621097083
4.56,0.5009249400068998,-0.5014745875438181,0.5008985323103343,-0.05423765363618564,-0.02398762434865619,-0.08435026688905763
4.58,0.5008900883634766,-0.5014876677566984,0.5022966307742941,-0.04844140173671942,-0.023580469290763427,-0.07598134490359822
4.6,0.5008141357966946,-0.5013813018459307,0.5019011777393105,-0.0376239701354366,-0.0176080342290624,-0.05939897386623809
4.62,0.5006852630663329,-0.5011410883444389,0.5002570878656306,-0.017298913671573428,-0.0016811000430867974,-0.03130949376529099
4.64,0.5004824518237777,-0.5007146696795505,0.49952046268710726,0.01725839899443415,-0.00038209847400367766,0.013808150008981737
4.66,0.5002739859845574,-0.5001998953976656,0.49997904726149905,0.03712855781379556,0.01606802588851717,0.0757174964565231
4.68,0.5000651913903852,-0.49974578417745447,0.5000064375475882,0.04449203832097566,0.019849907492471272,0.1232601438174808
4.7,0.49992391505149564,-0.4994201639666332,0.49968970052457906,0.038746559283567225,0.011480569997356627,0.15608249003808886
4.72,0.499897357207352,-0.49928485996382826,0.5000051421766595,0.019940157894941142,0.016791665420079496,0.17398127479832132
4.74,0.49993278799371965,-0.4992799380750722,0.499968200192468,0.012255857950484362,0.011553179691209422,0.17787156486044317
4.76,0.500035919493751,-0.4993317225131358,0.4993990307529478,0.015301054549108335,-0.004247534693568254,0.16825567509469957
4.78,0.5002160035069331,-0.4994404716363034,0.500599883593997,0.003628869160825594,-0.0056342374621863485,0.1416901955515906
4.8,0.5003924542618555,-0.49958296369787264,0.5000215133281027,-0.0025326829324760617,-0.012272924644232247,0.10654282779161153
4.82,0.5005473323285031,-0.4997439010004141,0.49975374623673713,0.004921030453925455,-0.004805284568752143,0.056184411494102436
4.84,0.5006452439187656,-0.4998991781944726,0.5001231654004133,-0.000569398097999035,-0.010152190740392707,0.021385329084771046
4.86,0.5007291165638887,-0.5000703308257525,0.4996596052333044,-0.01652591438533822,-0.005373226980811889,-0.02594992287139571
4.88,0.5007675037317477,-0.5002397690955482,0.4997455193164073,-0.01832989758798156,-0.014866106804046316,-0.057336189715503236
4.9,0.5007859046975145,-0.5003418018615118,0.4999487306788071,-0.008191831383091692,-0.012046034472262095,-0.07439115950921033
4.92,0.5007512086470751,-0.500370026695513,0.5000804988171537,-0.011501023460601372,0.004270176650049168,-0.07704897629653365
4.94,0.5006744047900709,-0.5003647353551748,0.49998685262616194,-0.0021692491215265317,0.007684637873833416,-0.06515079490802266
4.96,0.5006182125802575,-0.5003149396650209,0.4999690907330054,-0.004834749527956928,-0.0005385214984132863,-0.03873032349383622
4.98,0.5005918469057455,-0.5002588369853124,0.49984472121208845,0.00437495270396241,0.0026870452292235615,0.0016698898270685347
5.0,0.5005639887592868,-0.5001818495929499,0.5001141052062641,0.0008683142924120138,-0.006241849405569988,0.05701317166059015
5.02,0.5005450084861304,-0.5001192887699207,0.49974987442595725,0.00958516479792246,-0.0030214470496639683,0.09868788937564699
5.04,0.5004973776889196,-0.500062447845541,0.5001027175894902,0.005707746029939959,0.013091565708119576,0.12468433454443534
5.06,0.5004426570287096,-0.5000396545087324,0.49999189821258816,0.013033631967821238,0.01825242482106891,0.13723447550818774
5.08,0.5004517831792547,-0.5000356740231086,0.5006181099158581,0.005779613690991188,0.009010452072646127,0.13360138594626259
5.1,0.500511448378647,-0.5000582004270105,0.49986814554498465,0.009075002976041044,0.010841070886249774,0.11816258333771981
5.12,0.5006194952904757,-0.5001033160285995,0.5001915570387674,-0.002462989885693158,-0.0023623340378595603,0.08609702630378846
5.14,0.5007622102332182,-0.500171107081605,0.4995312108766902,-0.0026162168243994105,-0.003745499963219258,0.0413653718147058
5.16,0.5008924555253665,-0.5002280053803615,0.4997661308112131,0.010847171446943719,-0.017907973883465513,-0.019208478574727694
5.18,0.501006733047616,-0.5002747272273674,0.500200357723398,0.012127712094957563,-0.020028508167529473,-0.09422039576868663
5.2,0.5010636577932235,-0.5003546106574028,0.4998751117172718,0.0008611093536610583,-0.010592763781466641,-0.1555829595039735
5.22,0.5010325371857248,-0.5004769701734091,0.4998039426755727,-0.019253906578908877,0.011473508476226526,-0.20182664691327837
5.24,0.5009585063708155,-0.5005960278830464,0.4998638451640361,-0.026224741462497415,0.019732144901943877,-0.2329476389244243
5.26,0.5009481129782379,-0.5006452436402191,0.5002137369973172,-0.019275243611391,0.014534682500638493,-0.2484077458086796
5.28,0.501013618782592,-0.5006314080948027,0.49964794981208766,-0.00031620674688121017,-0.0019598348030623477,-0.25085804278921064
5.3,0.5011637075022505,-0.5005496479488882,0.499657497139748,0.004790211757489877,-0.003818791487244642,-0.2377288408231819
5.32,0.5013071447636215,-0.5004651090794838,0.4993351461210167,-0.001541772134949385,-0.01678941674334801,-0.21091352035980598
5.34,0.5014288602975238,-0.5003974080038821,0.49955734070362945,0.004829838956403203,-0.017359682775752294,-0.16890171927633263
5.36,0.5014912040439538,-0.500311264563342,0.4995418116953857,-0.0015923453821856336,-0.0047303503189997835,-0.11274571075908224
5.38,0.5014796184467057,-0.5002327875751272,0.4997275472389053,0.0051525313276838515,-0.0060895412676599085,-0.0416214884401609
5.4,0.5014507062359099,-0.5001462663853764,0.4998275076343834,-0.0008137769807499441,0.006088738440923364,0.0437948283683909
5.42,0.5013978941742802,-0.500078405821872,0.4998054689102407,0.004984808673418503,0.006490444151788795,0.11480641539176537
5.44,0.5013700507672813,-0.500006149906335,0.4999852913290885,-0.003305708812816599,-0.006532702277521019,0.17048514691158978
5.46,0.5013682760848879,-0.49994957010265867,0.4999558624492401,0.0012205294794554963,-0.006542660949995345,0.2116318435518095
5.48,0.5013389375629486,-0.4998845698963724,0.4999449435526238,-0.005836455442418407,0.005289280429463972,0.23827850489106422
5.5,0.5012824910344956,-0.49983096720624076,0.5004325688281209,-0.00013177133318701553,0.004561493408623312,0.2497423006358227
5.52,0.5012373934900654,-0.49975661879810684,0.5000040214773278,-0.006212909295472337,-0.007994357087645195,0.248362811860018
5.54,0.5012129030377545,-0.49967644678645035,0.5003442581848025,0.001973822731320215,-0.005947370893765713,0.23078249996726868
5.56,0.5011583212923468,-0.49958317005335534,0.5000101747643506,0.016737848021245144,0.00797387188676374,0.19999202121854392
5.58,0.5010819224864707,-0.49950340961304696,0.4998516092305499,0.01812200488929886,0.00822294549600961,0.15409193879437733
5.6,0.5010516345551225,-0.4994849798117496,0.4999065944990885,0.006130680181905974,-0.005300493891313206,0.09304311381978053
5.62,0.5010586995815942,-0.4995235381556421,0.49946382332127515,0.0063571497050828015,-0.005948340090007692,0.018559746782638813
5.64,0.5010441706900328,-0.49959231396620474,0.4996868242290686,-0.006873925801586044,0.005904385656063751,-0.06818229719102926
5.66,0.5010089306925785,-0.49968402231453724,0.49954453170080093,-0.00742914173746275,0.004854627412190918,-0.14052648668461876
5.68,0.5010000973939078,-0.4997488766663413,0.49963048766966517,0.006174698659064009,-0.00935711470565965,-0.19745242334798963
5.7,0.501013275806131,-0.49978855548984386,0.49955951808954574,0.006857123035435736,-0.010293154584408305,-0.23977958661391707
5.72,0.5009818519117686,-0.4998463165915453,0.4998616620148599,-0.006641523593631582,0.0023726759628452192,-0.2665704065676739
5.74,0.5009100434007185,-0.49991868568306963,0.49971891750786335,-0.007782904094654942,0.0022741450552960563,-0.27943811384279915
5.76,0.5008550156055863,-0.4999670536072441,0.49979717702751936,0.004731163724436082,-0.011380285051060845,-0.277139565125776
5.78,0.500816641553796,-0.4999891075298451,0.4997889527890676,0.004225978639247283,-0.011652508987366916,-0.2602864537215364
5.8,0.5007304589334778,-0.5000167601688987,0.49976883460122107,-0.009504876288416538,0.0014902601714032642,-0.2287771553677116
5.82,0.500594943136569,-0.5000487311906774,0.49982951797199926,-0.010107089647151384,0.0010190203767275483,-0.1824181518628573
5.84,0.5004721641492633,-0.5000494511346012,0.49947092824597233,0.0007501377812463837,0.011444895717004069,-0.12273963550868638
5.86,0.5003628693558692,-0.5000041285823382,0.49991251715207224,-0.0016153574879217917,0.00917812227495676,-0.047476180186229025
5.88,0.5002885314554596,-0.49996548343145497,0.49952827593264737,0.00744364888551265,-0.005450835312746121,0.040516188719627706
5.9,0.5002579783770874,-0.499921298205193,0.4999539949730402,0.0031549445139367697,-0.006874194580028857,0.11247990518125035
5.92,0.500210857030199,-0.49990184938394255,0.4996845473912528,0.01137021423371098,0.003707519494611329,0.1709086258855683
5.94,0.5001333109539636,-0.49990079119843034,0.5001987610031283,0.00515497612833436,-0.00010585052958640058,0.21289931010008473
5.96,0.500072275820855,-0.49993086133080816,0.49973617248584457,-0.011116153324905006,0.0066104847471564546,0.24250521483950335
5.98,0.5000163285775443,-0.499986771873311,0.5004646188940329,-0.013761557678445115,-4.228872060807043e-05,0.2557008102474504
6.0,0.49997098784955246,-0.500007754089897,0.5000902939742169,-0.00516286752030234,0.0045547256851405475,0.25620942462333585
6.02,0.4999117228017735,-0.49997597717103803,0.4997605698733656,-0.009826646449855224,-0.00451480329342161,0.2420478029205168
6.04,0.4998653212101791,-0.4999187889063587,0.4996481304559227,-0.0010720015441494873,0.0001474875038545264,0.21264448588950413
6.06,0.49979250575137757,-0.49982844497237616,0.4995410642275998,0.019734362296790833,-0.006765305610823301,0.16905402943608538
6.08,0.49971936857315613,-0.49973317265755096,0.5001492143094388,0.02733114539900819,-0.000780528814571895,0.1100849815653975
6.1,0.49963564047236614,-0.49970349412640935,0.5000180947205092,0.023845297841067335,0.015796830787682292,0.038643223668157534
6.12,0.4995606090030662,-0.49977942957639326,0.4998407752874714,0.008426863483285378,0.019730013302435123,-0.01880340663169467
6.14,0.4995503859987278,-0.49994530586120384,0.49961888776654373,-0.018269461441172176,0.01092783979724013,-0.06198614652168978
6.16,0.49962072807083274,-0.5001472629989641,0.49959339320006885,-0.030611748520188067,-0.011900163972974989,-0.08975158554431939
6.18,0.4997471388522375,-0.5002671914197756,0.5003098193912436,-0.029605233590703016,-0.02153905453311027,-0.10218596229431468
6.2,0.499839695138294,-0.5002700495121005,0.5008111419188741,-0.017251267682868058,-0.019303505475202595,-0.1011124085350044
6.22,0.4998817128483682,-0.5001861062046695,0.5001333291239634,-0.016318619944612214,-0.005408183947682338,-0.08797946723951557
6.24,0.499844895444355,-0.5000159814873697,0.5000478606081459,-0.0016191138618381342,-0.005659593807405581,-0.058700420854710986
6.26,0.4997956057633478,-0.4997930795213371,0.49920487142415615,0.023717113039628278,0.0044059098071871855,-0.016665974724347183
6.28,0.4997165056342679,-0.49955989322087707,0.4998164925566052,0.0347106601174771,0.0005008887992031377,0.041976517508880644
6.3,0.49965011430921435,-0.4994019150427104,0.4996605868646459,0.03523277961151943,0.007344789107768789,0.08793638035804618
6.32,0.4995921313172197,-0.4993920385770539,0.499852504131308,0.02185314913161456,0.0010713557410305184,0.11789932169111957
6.34,0.49956778059668544,-0.49949334694601005,0.4993498629963555,-0.002197789788320369,0.006168967276776471,0.13519629041632641
6.36,0.4995609190180753,-0.49969828116206105,0.4997336725111045,-0.013034758248780623,-0.001341746868079807,0.1364447455164798
6.38,0.4995725977375461,-0.4998934586299306,0.49938372954685206,-0.011979489200880255,0.0032555165807788534,0.12430617024436237
6.4,0.4995700746179052,-0.5000302332462596,0.49968870914271524,-0.02501196995623683,-0.0068473555643767505,0.09648520905040385
6.42,0.4995749469800705,-0.5001148203159175,0.5003102735020052,-0.02444611585658815,-0.003192494515938316,0.05315481978409014
6.44,0.4995540831550037,-0.5001317230037705,0.49980050332180054,-0.012819608590637967,0.011785508106607417,-0.0026674233534091803
6.46,0.49951344612080206,-0.5000416702554177,0.499781665901644,0.011520302855738697,0.014515465487398033,-0.07299325101640715
6.48,0.4995226778286643,-0.49989776623676174,0.5000590177093054,0.023895069693786634,0.005599871084491003,-0.12820697128360745
6.5,0.49957655329963935,-0.49979506965506476,0.4996902861398407,0.02422361258635329,0.008368725430712782,-0.1695853454640922
6.52,0.4996416542736219,-0.49980261470602266,0.4999128576683271,0.012045306834895912,-0.00210068825541681,-0.19575481583510126
6.54,0.49971969368704355,-0.49988915097173175,0.49933840341318153,0.010504376723129448,-0.0024976474802716774,-0.20894396623601902
6.56,0.4997751175356964,-0.5000340339306306,0.4999655454484664,-0.006122677087232281,0.01200549803906744,-0.20523816655400381
6.58,0.49981727137628357,-0.5002067151756738,0.4995331293702445,-0.011390490043096195,0.014832194213321898,-0.1890053172871277
6.6,0.4999195117870332,-0.5003628498778525,0.49980505230092137,-0.002298996448874303,0.0031789241731145445,-0.15672832545030133
6.62,0.5000799473093107,-0.5004895521539441,0.49964448135400424,-0.004501478116931032,-0.019255576833007867,-0.11090759003064905
6.64,0.500255486532384,-0.500608425030524,0.49991800110444107,-0.020610495488202978,-0.027152261278116988,-0.04943433128259874
6.66,0.5003613783399109,-0.5007025699566615,0.4999998200703153,-0.02519088346191208,-0.023406198236012688,0.02566073270301698
6.68,0.5003695462476371,-0.5007145920972733,0.49990153898156736,-0.017880579069818443,-0.008135124982888346,0.11421439551856388
6.7,0.5002772832683906,-0.5006239055989228,0.5000590840066543,0.004554848260612374,0.01955324963965095,0.18731728297438
6.72,0.5001451040825019,-0.5004667512216733,0.5002480155246652,0.01419232982403902,0.03312278772710368,0.24564525636117407
6.74,0.5000860784041982,-0.5003127620757927,0.5001578120816359,0.010758289790784291,0.033888884916041744,0.2894262589624943
6.76,0.5001680429159271,-0.500181535026866,0.5001074457712202,0.018555443614122275,0.022901542900212204,0.3185056873912792
6.78,0.5003765825486503,-0.500052698065613,0.4996980453673941,0.012919789086243154,-0.0006052396491191554,0.3333947767953004
6.8,0.5007260755272334,-0.4999774956356885,0.5004884278537806,0.021810047105292583,-0.008608767373994347,0.33149964111580593
6.82,0.501089723854863,-0.49995137925469896,0.501309367953344,0.018759677061897264,-0.004673338275665702,0.31545722356511413
6.84,0.5014504974217258,-0.499983167085492,0.5006802153897717,0.0052420553177637726,-0.011334411122619173,0.28750879085614955
6.86,0.5018166133625458,-0.5000938741238456,0.5002249590776877,0.0042010434569170795,-0.029663442765144887,0.2448234859373562
6.88,0.5021404411690104,-0.5002413679747003,0.5003247905411846,-0.009359887704225207,-0.03555975041457059,0.18719871479982422
6.9,0.5023664517242982,-0.50042833294283,0.500017623572787,-0.010161569340256398,-0.02854917857699219,0.11578271861678358
6.92,0.5024279313307104,-0.5006035827511109,0.5002692560845163,-0.02378116311254041,-0.009467052936239116,0.02904216266668124
6.94,0.5023822036811286,-0.5007540267889097,0.5002281960966511,-0.025706206817896735,-0.0017238962420583752,-0.07090885591300687
6.96,0.502297171493356,-0.5008132930534197,0.5001416196690348,-0.014284147690328718,-0.006401432182900324,-0.15537047681512056
6.98,0.5022125900729335,-0.5007760340657208,0.4998789873811617,0.008338991092708352,0.0016531117997489258,-0.2257062036335434
7.0,0.502110739082601,-0.5006751475923563,0.49991120950972334,0.018571310474759246,-0.001988593992291772,-0.28086818290777654
7.02,0.5020079976279066,-0.5006067409212637,0.4998360520517664,0.015501998708205768,0.007363774983137021,-0.3211765759436246
7.04,0.5018736265606389,-0.5006160837513727,0.5003333972661643,-0.0002806044900593504,0.0035079663758250212,-0.3463344347628925
7.06,0.501744764463058,-0.5006693582923504,0.499489611755853,-0.0065486421511966745,0.008768968953780749,-0.3598188305724584
7.08,0.5016343304331015,-0.5007275900583741,0.5001229627429449,0.0026541299953021483,-0.0015115236142279618,-0.3559945109766257
7.1,0.5015575970621057,-0.5007760493975514,0.5000325665460567,-5.120552622421281e-06,0.00046115379540320387,-0.33886708883915667
7.12,0.5014712397461075,-0.5008325802078609,0.5001582947765757,-0.014995140555978647,-0.009527059356068984,-0.3070310938614005
7.14,0.5013864821327388,-0.5008895856874558,0.4998681499604779,-0.018723340447381547,-0.008438989788295262,-0.26181391656094943
7.16,0.5012822587036798,-0.5008727948690814,0.4999522565660009,-0.009775535338644758,0.004964637942090745,-0.20187835803579476
7.18,0.5011666850883949,-0.5007858746896956,0.49957631641630607,0.011478919509571977,0.005385621784772795,-0.1279298569685995
7.2,0.5010817461586625,-0.500660617601955,0.4997560961322655,0.019536959571196517,-0.006829748435950173,-0.03897709529482091
7.22,0.5010118308647543,-0.5005820300807677,0.49987298232536936,0.01457207008774082,-0.005618592961990917,0.06444508809940627
7.24,0.5009140470665294,-0.5005743992898591,0.4997508407894279,-0.0011303051321351451,0.007995939657592353,0.15356752491364695
7.26,0.5007975200840474,-0.5006268674644284,0.49974054025327114,-0.0045875879980636055,0.009949537502092475,0.22769153252146365
7.28,0.5007113369170856,-0.5006701345260143,0.49972402446712155,-0.021731330238128056,-0.0008901967053439406,0.28691328159981194
7.3,0.5006624321477419,-0.5006845044363164,0.5000854522763384,-0.025064005474901407,0.002284260977559993,0.33037213540696814
7.32,0.5005891778851517,-0.5006271550055984,0.5000084910351861,-0.01741165164747027,-0.006005749809454272,0.3604948959870426
7.34,0.500491050457108,-0.5004677513426612,0.5001866881109526,0.003850758040907339,-0.0011790546842560964,0.3749914408353786
7.36,0.5003507155464726,-0.5002575123199099,0.5000398850886927,0.013934532751406433,0.014507202934018457,0.3757640874817392
7.38,0.5002117221842947,-0.5000631775100424,0.4998918597662054,0.010849463789624416,0.016844652571671476,0.36164632857348467
7.4,0.5001453918596284,-0.4998987844981298,0.49972229454572614,0.019460484949193863,0.007763610099677427,0.3331117055775324
7.42,0.50015996532633,-0.4997518080897655,0.4997587230657795,0.015524576522437853,0.010794520716183097,0.29014566229936567
7.44,0.5002304898656161,-0.4996697097423113,0.4999596196374575,-0.0017654572124079725,8.404425451452123e-05,0.23208069220029093
7.46,0.5003494896705764,-0.499626374878538,0.4995227132359462,-0.007738569756023831,-0.019016606129588293,0.16109185064369386
7.48,0.5004668823152345,-0.49957498589454236,0.4998221498770313,0.0006925113354352047,-0.023189267673571337,0.07411510425027203
7.5,0.5005104186351148,-0.49950672490775705,0.4998867812966671,0.021758955677945183,-0.013458371713777692,-0.026772153489996196
7.52,0.5004671939848365,-0.4994475685482064,0.49978923532516284,0.02827730020665251,0.009627034419946869,-0.11250842178999801
7.54,0.5003629544543485,-0.4994815165965119,0.5001209735028943,0.021599306467961137,0.01959005269387836,-0.18325005560487007
7.56,0.5002822580310234,-0.49962257697399404,0.5002031035229022,0.0036883309743950374,0.017179618657071214,-0.24026538403711162
7.58,0.5002516736433287,-0.4998445513576626,0.4996304036947625,-0.0013757920095054936,0.002102295056367125,-0.28377566710746194
7.6,0.5002949369372941,-0.5001021632511887,0.4998075393960128,-0.020470104744679522,0.0011592356500608565,-0.3108947078940295
7.62,0.5003470519634056,-0.5003568585440018,0.49976213926813157,-0.02647605329084553,-0.012842627458665795,-0.32349591062198796
7.64,0.5004314606769986,-0.5005273449899122,0.5001863303125099,-0.019826052595000566,-0.014045387942877291,-0.32128561573320075
7.66,0.5005049304948875,-0.5006132562304343,0.49958246405323753,-0.024761547805601608,-0.0033230515381399545,-0.30670513819421197
7.68,0.5005457610382985,-0.500591882294934,0.499670164216693,-0.015711267275066037,-0.006827362255333377,-0.275814138559289
7.7,0.5006003879178655,-0.5004915397345239,0.49904673812341754,0.0040823131598027645,0.00023744219479989573,-0.23228576016984012
7.72,0.5006441110742376,-0.500310783460912,0.4992449505271269,0.010443271802913877,-0.005480863704443777,-0.17300619956165483
7.74,0.500684939179043,-0.500146424126279,0.49955799964560255,0.003657958769133631,0.0025578584215836375,-0.09888063504389015
7.76,0.5007003895687163,-0.5000151054642158,0.4994723552794847,0.009101290148074717,-0.0025152504949646024,-0.011134175056122525
7.78,0.5007252512984864,-0.49990068713634106,0.4997812026734388,0.001156362990358231,0.006764938200937651,0.09175696241849028
7.8,0.5007407109601054,-0.4998188952443663,0.49975553512024273,0.004454323978643939,0.004725726399702458,0.1804418095164646
7.82,0.500783081671364,-0.499739260989044,0.49974460660572184,-0.006242939946138559,-0.010229801915103684,0.25403658609809304
7.84,0.5008485786372471,-0.4996747130093202,0.5000644989522596,-0.0032517534069921323,-0.011271896789627226,0.31197978760125145
7.86,0.5008746487599454,-0.4995982999370312,0.4998966161690317,0.012584801027694794,-0.00027519018109956197,0.3559492016195374
7.88,0.5008448216162711,-0.49952368773906436,0.5005738610165222,0.013997845172097784,-0.004068053287544789,0.383524489645589
7.9,0.5008275129683513,-0.49948513237100334,0.5003572624365447,0.005180140651568095,0.002624592846056045,0.3986425736366231
7.92,0.5008159867431705,-0.49950368995386485,0.5001563951066169,0.008299688379978989,-0.0022474066190990623,0.3992959526201262
7.94,0.5008257498156213,-0.49954027288614694,0.5008397437530919,-0.0018699665806306512,0.006002792466588736,0.38416044347415335
7.96,0.5008383137540174,-0.4995975275053033,0.5000321305851193,-0.002827084884425956,0.0052837312224555885,0.35781837366339386
7.98,0.5008745274117449,-0.49963535949533905,0.5001690403444485,-0.018271043385093114,-0.010510932876484403,0.31529263672813945
8.0,0.5009245402902109,-0.49965744764949904,0.4998787683641531,-0.021223753820446525,-0.01366033219839498,0.2588496573276856
8.02,0.5009065577201973,-0.49961827219393223,0.5000081583881114,-0.010426127471608485,-0.0026797041188045883,0.1868658700459766
8.04,0.5008220075245423,-0.499518315513351,0.4997894457554927,0.01222220311606346,0.011913453519839416,0.10152555496317624
8.06,0.500717996144993,-0.499376786598828,0.4999242655434072,0.021143583663987674,0.012582430488686772,0.0012251057713028978
8.08,0.5006626078641392,-0.49927598298368897,0.49984663167139637,0.019139071055865126,0.0015217509395358882,-0.08484345753905091
8.1,0.5006577763340416,-0.4992599201207834,0.49985510016784906,0.003851271359412863,0.003070209370567683,-0.15527827400943303
8.12,0.5006525791129919,-0.4993109416937756,0.4994365939807948,0.0015371087037956489,-0.00836311103226296,-0.21170446863944808
8.14,0.5006584578356514,-0.4993813601908311,0.4996403750344249,0.01206615261192952,-0.006852997853006388,-0.25257982589305045
8.16,0.5006314853305392,-0.4994507382048752,0.49978846997653825,0.00904552322252644,0.007847892902936703,-0.2786781042760369
8.18,0.5005594637388984,-0.4995666268475752,0.5006863969107271,-0.007130680881254253,0.009276311884526505,-0.289388854668813
8.2,0.5005002285611995,-0.4997097388861817,0.500180198296653,-0.012424788389335183,-0.00027345868696673477,-0.2882636572218265
8.22,0.5004758276313486,-0.49983940169661156,0.49893821253041104,-0.0069729785045992395,0.0007488096888447705,-0.27441293765448865
8.24,0.5004711784164486,-0.499896609433693,0.49981080628755076,-0.016574877625308765,-0.012621809851893727,-0.24255719734049452
8.26,0.5004741395423493,-0.49993480180081307,0.49967660512245643,-0.016042593941339903,-0.015914925574487426,-0.1986067178006739
8.28,0.5004439895979145,-0.4998964119400628,0.4996253753693955,-0.0034475352791576356,-0.007367953702487888,-0.1404934175374557
8.3,0.5003675284777572,-0.49978774987617247,0.4993796565938293,0.021016487903895213,0.012150293392757517,-0.06842768210623017
8.32,0.500259966333179,-0.4996588414032755,0.4997883882922632,0.03249959465972346,0.01864702863873311,0.0189095084277585
8.34,0.5001905983398205,-0.49960779296673696,0.49984306242223847,0.03239814998253407,0.013673389697103515,0.11920248960215567
8.36,0.5001948726508939,-0.49967964793694153,0.49979824683747515,0.018043844162760076,-0.0033710922706388633,0.20415088396729184
8.38,0.5002732877796765,-0.49988141396694336,0.5000868781326827,-0.008981910424911761,-0.0065342091106620264,0.2744446918862804
8.4,0.500352771710935,-0.5001411764325187,0.499624004055689,-0.023569887544118526,0.003088394193187049,0.33127217783821417
8.42,0.5003911265444339,-0.5003683638061615,0.4999484552389743,-0.025008446242039923,-0.0003513454937443214,0.3724242809408421
8.44,0.5004133663020814,-0.5005164304156369,0.4997408481872231,-0.015799300328645106,-0.015119128613636427,0.4003690122708634
8.46,0.5003847538771765,-0.5005394570875258,0.501004611353319,-0.02070249007991353,-0.016352867847079327,0.41120887077784607
8.48,0.5003029720255768,-0.5005395286157173,0.5009959099306759,-0.014389948004948642,-0.006705967974434385,0.40972856253788437
8.5,0.5001472887879054,-0.5005000397328203,0.5002460737849527,0.0027371009854512927,-0.007796227080818359,0.3956839517043914
8.52,0.49993480283709435,-0.5004101442210498,0.5003675425998971,0.006643345815042028,0.003907755009576676,0.3657364147236864
8.54,0.4997010330315797,-0.5003396518169732,0.500063976209972,-0.0008335591376986474,0.026522907379726596,0.3222628964199885
8.56,0.4994916094692258,-0.5002884864922836,0.49984969858119854,0.00349473509979099,0.03742244462141077,0.2644879815908299
8.58,0.49938962051329505,-0.5001977596769875,0.5000235200582872,-0.006247759504815625,0.03387560207813544,0.19138350265980605
8.6,0.49942454408758896,-0.5000834282307367,0.49997009749479354,-0.004437590394641017,0.018984304446264533,0.10468735841782893
8.62,0.4995749215085387,-0.4999238916697358,0.49959645147728815,0.009319556936372988,-0.006711851643618947,0.00449239695358847
8.64,0.4998065362077241,-0.49973622344011437,0.499720336975359,0.01765570050131179,-0.018170577160857567,-0.079845217491336
8.66,0.5000126730744247,-0.4995841589154658,0.4997156496544062,0.012732515407810825,-0.0167399520313109,-0.1491281521146648
8.68,0.5001455300137914,-0.4994927155900133,0.4995358740404607,0.018709609516504844,-0.0038888532160513693,-0.20395345818477548
8.7,0.5001958769166783,-0.4994464887908864,0.49990303128317987,0.011692909065092653,-0.004023467647494178,-0.24358163626629362
8.72,0.5002224990112275,-0.4994549609631726,0.4994669016998654,0.014938523758581413,0.006038868546133643,-0.27021262982429134
8.74,0.5002172657952585,-0.49951255171952685,0.49984476592028637,0.005023556538738826,0.00282822761992912,-0.28126798945550213
8.76,0.500217394220827,-0.49961691839332745,0.4992269576686762,0.005297347586045034,0.009449944609949985,-0.2798870751229646
8.78,0.5002242133406034,-0.49974958378418616,0.4997482098080988,-0.008008165727157573,0.0025984569481681398,-0.2623032932734915
8.8,0.500253732156997,-0.49990509299069297,0.4993291111359369,-0.009732259201027525,-0.016063024238952086,-0.23188280598656208
8.82,0.5003048399193522,-0.500027200745783,0.4997029931248415,0.0016658720177216185,-0.021831629287965802,-0.18610310090298648
8.84,0.5003096946360597,-0.5001037993018943,0.4996058175794531,0.0005894688580840715,-0.014761724658975491,-0.12668008747285403
8.86,0.5002284029302334,-0.5001708274245152,0.4995463156511583,-0.013464815221346689,0.006185996939835981,-0.0528582144333521
8.88,0.5000824698857004,-0.5002321730178031,0.4999630055978221,-0.013605992621513312,0.01288612376696687,0.03639208783831105
8.9,0.499958724253396,-0.5002514386575005,0.4996627841419293,-0.0033579752115593256,0.008377854874791119,0.11250740475992684
8.92,0.49989164121769986,-0.5002064318303833,0.5000104490833885,-0.007820098482250657,-0.005672267718044305,0.17264942274086592
8.94,0.4998527728613677,-0.5001463065102673,0.4999808375844656,0.00018604047893118266,-0.007213502015089797,0.21843489361947396
8.96,0.499786583242907,-0.5000596734572684,0.49997737040053664,-0.003434398305584299,0.0029847485802644478,0.24967715903315393
8.98,0.49969329400533496,-0.4999798764201662,0.4999318338430866,0.004829322795987734,0.00138932897451953,0.26669837101113947
9.0,0.4996084259484063,-0.4998835403048465,0.5000503524950376,0.0009844048680553647,0.011743893174625965,0.26907074154874905
9.02,0.49953310339885215,-0.49980285030226,0.4998756747435998,0.00851733522903563,0.010913605531446583,0.2577089957903677
9.04,0.49950299096572237,-0.499713755660185,0.49967883865171325,0.0027964045028681505,-0.0032934337314585445,0.23166782519039175
9.06,0.4995212960339662,-0.4996454796297645,0.4993652857911546,0.009900364006601839,-0.004065011939438104,0.19116486951237383
9.08,0.4995273803607878,-0.49959381944214687,0.4998935825864339,0.0036018699439708895,0.008043329125190303,0.13500555542007686
9.1,0.49952650345134963,-0.4995767973291199,0.4997985364174935,0.008166219111608643,0.009718251534236411,0.06589126853880008
9.12,0.49955930462177417,-0.4995696932228267,0.49976663866322585,-0.00029089982829876276,-0.0023956851663858737,-0.017848431049283426
9.14,0.4996300060022341,-0.49959041999070686,0.4995202649298774,0.0029305533359694725,-0.003037402013362003,-0.08733267661936228
9.16,0.49969048852935855,-0.4996097116172662,0.49960558474004135,0.018090535374709966,0.009073048091553937,-0.14156598840581083
9.18,0.4997374401007405,-0.4996398940528781,0.49987948657797976,0.0209885308393605,0.009140679614070822,-0.18109416963224848
9.2,0.4998081994068154,-0.49974123111362806,0.49994187218915415,0.01270448473751795,-0.002579558761421561,-0.20678888969775885
9.22,0.499897133144724,-0.49992049695294105,0.4995831317586377,-0.007945361473619052,-0.002150386919790474,-0.21813911545943485
9.24,0.49996441280263465,-0.5001496679115939,0.49950896039232834,-0.014894765515060748,-0.015795398273743908,-0.21424492566517794
9.26,0.5000303811435279,-0.5003514510100756,0.49882306638671126,-0.011018717304092493,-0.01863765740790312,-0.1974062198247887
9.28,0.5000314736155289,-0.5004584060068435,0.4995014368662707,-0.022472353398470594,-0.005665393767749753,-0.16377087935961726
9.3,0.4999762512594894,-0.5005147362177391,0.4997534724535596,-0.02167428904126985,-0.005253246814950675,-0.11606850639214558
9.32,0.49991441688785465,-0.5004911448715303,0.4995432178561093,-0.009531418836195208,0.006136557592055553,-0.05526628618718448
9.34,0.49984094221942593,-0.5003719741689607,0.49973094196417756,0.01622165634063887,0.0030773931527371726,0.021150531048690042
9.36,0.4997928414586719,-0.5002179807221395,0.4998030290111706,0.030133012976476733,0.011420648708774283,0.0896206704396535
9.38,0.49975874942232107,-0.5001301022249245,0.5000400432412591,0.03026665778796819,0.00634712986519206,0.14250608883557744
9.4,0.49977411294008844,-0.500144151848943,0.4998690609844152,0.018837961303145984,0.008465173549791127,0.1818436443312156
9.42,0.4998304484951824,-0.5002707627351709,0.49965092994173516,-0.005973342478286893,-0.001814485262891405,0.20617962585811248
9.44,0.49993849544368674,-0.5004722587636278,0.4999241979699053,-0.01686061931154742,0.0025044763370669276,0.21499948992902676
9.46,0.5000341823248815,-0.5006511844914328,0.5003693756807982,-0.015588094968874084,-0.005247262266172485,0.2093125054308132
9.48,0.5001265146363925,-0.5007815389571763,0.4997412946319326,-0.003013371513864283,-0.001676524889050313,0.19083149566740631
9.5,0.5001784638946458,-0.5008436184625034,0.500008150778622,-0.004779345915997205,-0.013166055739293213,0.15622929524763
9.52,0.5002225776632078,-0.5008963676388235,0.49986901761522023,0.005960846944752108,-0.011774208900454861,0.10762507394104696
9.54,0.5002072176658428,-0.5009375200813267,0.5001327219975942,0.004031655346350814,0.0018231839510264131,0.044100022813504954
9.56,0.5001543724472399,-0.5010030078186216,0.4998646769246149,-0.009067072341452959,0.004046574804797107,-0.006118305973756275
9.58,0.5001094872557674,-0.5010840750932858,0.49963710480132495,-0.008556960532228128,-0.007211091775520527,-0.041376622535358745
9.6,0.5000822456458808,-0.5011262632357798,0.4997820722312351,0.004445607545323474,-0.005791908297527236,-0.06177035206853282
9.62,0.5000275375508513,-0.5011329152320917,0.5000192079407405,0.0038319259046789515,0.009272640827511289,-0.06728463595189198
9.64,0.49994997680097003,-0.501154988231985,0.5001174188296279,-0.00852520759684964,0.012735370533874303,-0.0589390731011099
9.66,0.4999033457735435,-0.5011923046608077,0.49972743080149906,-0.008394536841611988,0.0035651792965249087,-0.03679737503007613
9.68,0.4999149317578007,-0.5011954255504527,0.4998198648040177,-0.02190914465195722,0.008828339266741302,0.000842107878419027
9.7,0.49994305056367555,-0.5011632604816272,0.5002648919692891,-0.023140516968923792,0.0017063573966227177,0.023620740685647686
9.72,0.49999859925809076,-0.5010628146600111,0.4999056207079521,-0.013698287650215404,0.005115856701197973,0.05881435373503623
9.74,0.5000591980428611,-0.5008605708779975,0.5000220825488412,0.008149202103746178,-0.004648054556127492,0.07894662408664625
9.76,0.500135918468159,-0.500605953001359,0.4999775026168665,0.018286856203033594,-0.003230300108153069,0.08494838694811553
9.78,0.5001952389022084,-0.5003884277321968,0.5003572828360768,0.014609163964227512,-0.01573686211133045,0.07529212591853647
9.8,0.5002488529278402,-0.5002338640967355,0.5002109980559253,0.02328017462182998,-0.015435789879791648,0.05206500696125384
9.82,0.500239059180299,-0.5001478262845,0.5004865122791526,0.01946158061837379,-0.002604738572087947,0.014011501266596393
9.84,0.50018460856119,-0.5001375112281016,0.49998628282551805,0.004893359019436297,-0.0007846768622029581,-0.01152476143552154
9.86,0.5001206034582892,-0.5002074741857159,0.4996831278637626,0.0023418435369384513,0.01273586367728176,-0.022195336952945097
9.88,0.5000526592381388,-0.5003005579161143,0.5002058134838703,-0.01338126002496708,0.013123550866651991,-0.017272740700550283
9.9,0.5000211924597925,-0.5004011017999254,0.49968011267885254,-0.01922535507991002,0.0036465345565450686,-0.02449805703077271
9.92,0.5000523545437274,-0.500439892859784,0.4999229790186184,-0.011795827573901057,0.007283275672295653,-0.016285648322054733
9.94,0.5000974828307351,-0.5004136220559867,0.49964455468459884,-0.0153494240052198,0.00034342712399353657,0.005392439616348934
9.96,0.5001772461915344,-0.5003332094927667,0.500084990339444,-0.005698485543712416,0.0062780536794337215,0.042430022284552935
9.98,0.5002578088521082,-0.5002019392027227,0.4999220705741178,0.014670335485012858,0.0009189660196618046,0.06638985184161234
10.0,0.5003646288446673,-0.5000447621981239,0.5002039873957893,0.02079701477944203,-0.018667450286870328,0.074674703338218
10.02,0.5004787649001669,-0.49994480650270745,0.5004820561963036,0.014992831071125487,-0.026292995119798157,0.06896161916082162
10.04,0.5005369748283882,-0.4999173627285065,0.5001116041068506,0.021529984573384096,-0.021325095516372235,0.04998872551202926
