0.02,-1.5,1.5,1.499813795715703,0.0039148951662260805,0.003907434374107196,0.001868706882404807
0.04,-1.5,1.5,1.499621171437122,0.008149470012773885,0.015304620002099886,0.003931230732769927
0.06,-1.4999847577458563,1.4999847854949888,1.4994022342033453,0.013303724926684515,0.027316484378210368,0.009301869889005738
0.08,-1.4999102058535285,1.4999382920631843,1.4991311867269368,0.02492137715213059,0.040149935811202554,0.015300874979406503
0.1,-1.4997333455151822,1.499843144186198,1.4986702036071353,0.039478028914978515,0.0567570635892312,0.02294555886209896
0.12,-1.499408554292256,1.4996592288584474,1.4979414200898318,0.05602691239959913,0.07553401113727322,0.031866958321282696
0.14,-1.4988771309266198,1.4993383406127179,1.4968784044647683,0.07265783905688866,0.09461010453959547,0.041424907216302
0.16,-1.4980610835689283,1.49881962990368,1.4955779293766758,0.08638128089793502,0.11079292746328767,0.05239761711914148
0.18,-1.496879933107817,1.4980429367247363,1.4940974330075172,0.09632821348060558,0.12378247015253968,0.06442593626655993
0.2,-1.4952527164453777,1.4969530890185851,1.492563978050672,0.10654804798954563,0.1323560437492779,0.0745868796939261
0.22,-1.4931174314162845,1.4955159113950725,1.491018475626502,0.11555960368802373,0.14058375804334738,0.08146988003140264
0.24,-1.4904427301159446,1.49370450063399,1.4893993088368533,0.11998595220793261,0.14553979281572937,0.08828704492479482
0.26,-1.4872007718898854,1.4914962702745598,1.4876453861429395,0.12567028085762336,0.14827829993902497,0.09228774905134048
0.28,-1.4833506472510565,1.4888672161532177,1.4858731332302517,0.12604505661650903,0.15033311658396342,0.09490023203366543
0.3,-1.478896636141767,1.4858113217894218,1.4839689038374095,0.13262138828312506,0.15098320503679186,0.09665327917486258
0.32,-1.4738322705750895,1.4823312292097537,1.4819206781124563,0.13293613603016893,0.153119444367741,0.09791431260189731
0.34,-1.4681397639841764,1.4783939933989791,1.479806814323192,0.1331166304772444,0.14752300250836045,0.09814073484927913
0.36,-1.461808427834548,1.4739986901654116,1.4776419855773633,0.14073696311998882,0.14231496464553975,0.0982058926682085
0.38,-1.4548635308125086,1.4691455062210512,1.4754109265964637,0.14851870850120485,0.1448342735516679,0.0993413594662693
0.4,-1.4473273522288745,1.4638066985002436,1.4730885660369315,0.1490123683008474,0.1468113346755739,0.10064696850723276
0.42,-1.4391841485590773,1.4579511219880708,1.470695291654357,0.1493446277440448,0.14106016528652338,0.10078481938393823
0.44,-1.4304273058714927,1.4515799064751138,1.468224869094036,0.1573892858518639,0.1354267309876843,0.10093653688569283
0.46,-1.421079485030173,1.4446903096970074,1.4656815578729823,0.16566306747184154,0.13745798562235365,0.10230106267311402
0.48,-1.4111607157084332,1.437250003534765,1.4630635878788731,0.16618092486454508,0.13944369044752647,0.10367909080200227
0.5,-1.4006605629057893,1.4292291656427265,1.4603673915254187,0.16657004789252722,0.13376749194892998,0.10374875625623602
0.52,-1.3895730967105362,1.4206299150019468,1.457582072894742,0.17457213626523294,0.12830768650926508,0.10391508441400471
0.54,-1.3779194228048537,1.411448069617536,1.4547204680706667,0.18275962793496023,0.13054450132400033,0.10541202472966699
0.56,-1.3657197297924075,1.4016526619544227,1.4517747222593054,0.18324662268657185,0.13290765844608654,0.10687252915473029
0.58,-1.3529645326959387,1.3912167010270402,1.4487289583795246,0.1838555442870512,0.12792359513182106,0.10680227515154254
0.6,-1.339644789223196,1.3801411700765551,1.4455831563150885,0.1915920632231219,0.12363941928204573,0.10696936083025733
0.62,-1.325778324840827,1.368420384812581,1.4423546561268212,0.19951808207788965,0.12702694404023807,0.10859145989166008
0.64,-1.3113695361098818,1.3560109632726698,1.4391136289961484,0.20106062823921372,0.1290398062929746,0.10918346330649475
0.66,-1.296415553596294,1.3429017622702735,1.4357672794488758,0.20218963273406887,0.12359739385807109,0.10835729616573199
0.68,-1.2809071580061728,1.32908701861843,1.432327326399782,0.20358696804588586,0.12575563100936366,0.10907010921723889
0.7,-1.2648678035638528,1.3145627317806072,1.4287883005105682,0.2047283242759091,0.12034752631740951,0.1082432579667354
0.72,-1.248288839292963,1.2993253016436683,1.4251546330003357,0.2060876672525796,0.1225829546472402,0.10899627099421595
0.74,-1.2311935766748483,1.283370794717308,1.421421015634406,0.20730118903478648,0.11728621309120879,0.10814193156473742
0.76,-1.2135730879906248,1.2666958625816638,1.4175920838438563,0.20871368813060723,0.11964094529313025,0.10889511079705781
0.78,-1.195450877120702,1.2492973073569262,1.4136581466916138,0.21011143526617596,0.11458197825335008,0.1079804540208328
0.8,-1.176817746255819,1.231171901515289,1.409622851708348,0.21157513856539506,0.11707795380464747,0.10862305077476626
0.82,-1.1576949225138988,1.2123140051367152,1.4054860363762653,0.2129327262346619,0.11210839047046217,0.10759802461482461
0.84,-1.138096304161668,1.1927541705041955,1.4010837054212524,0.21071814827180427,0.11173161010817294,0.10587246425278127
0.86,-1.1180437345975653,1.1724898348684822,1.3964034458794088,0.2046674692967366,0.10724447655392667,0.10509257892404038
0.88,-1.0975380942915807,1.1515241332076254,1.3914774812438147,0.19564874142235691,0.09928218789543636,0.10587381641128236
0.9,-1.0765866822023162,1.1298594149375685,1.3864142191935975,0.18545787470731948,0.08968116774122041,0.10946702219568054
0.92,-1.0552156431160178,1.1075171427746393,1.3812880250588127,0.17535108417225254,0.07965619061441696,0.11668641518618891
0.94,-1.033463151651311,1.0845344919614823,1.376120370474568,0.16514779577919383,0.06942238041176517,0.12750993549189396
0.96,-1.011366582228064,1.0609483703905338,1.370938259390319,0.15445646335373664,0.05936718450547917,0.14183171022983004
0.98,-0.9889623213835443,1.0367959265695328,1.3657743698296578,0.14275625682026796,0.050046005879696,0.1594904087949157
1.0,-0.9662857028604754,1.0121171191397067,1.360659634016191,0.12955783894274195,0.0420176875775124,0.18030917868408933
1.02,-0.9433703763460932,0.9869580138349451,1.3556133873246412,0.11460958772098193,0.03579452767805429,0.2041039490193986
1.04,-0.9202464770657289,0.9613716810276566,1.3506496781301427,0.09777319811973288,0.03305955220566452,0.230269213420017
1.06,-0.8969403790947686,0.9354206415056199,1.345764362632311,0.07929591171048213,0.035414336284993415,0.25813177730523135
1.08,-0.8734698283245691,0.9091788848462896,1.3409247791651093,0.05974378970005732,0.04415155658555972,0.28690170942523047
1.1,-0.8498409559500405,0.882733725402228,1.336033885834917,0.036658407710723026,0.05392684194934795,0.3135994306873757
1.12,-0.826036470570517,0.8561746495855681,1.3310835667272047,0.014870635304212444,0.06228452119331028,0.33701319459160584
1.14,-0.8020512386348173,0.8296067850765246,1.3259589937321248,-0.003271989932016717,0.06694453822223413,0.35822856777427214
1.16,-0.7778821496722156,0.8031230504260242,1.3206531230536243,-0.017632876445507813,0.0677285663800578,0.37746853073722125
1.18,-0.7535377555965694,0.776797934755338,1.3151654169325033,-0.028221574189991955,0.06460151110447979,0.39485345477807166
1.2,-0.7290367649187458,0.7506869758500848,1.3095087508995942,-0.03529090509085346,0.05780451103171881,0.41033892871673394
1.22,-0.7043961969875981,0.7248381015848406,1.3039320441341986,-0.041205570142399145,0.052282594450537734,0.4227090798873431
1.24,-0.6796561734087286,0.6992678569210713,1.2984212541291587,-0.04624087102558069,0.047715967443445376,0.43182856901070266
1.26,-0.6548492425184593,0.6739897915065931,1.2929761162955478,-0.050394136406552804,0.044074551046042715,0.4376850261144244
1.28,-0.6300024266561114,0.6490147860855157,1.2875968243171354,-0.05365229248494256,0.04134579819337525,0.44027265222021167
1.3,-0.6051363415700183,0.6243543460747895,1.2823297554709843,-0.05505273627224336,0.040467483698264334,0.4399800730964948
1.32,-0.5802679631922378,0.6000105939701054,1.2771091703739823,-0.05590291685693535,0.040090136675414056,0.43626027133955236
1.34,-0.5554028290881486,0.5759844958599984,1.2719105386058114,-0.05668529055727222,0.032098471813414145,0.43298845269829384
1.36,-0.5305405111306831,0.5522879091348613,1.2668897062931064,-0.060858864214506515,0.02067711499345043,0.4278076533216861
1.38,-0.5057116980478951,0.5288984320592567,1.2618862817763605,-0.06525308331057657,0.008967891911479208,0.41901927925320365
1.4,-0.4809635949751321,0.5058232871986584,1.257086660024628,-0.07347548603340288,-0.006671911402630577,0.408696575500596
1.42,-0.45634229305745694,0.4830501057923723,1.2523550774745915,-0.08283222025229536,-0.023612886820526927,0.395433369272905
1.44,-0.43191770052575473,0.46058952468663955,1.2477744942054885,-0.09494247194885871,-0.043517482185670114,0.3802575645336363
1.46,-0.40775736685641545,0.4384432143054814,1.2432252522029432,-0.10742183627133037,-0.06415174618042986,0.36192566633705947
1.48,-0.38394526704138643,0.41662729019685346,1.2386822506259836,-0.11965889959141526,-0.0851947945167218,0.3403083377285778
1.5,-0.36057123119368395,0.3951662245513439,1.234173833512864,-0.12813380028002797,-0.10568297610411939,0.31688589862990346
1.52,-0.33772339322932576,0.37408687681018177,1.22970850268435,-0.1300682385460423,-0.12603738991306165,0.2934681505791089
1.54,-0.31550556443481165,0.35342280665234094,1.22546234759349,-0.12925587208141856,-0.14664140223274924,0.2702541749956124
1.56,-0.29399851910853825,0.3331745949585302,1.2214807161808152,-0.12680535072670468,-0.16643328636616608,0.24653494052010397
1.58,-0.27327408063218805,0.31333026218253984,1.2177565862060056,-0.12369073742902617,-0.18513797450090066,0.2225569960223651
1.6,-0.25337545923152904,0.2938654747117051,1.2141579221242818,-0.12303815966909859,-0.20005368386783817,0.19939040749203632
1.62,-0.23435837273370266,0.2747665989286258,1.2106506724715314,-0.12569690442183,-0.2112787739131278,0.17773884833080078
1.64,-0.21625921726603115,0.2560330112178539,1.2071722858853888,-0.13100859090338499,-0.21974356890764066,0.1583318042820319
1.66,-0.19909706635438443,0.23767889546967033,1.2036422659377286,-0.13773305121035634,-0.22675511038090487,0.14201402480046788
1.68,-0.18289442365016234,0.21973468624792644,1.2000373286421424,-0.14552941026559535,-0.2314209498564732,0.12819761738917754
1.7,-0.16765335975295886,0.20222832861063034,1.1962718990569776,-0.15188827843199307,-0.23190524028688947,0.1152915579917778
1.72,-0.15340457630990367,0.18520759309599255,1.1924108265753242,-0.15825513757880805,-0.23254650242820635,0.10588414019818898
1.74,-0.14013356838271188,0.16870287468939957,1.1884100263958168,-0.1605875337241839,-0.23201123693553002,0.0976368266736886
1.76,-0.1278408539426091,0.15274771820123556,1.184277888706626,-0.16382584819407267,-0.23085233775390732,0.0931045467876914
1.78,-0.11653597451810416,0.13736760154432173,1.1800829844187641,-0.16318999883131105,-0.2308430289874469,0.0904482790034922
1.8,-0.10621858243882315,0.12258324197015158,1.175856057006435,-0.16530311307355755,-0.22821492640869043,0.09012032750969724
1.82,-0.09685786731114737,0.10837711314361165,1.1714885801314463,-0.1597921434687442,-0.22563088328434397,0.0897163222959373
1.84,-0.08845803724883843,0.09476667120139899,1.1670451028735251,-0.15796853941425754,-0.2200429142209011,0.08893752210535748
1.86,-0.08098168651307229,0.0817156311425501,1.1624312031683892,-0.15752036133300407,-0.21373331427216788,0.08554455040810414
1.88,-0.07442093111017141,0.06922753774960272,1.1577175952870196,-0.15708355138536823,-0.20292569950743272,0.08142912130765563
1.9,-0.06874050547867883,0.05729967347995098,1.1528759590466187,-0.1560362046511641,-0.1890983950901146,0.07532934288466
1.92,-0.06390088934738028,0.045939429398610794,1.14793832320993,-0.15445486986227738,-0.17237755182866585,0.06734590798538263
1.94,-0.059844221282384806,0.03515044069950142,1.1429143498304477,-0.15280176417535268,-0.15336774067940345,0.057512669129442466
1.96,-0.05650421018102767,0.024938763142680127,1.137835817340853,-0.15081207875417912,-0.1333152662089879,0.04558411988069942
1.98,-0.053807442571776436,0.015314150038266784,1.1327571038037554,-0.1483474796750403,-0.11298653901417477,0.03171071711399228
2.0,-0.05167553205845237,0.00628733282136015,1.1277481110644985,-0.14575191373702737,-0.09334553020698406,0.01676339397651531
2.02,-0.05002422559396298,-0.002134984003695734,1.122869864342678,-0.14414680688080891,-0.07626843986265242,0.001480979241594215
2.04,-0.04876637422642478,-0.009952960902014817,1.118152165014148,-0.1432371309377868,-0.062113514344687405,-0.013879386470675695
2.06,-0.04782519298694852,-0.01716348729557738,1.1136331349769242,-0.14209578729218436,-0.05051226253713546,-0.028745766221183824
2.08,-0.047134100258461736,-0.023764353948938395,1.1093369395743296,-0.13996177749476577,-0.040991919222844016,-0.04267247400555394
2.1,-0.04663589414690299,-0.02975922102086863,1.1052644076218998,-0.13653301291197636,-0.03321122047400973,-0.05543033194088881
2.12,-0.046282501752020824,-0.03515902752191589,1.1014027484654951,-0.13155685768816733,-0.026941765216340337,-0.06669175417152241
2.14,-0.04603517957857149,-0.03997783719618406,1.0977608608282199,-0.12515392813998766,-0.02203359880952854,-0.07652908573553753
2.16,-0.045862682727478316,-0.044239103407564775,1.0943300547388217,-0.11748551532203931,-0.017786428063522312,-0.08516885129165845
2.18,-0.04574093539076202,-0.04797537084465797,1.0910772925317047,-0.10821029543168333,-0.012272327671906256,-0.0940003262464446
2.2,-0.04565011231606834,-0.05123021686354401,1.087917511953803,-0.0968702009132775,-0.004476176056519917,-0.10447473551139959
2.22,-0.04556742007546818,-0.05404696782827202,1.0848192422435474,-0.08452469372949016,0.004190210087998395,-0.11647396860687902
2.24,-0.045462282900034304,-0.05647602226172318,1.0817681577764289,-0.0726885020636,0.012051635495438855,-0.1298860463600832
2.26,-0.04530176244219118,-0.05857136518119649,1.0787608351516476,-0.06231757660974011,0.018829072938087964,-0.14468438042643064
2.28,-0.0450564123060053,-0.060383948044522504,1.0758106780523993,-0.05451457379980047,0.024162132618698078,-0.16042879285843056
2.3,-0.04470163302001874,-0.06196052219907476,1.0729117535671624,-0.050035912941727524,0.027932320302555946,-0.1763146774907835
2.32,-0.04421887019196439,-0.06333858766202684,1.070034468063489,-0.045517875181028095,0.0330834992491834,-0.1902417685629266
2.34,-0.04359297623075601,-0.0645396451020036,1.067195913163643,-0.04271851413857147,0.036070025993492606,-0.20357834486444554
2.36,-0.042805628703510984,-0.06558789285658956,1.0643808220603839,-0.03956241504362991,0.039413038045820456,-0.21396458818064332
2.38,-0.041844118960108444,-0.06649763326887909,1.061624188572697,-0.03743575161146233,0.04010847925683975,-0.2229548445837035
2.4,-0.04069828788037878,-0.06728684884957171,1.0588952561231961,-0.03534225330272843,0.040863938880244165,-0.22855652904571613
2.42,-0.03936599495725709,-0.06796587939032318,1.0562028710363596,-0.03399252894612614,0.040578717044248445,-0.231620046201779
2.44,-0.03784359726241221,-0.06854348850019343,1.0535923591988805,-0.03348281315123394,0.04047847764313764,-0.232085915509758
2.46,-0.03612622525075989,-0.06902179386864554,1.0512134694388617,-0.035647805155887266,0.03835971311150279,-0.2331128669208471
2.48,-0.03422124778050114,-0.06940608792935236,1.0489312507939337,-0.033740628428657354,0.0343539566228974,-0.2327097481956764
2.5,-0.03213512468014086,-0.06968627929629653,1.046743378557483,-0.03530772870141984,0.03127074243814567,-0.23113267891846562
2.52,-0.029883731029432464,-0.0698650878215013,1.0446926713116025,-0.03410351894927612,0.02789495769988657,-0.23019272624914008
2.54,-0.027480358682160533,-0.06993488306696971,1.0427206283195787,-0.03514270187844504,0.023416036653228004,-0.2289642863810207
2.56,-0.024939803685322084,-0.06989747483670952,1.0408186883937347,-0.03333242529213573,0.01811714111121865,-0.22787281810978227
2.58,-0.02227778050914486,-0.06974374801034702,1.0390199358866625,-0.032608883975137164,0.011368348239234808,-0.22628450225224706
2.6,-0.0195168741509536,-0.069475889473834,1.0373273254258237,-0.030973847113486663,0.002815854135027015,-0.22488919072679153
2.62,-0.016684787290355493,-0.06909107209609665,1.035724740451345,-0.02892124355958652,-0.006783153010937658,-0.22311096238348757
2.64,-0.013816888563151032,-0.06858882625241161,1.0341861945703075,-0.02651681116842148,-0.016515033340454104,-0.22079280818140298
2.66,-0.010952511748566918,-0.06796902163322147,1.032701199667823,-0.023841170722724604,-0.025775103376718983,-0.21793483465013114
2.68,-0.008131605477066473,-0.067233002847424,1.031256638971637,-0.021307493167442258,-0.03424995844294548,-0.21469186845424665
2.7,-0.005392693949066451,-0.06638319974611374,1.0298592865801575,-0.019105485916956176,-0.041488189432280276,-0.21118867493388863
2.72,-0.0027713913757743147,-0.06542230026575531,1.0285201678190083,-0.017109342883654198,-0.04708572037395091,-0.20774465616526633
2.74,-0.00029795266144953987,-0.06435334373345797,1.0272381967613198,-0.01581546922550555,-0.05074402731571045,-0.20481222210161903
2.76,0.0020038569694862786,-0.06318003399540155,1.0260152792256234,-0.015093988846762954,-0.05231803335492738,-0.20269014445541678
2.78,0.004119245069261928,-0.06190540135913524,1.0248368488723296,-0.014100613418857698,-0.05251484466282229,-0.20178414793160315
2.8,0.0060516974468253285,-0.06053683614233162,1.02349095947939,-0.014494108830400705,-0.051631869301366984,-0.20098164586700157
2.82,0.007787339732576394,-0.05907184462471507,1.0222342497188908,-0.012260050933169203,-0.05292306178789666,-0.20025756954583723
2.84,0.009328042821898742,-0.05750878303702889,1.0211091641172905,-0.013208506901885167,-0.050717279617736644,-0.19779979785382099
2.86,0.010673376272780671,-0.055858626378134685,1.0199862331139222,-0.00944081248070186,-0.04972386509939443,-0.19569658221269218
2.88,0.01183288505411579,-0.05412015361558493,1.0188580543972865,-0.006260973771307102,-0.045381909368192336,-0.1930719565658378
2.9,0.012800494911112743,-0.05230624890593588,1.0178737578473611,-0.0036607430801919266,-0.040432861840301725,-0.18946490692430648
2.92,0.013592360337905656,-0.050434016886058065,1.0170029734139008,-0.0014437186146312186,-0.03700795302261597,-0.18552647508871287
2.94,0.014231324990389685,-0.04851971914650884,1.0161113607184082,0.0008434876382063044,-0.03587853468841928,-0.18232846239066275
2.96,0.014730642490466926,-0.0465753591663449,1.015150708588775,0.0028960806502451,-0.036798584211044386,-0.1806524182426192
2.98,0.015095066984575151,-0.0446111934322897,1.0140633364049163,0.001808517104678444,-0.03617262008288855,-0.179497842035845
3.0,0.015311300051082378,-0.042633628517589874,1.0130819639407516,0.0061972607277206455,-0.03396773510351168,-0.17918472314608677
3.02,0.015380657481088494,-0.04063871398945886,1.0122639334586123,0.008877582622306921,-0.030524331083285925,-0.17915336204807844
3.04,0.015312122046431191,-0.03864574839296038,1.0115168920550854,0.01099106993468685,-0.026169760805118743,-0.18049623165291623
3.06,0.015119815308095318,-0.03666746256917719,1.0107657942509232,0.011478964410641808,-0.021162059334102944,-0.18258996446138698
3.08,0.014817163214568562,-0.034715313835556795,1.0100815875496574,0.01104592331488903,-0.01649827391975523,-0.18463492696863995
3.1,0.014423866385245851,-0.032794460809203625,1.0094482509193863,0.01048638378849406,-0.013595033441357249,-0.18616483808692938
3.12,0.01395856886769132,-0.03090635078693442,1.0088602578050776,0.009866064473107455,-0.012774481346902764,-0.1869568915727261
3.14,0.01343198730782907,-0.02905131203411469,1.008384511979028,0.01095011794306258,-0.012601486376406235,-0.1867462787523632
3.16,0.012850189355505706,-0.0272262376720864,1.007859424802302,0.008317817372162518,-0.012292268451937339,-0.18639555811837993
3.18,0.012212416527367383,-0.025435764887320866,1.0073330355033787,0.011706811201182889,-0.010466770192206027,-0.18599988988693136
3.2,0.011521489471005633,-0.02367011759752619,1.0068304745733392,0.011846947432741424,-0.009354778730777166,-0.18632167848350423
3.22,0.01078298394174666,-0.021943056436288706,1.0062781224257238,0.011250733396400424,-0.009169455776024264,-0.1869340210106606
3.24,0.009999906244311296,-0.020256864121449596,1.0057771975340273,0.014774810844845821,-0.0077837949792339545,-0.1867983928784963
3.26,0.0091736075924092,-0.01860913836077256,1.0053119862771545,0.0144106674594003,-0.006334216189443142,-0.1870982756864323
3.28,0.00830702627038947,-0.017014440977644728,1.0048728843186834,0.014858469944590445,-0.007761780206332529,-0.18776621302414778
3.3,0.007406361192190147,-0.015471935537269787,1.0044269899650373,0.01567099916751624,-0.0027260066142702453,-0.18772515076807827
3.32,0.006465019745479174,-0.013983207807600232,1.0040485825729726,0.014696976339889707,0.0003766266424212284,-0.18949897374726724
3.34,0.005502882685051066,-0.012553218005293467,1.0036085567429813,0.013214400547244255,0.0018393401784297476,-0.19076157413567196
3.36,0.0045319659861419795,-0.011182635610676044,1.0032584416455104,0.014530155834895399,0.0029130814680089876,-0.1914955656361267
3.38,0.0035591888351147387,-0.009864731026626342,1.0028528175012033,0.012395410758765518,0.004543628712308666,-0.19340709190694175
3.4,0.0025876337564638176,-0.008607501013763251,1.0025444850975758,0.013358592193772164,0.0062133003629550616,-0.19461895095086942
3.42,0.0016248770629187148,-0.007401331515594843,1.0021492137457235,0.010125789165566229,0.008202941839821865,-0.1964143020078125
3.44,0.0006769988208215548,-0.006253428647418844,1.001833487632031,0.010849810340479046,0.01035115705266032,-0.1976545488752328
3.46,-0.0002467275853875622,-0.005150856670430049,1.0014430060513708,0.008720163266491639,0.012335990248469536,-0.199206103534308
3.48,-0.0011374116564957452,-0.004100192559911444,1.001154241749814,0.009578605870284362,0.013281152072054762,-0.19997552535735916
3.5,-0.0019868984533581774,-0.003093292883915694,1.0008461063619594,0.005850965263287401,0.013346095990001618,-0.20135829744490324
3.52,-0.002792054418516446,-0.00213444034069151,1.0005415924728691,0.007042453005596977,0.014408670320175739,-0.20191966338658868
3.54,-0.003549450071782471,-0.0012096249145307591,1.0002708973310868,0.005258454787669305,0.01413749714003063,-0.20357689510881793
3.56,-0.004256300479636325,-0.0003240496153512904,1.0000083855684376,0.007518802680229235,0.014440176530483247,-0.20385636007971678
3.58,-0.004911376290618414,0.0005287135184741578,0.9998294813585744,0.0056138474014399715,0.014801525713119271,-0.2039159639366651
3.6,-0.005516410848403765,0.0013404143788808371,0.9996522346244545,0.008892629446469714,0.015805118410730266,-0.20387502175821134
3.62,-0.006068053033537562,0.002117800517228763,0.9995137946648,0.007920681382048805,0.015162668577605454,-0.20389093295517416
3.64,-0.006565941186902456,0.0028481327660302017,0.9993515157113404,0.013563620272564546,0.01548947375666427,-0.2036222387714942
3.66,-0.007011197981605541,0.0035351698720009197,0.9992114111136151,0.01395896929409148,0.015399051923739629,-0.2031270357412883
3.68,-0.0074072845079703,0.0041571638192897335,0.9990781788352311,0.010982088429602506,0.012852256787223869,-0.20356351597698938
3.7,-0.007755544417889478,0.004713665294518698,0.9988970153344796,0.01384327714409312,0.01197046299272148,-0.20339684753569023
3.72,-0.0080626908377674,0.005217114988636726,0.9987339538156258,0.011490165604649799,0.01195343949433835,-0.20300626165113336
3.74,-0.008334265338960643,0.0056569390568010705,0.9986071582288358,0.014664332538375537,0.012764700992748453,-0.20274706581069363
3.76,-0.008568604829554273,0.0060425466210612564,0.9985013994986861,0.012094506405458125,0.012437188463278178,-0.20229005477345866
3.78,-0.008764955240248175,0.006360810867381667,0.9984332878879372,0.015055740309263118,0.012850972546452264,-0.20206231760846907
3.8,-0.008922770319543355,0.006622364725864659,0.9983795593721618,0.011835753939632406,0.01254577812539059,-0.20156571306391463
3.82,-0.009042697196492006,0.006815311040815899,0.9983522821537986,0.013577185683934796,0.012894290361006934,-0.20128913262440215
3.84,-0.009123689893186586,0.006952876635570776,0.9983190483101575,0.00941414523019019,0.011893607742638094,-0.2006668865954805
3.86,-0.009165565564293307,0.007027803142234308,0.9983026097296926,0.010950988361662872,0.011577316022985415,-0.20019928699768313
3.88,-0.009169317318948876,0.007057497417953149,0.9982613505939334,0.006720818472503197,0.010370542643296943,-0.19950107437839731
3.9,-0.009136924334005307,0.007035781838804208,0.9982420310828154,0.008547186463582978,0.009857513840881018,-0.1990277620454423
3.92,-0.009070094399917674,0.006980361681549895,0.9982042540363283,0.0046331421180238344,0.008804614191976532,-0.19845877349033722
3.94,-0.008971862509647061,0.00688423975518697,0.9981916876563421,0.00672887637097778,0.008463863553227752,-0.19808378993294026
3.96,-0.008843514736124509,0.006763634154619233,0.9981711567352991,0.002880707275558196,0.007680980135245669,-0.19739801190693748
3.98,-0.008687709841697875,0.006610471464585218,0.9981823920920336,0.004988529134066788,0.007552102158633131,-0.19699923244278947
4.0,-0.008504886778792235,0.006440557530934408,0.9981697325124891,0.0014438832451957881,0.0062538017904693365,-0.19613104156998712
4.02,-0.00829680819968566,0.006245612072643603,0.9981880337263985,0.004270158118853422,0.005685743165542713,-0.1956200374210657
4.04,-0.008066020600491467,0.0060405247114186005,0.9981953287412764,0.0012434016415312685,0.004723804788573975,-0.19487030547310663
4.06,-0.007816661900989468,0.0058146853282716356,0.9982340127153009,0.004448509006195247,0.004494652285008311,-0.19451113047646482
4.08,-0.0075503159138642206,0.005580678056469401,0.998265158597001,0.0015271146213500693,0.0037033043363139113,-0.19384513094153497
4.1,-0.0072701718962677065,0.0053262007828239945,0.9983240599611911,0.004579589099545026,0.0036204321016881525,-0.1935807171220223
4.12,-0.00697718097662795,0.00506327133780502,0.9983779281010895,0.0013585369580143836,0.0029132916284019075,-0.19302958262627695
4.14,-0.006673903437138296,0.004780108004004706,0.9984512674017939,0.0037029594121253595,0.002895308647109569,-0.19283471572720629
4.16,-0.006360708027288135,0.00448977379513604,0.9985165321849633,-0.00018033351616884944,0.0021291949835310292,-0.19233225054987574
4.18,-0.0060393895350203605,0.004183212691013432,0.9985918733626084,0.0014350061127309899,0.0021238406670249696,-0.19207589285392607
4.2,-0.005710057963579884,0.0038760064229566107,0.9986427890804261,-0.0027450089640057,0.0008998897713926076,-0.1913673792393185
4.22,-0.005373862496670675,0.0035619055181104094,0.998712886130207,-0.0006279862783331204,0.00040308396894223725,-0.19094982343620295
4.24,-0.005032478664673441,0.0032578717840477498,0.9987500209687759,-0.004002290327617896,-0.0007152542372703538,-0.19029191237353935
4.26,-0.004689342914697556,0.0029562172576986442,0.9988118013792145,-0.000901833967175551,-0.0010632242295495124,-0.18994126324749583
4.28,-0.0043462748819588755,0.0026706557111489627,0.998851369314728,-0.0034707388194182673,-0.0018811885136060268,-0.1892926616437788
4.3,-0.004006938939539693,0.002389618626253566,0.998920718069615,0.0003693506093599921,-0.0018895734750991725,-0.18902574919845525
4.32,-0.0036725530974468946,0.0021235300511080594,0.9989817030436693,-0.0017765495072066784,-0.0024338686151946175,-0.18851862248286919
4.34,-0.003346033636191029,0.0018576285065311558,0.9990664492331411,0.0021810210394727176,-0.0021581516167931917,-0.1884193535956367
4.36,-0.003027849253988492,0.001600574667567617,0.9991519059868603,-0.0001483592507621007,-0.002396296511925357,-0.18809329069722205
4.38,-0.0027198297228838665,0.0013369216299908943,0.9992346605860088,0.002576058625359365,-0.0018331514895360344,-0.18808796578436668
4.4,-0.0024211787895807727,0.001075811137050613,0.999316490611431,-0.0009289997672817815,-0.0021260875919386192,-0.18784926337729196
4.42,-0.002131690139144524,0.0008063649833710984,0.9993856043876082,0.00046630268761241805,-0.001551366840775305,-0.1877384007329721
4.44,-0.0018499649625044123,0.000542286168817203,0.9994649195378775,-0.003673192973767143,-0.0028292230861030566,-0.18754734789619404
4.46,-0.0015747626497945994,0.0002777643681657735,0.9995301294755691,-0.0019405843251312335,-0.003038961274067687,-0.18736551606231702
4.48,-0.0013079384481633138,2.955868815214622e-05,0.9995677313536424,-0.005877110760202983,-0.0036083573336924556,-0.1869197098661551
4.5,-0.0010516440263124132,-0.00020872811086852702,0.9996148777812455,-0.003746348101442527,-0.0033355584698293657,-0.18666885187628737
4.52,-0.0008051417991521235,-0.000421643085961645,0.9996483119206905,-0.007159035343738336,-0.004190577201089027,-0.18611989599472376
4.54,-0.0005690117743473925,-0.0006174460417845748,0.9997006849868407,-0.0039334113826526235,-0.004280177612994368,-0.18581021050340737
4.56,-0.00034393930109658584,-0.0007827070883095435,0.9997227459647164,-0.0061443284275981,-0.0048966536274888525,-0.1852535907223588
4.58,-0.00013278977160745435,-0.0009294476476131157,0.9997733419072499,-0.00171096950019894,-0.004722458547456139,-0.1850274467246641
4.6,6.380480901547686e-05,-0.001048946476418813,0.9998113521639579,-0.003019850498869274,-0.004953258675317959,-0.18464113721307537
4.62,0.0002431618868676712,-0.0011582817927065358,0.9998761681092456,0.0019042470783808831,-0.004355693581719527,-0.18471097745151305
4.64,0.0004054666796333469,-0.0012523327230118035,0.9999394754337606,0.0006468733801633219,-0.004127819671127453,-0.1845899848662019
4.66,0.0005497017657527942,-0.0013504594033023694,0.9999560083218911,0.003583355124121798,-0.0032593996929696405,-0.1846514108283235
4.68,0.0006774015322551341,-0.0014480282602219736,0.9999838399225713,0.0003831540348693359,-0.0032929061710700413,-0.18457873641530667
4.7,0.0007899358253097764,-0.0015569228843782543,0.9999918995315171,0.0019343123459372718,-0.0024292171463945566,-0.18454741024130947
4.72,0.0008892988815930255,-0.001664829110697094,1.0000349865720193,-0.0019396240748298583,-0.0035056917714161306,-0.18471969829555943
4.74,0.0009779154042802245,-0.0017783091809038503,1.0000467497315735,-0.00021769282361670315,-0.0032336965152115317,-0.18470922428067463
4.76,0.001054328406692553,-0.001881683148850518,1.000064994486686,-0.004397197624399521,-0.0035434035579828957,-0.1845536614801836
4.78,0.0011184141229619365,-0.0019818167151626764,1.000071110704562,-0.003117863557092309,-0.002759451322105453,-0.1844042411836031
4.8,0.001171853132751506,-0.002062183019644064,1.000116073661363,-0.006492214774259296,-0.004434860217213199,-0.18451115953811478
4.82,0.0012168829596962989,-0.002128530431103802,1.000148660838863,-0.003615873695738077,-0.004935502856022419,-0.18457214386782433
4.84,0.0012495062943538536,-0.002166730788547619,1.0001653975619098,-0.006177804722139486,-0.0049536614186470405,-0.18454300567927212
4.86,0.0012657643284418715,-0.002187499343545135,1.0001634495525964,-0.0031193921326052127,-0.0037788965448630725,-0.1844529021834632
4.88,0.001267267653155465,-0.002180700792077543,1.000187403071968,-0.004835169442531873,-0.003987455027631295,-0.18457717459367348
4.9,0.0012565325745451696,-0.002159268308143544,1.0001852085664005,-0.0007608194322305125,-0.0028097163700024443,-0.18451591351428376
4.92,0.0012338813742248243,-0.0021162833028448196,1.0001955460351362,-0.0019077227486016541,-0.002690190329548491,-0.18445867644997235
4.94,0.0012010366175589002,-0.002068413083097957,1.0001798518484273,0.001964612509990776,-0.0017373584264175539,-0.18450110107689977
4.96,0.0011592019093721634,-0.0020112736699393844,1.0001734365782602,0.0001783867456983399,-0.001610646052971692,-0.18444801705072064
4.98,0.0011093376730862982,-0.001960466534265418,1.0001454625696384,0.0032732640784023503,-0.0006226146778723048,-0.18445796384321708
5.0,0.0010531473947510744,-0.001909227333838918,1.000136813582898,0.0006150424143304267,-0.0008364370823539396,-0.18442687072543168
5.02,0.0009922664704532234,-0.0018701519387257434,1.0001142307036008,0.0031465382973195405,-3.905322356479614e-05,-0.1843992736544372
5.04,0.0009277525464539683,-0.0018328846964904835,1.0001093423174345,-4.637624768788557e-05,-0.0005378038671179056,-0.1843329315222354
5.06,0.0008608881311888785,-0.001807695530757793,1.0000885351436033,0.0022031506660620797,9.660309855447289e-05,-0.18426334959716695
5.08,0.0007920306932061296,-0.0017819593693625519,1.0000822752388079,-0.001176675476995701,-0.0005621608987821471,-0.18414804960700823
5.1,0.000722022450933083,-0.00176477506665096,1.0000630353893276,0.0011672794762956908,-7.136681781630466e-05,-0.18405773133069378
5.12,0.00065074585264072,-0.00174265614650537,1.0000520031961961,-0.0020590410355992767,-0.000566135530709713,-0.18391554689153336
5.14,0.0005784158813983062,-0.0017249947370659125,1.000034369643762,0.00045491679828453855,5.868964724478308e-06,-0.18384798559572652
5.16,0.0005054366953133272,-0.0016989875623170463,1.0000255671052103,-0.002451577017485539,-0.0004550354738729142,-0.18375396377660083
5.18,0.0004322134283235193,-0.0016747546638994383,1.0000077652644064,0.00041120330854814137,0.000191374189351344,-0.18369765841128088
5.2,0.0003590512596212212,-0.0016407431823359513,0.9999994854352382,-0.0021382127111590345,-0.00019491704809600793,-0.18361649100454286
5.22,0.0002863899626191588,-0.001608476897210669,0.9999822116272498,0.001037976968950457,0.0005112017519584052,-0.1835784116713478
5.24,0.0002145680798469056,-0.001567835947737396,0.9999743843630343,-0.0012904656413367669,0.00021535433545219533,-0.18350150886570693
5.26,0.00014402847996475442,-0.0015315837037236503,0.999957356174906,0.0019331724463062824,0.0009662213257021852,-0.18347409391426564
5.28,7.530318718225997e-05,-0.0014905283711352255,0.9999505508030747,-0.0004807718834935153,0.0006488155453554374,-0.18338938162457916
5.3,8.968831741907972e-06,-0.0014576281089546197,0.9999342202178458,0.002567952666221873,0.0013432850377148203,-0.18336497747654112
5.32,-5.44610634283005e-05,-0.0014233617383724293,0.9999272697891884,-0.0001310111805416811,0.000970838739647435,-0.1832646755353366
5.34,-0.00011450578511810149,-0.0013999557846199955,0.9999113407963816,0.0026019926778964686,0.001574510492024574,-0.18323648819322866
5.36,-0.00017065724974765707,-0.0013767576723347564,0.9999051447365707,-0.000448705759088109,0.0010945039221377853,-0.1831289561744236
5.38,-0.00022256315844597162,-0.0013647061521030797,0.9998899041522812,0.0020276809573243453,0.0016035557402234847,-0.18309546450652905
5.4,-0.00026987636012457085,-0.001351713591387132,0.9998850728596317,-0.0012420675087757142,0.001038930207995643,-0.1829902488543862
5.42,-0.0003124285599890199,-0.0013476715761823424,0.9998714731575898,0.0011475098146952703,0.0014781970862594391,-0.18295318149739787
5.44,-0.00035004260396079767,-0.0013395751690288464,0.9998686469146186,-0.002138209667753727,0.0008833231842355154,-0.18285798316907814
5.46,-0.0003827578314271265,-0.0013369505503917274,0.9998571643276779,0.00036031140669409934,0.0013024704211700932,-0.18282564447284386
5.48,-0.00041050644926304277,-0.0013266981091061647,0.9998547106612646,-0.002745633624626492,0.0007378531954615975,-0.18274393625629792
5.5,-0.00043347912160544253,-0.0013187661153027338,0.9998439557368796,8.413705145593306e-06,0.0011877440571213627,-0.18271842699940932
5.52,-0.00045162285916078743,-0.0013007606549289964,0.9998416868454607,-0.002781536549834661,0.0006721103650111544,-0.18265369091055117
5.54,-0.0004651895494555882,-0.0012836461429107055,0.9998308926839784,0.0003136992439714022,0.001178651415724424,-0.1826376549889482
5.56,-0.0004741625665945012,-0.00125627602829665,0.9998299032911586,-0.0021664841185368156,0.000712041699507465,-0.1825752405701208
5.58,-0.0004788179597692085,-0.0012309716554441024,0.9998201201155782,0.001204836622317455,0.0012604096086798334,-0.18256949425358007
5.6,-0.00047917139126016443,-0.0011978218524132127,0.9998208381833801,-0.0011267290243581255,0.0008480443766015595,-0.18249783387337404
5.62,-0.0004755320364745006,-0.0011702280688081705,0.9998130284920884,0.002258137972668356,0.0014142522681815874,-0.1824966460862805
5.64,-0.00046781327473803124,-0.0011389056154734033,0.9998164028333039,-0.00019750325754224252,0.00100793445470649,-0.18241147708204475
5.66,-0.00045626415092989934,-0.0011172971769249202,0.9998108365771444,0.0029063740223092445,0.0015330114890119964,-0.18240983026118407
5.68,-0.00044068665622267004,-0.0010956612862012952,0.9998165949582397,7.364365704748005e-05,0.00107781933226083,-0.18231382648989056
5.7,-0.00042128810606880323,-0.0010863065206567456,0.9998126785260275,0.0027098225964335655,0.0015256966785318986,-0.18229892465695585
5.72,-0.0003977908379731525,-0.0010780121306452487,0.9998198131597237,-0.000576400481364741,0.0009415248690527204,-0.18219201187918693
5.74,-0.0003703661125624342,-0.0010812272288445038,0.9998174466566853,0.001734139546339288,0.0012806160743179162,-0.18216774529035015
5.76,-0.00033891445888474027,-0.0010828825976114907,0.9998246113396283,-0.0018361902089778265,0.0006342399545578078,-0.182059081900075
5.78,-0.0003037906063817209,-0.0010921149483776233,0.9998232616997091,0.00034763622747156683,0.0009207897008278588,-0.18202839713653834
5.8,-0.0002649396040643605,-0.0010946988228969156,0.9998291892718881,-0.003185290156709035,0.00023862510340169225,-0.18192933021439306
5.82,-0.00022282235048505628,-0.0010992707662833556,0.999828252315521,-0.0007560136507813944,0.0005100624333021021,-0.18190377694154208
5.84,-0.0001775563179010632,-0.0010917148584361233,0.9998315616497264,-0.0038971064953393134,-7.172689679181031e-05,-0.181827613300503
5.86,-0.00012982732489223727,-0.0010816154184683311,0.9998296726179828,-0.0010051038156983438,0.0003063024484389269,-0.181811133675329
5.88,-7.964633692576027e-05,-0.0010564219340282403,0.9998346509405589,-0.003571449282092509,-0.0002576357011607599,-0.18177456473211395
5.9,-2.7615763440367543e-05,-0.001027597396627535,0.9998324420378282,-2.4510353708728354e-05,0.00018542387225698684,-0.18176986789020644
5.92,2.5913581175944793e-05,-0.000984817311399806,0.9998377153524132,-0.002056561385677865,-0.0002570997720102705,-0.18171863237350902
5.94,8.013077977651593e-05,-0.0009421083932455508,0.9998353255185978,0.001937690348570373,0.0002793771443485235,-0.1817237662494662
5.96,0.00013477136114772596,-0.0008913012891194432,0.9998432525948067,0.00011490387863630078,-8.717104714532743e-05,-0.18165052241027926
5.98,0.0001890730783539471,-0.000848187196971034,0.9998427949631468,0.004063030157515283,0.00048340601460831464,-0.1816821087074701
6.0,0.0002429125366237613,-0.0008054901004785197,0.9998536835865705,0.00192173308364629,0.00020324026915063582,-0.1816074869925976
6.02,0.00029569731105425997,-0.0007787942349589777,0.9998546557567636,0.004956423418857705,0.0007425551731808862,-0.18162644336590153
6.04,0.0003478610890428992,-0.000759694798929125,0.9998669408997588,0.0018607999461713789,0.00030951201586955953,-0.18153317089421486
6.06,0.000399338207881915,-0.0007601925908182627,0.9998685096883282,0.003903053659550469,0.0006935527823993409,-0.1815320254798962
6.08,0.00045065012367094065,-0.0007681051219802613,0.9998815347546298,-5.790119811190978e-05,-1.1809973016697889e-05,-0.18143040657626058
6.1,0.0005018329762854298,-0.0007915045730973141,0.9998828928514146,0.001478427666911765,0.00021189143582053108,-0.1814002428328767
6.12,0.0005529701744552607,-0.0008146530508169838,0.9998944138975595,-0.0028182565233037062,-0.0006144383531247332,-0.18129701982537835
6.14,0.0006038383193477063,-0.0008436196876645774,0.9998969018500486,-0.0012273658983257163,-0.0004747387261329453,-0.1812607149841519
6.16,0.0006542884390930399,-0.0008612613532421974,0.9998997043090662,-0.005173933384118355,-0.0011170126465451194,-0.18117001643328093
6.18,0.0007037354269326526,-0.00087382354613613,0.9999004847433681,-0.003044976478824679,-0.0008104761560042269,-0.181144924038225
6.2,0.0007524888173958692,-0.0008655941983104643,0.999909286800919,-0.006111476854155416,-0.0015612455485509468,-0.18113542535015176
6.22,0.0008002292073134026,-0.0008450679024639741,0.9999149408558762,-0.0028005355917787786,-0.001314649951408086,-0.18114846094105733
6.24,0.0008462284525268472,-0.0007999087354473082,0.9999176430013573,-0.004857424808546697,-0.0017840500138597314,-0.18108577322611316
6.26,0.0008890983900945125,-0.0007430547071264022,0.9999217332733346,-0.0005117726579905741,-0.0013057336325341933,-0.18109472365904344
6.28,0.0009284805316046112,-0.0006662363755696339,0.9999298408366692,-0.0016281774477740697,-0.0015906672311438268,-0.18105466696881226
6.3,0.0009631630762254596,-0.0005865879576126759,0.999933327359017,0.0035065744706118756,-0.000909622750881267,-0.18106961004547167
6.32,0.0009928234007468221,-0.0004995875595823373,0.9999447761901855,0.002757472512057949,-0.0009667226303995383,-0.18100284712277634
6.34,0.0010164867664787605,-0.00042551523177901374,0.9999498718451396,0.00723086573523374,-0.00034436528049653666,-0.18117137621147522
6.36,0.0010344416211786453,-0.00036148102654566647,0.9999660233950043,0.0052897816267779745,-0.00026364873417612425,-0.18121863801838858
6.38,0.0010459985900517456,-0.0003249145597932945,0.9999506750076056,0.007663222090372165,0.0005755064724881959,-0.18124570530452003
6.4,0.0010527667159144526,-0.0003086972280846413,0.9999565792446693,0.003952593946172767,9.450177884817731e-05,-0.18128125706664017
6.42,0.0010563461869400768,-0.000322329145536341,0.9999469390108838,0.005138300392466907,0.000475325313761846,-0.18132910604018285
6.44,0.0010574801406693592,-0.00035134280170814457,0.9999592055229932,0.00029884105482707045,-0.0003913731325818116,-0.1813835068744241
6.46,0.0010568222629380385,-0.00040038327810652813,0.9999523893417434,0.0008458163952112613,-0.00019877147596374827,-0.18141915853424842
6.48,0.00105442945135939,-0.00045026761054076613,0.9999800475876611,-0.004123042259446482,-0.0014911090021187507,-0.181587826204216
6.5,0.001050680546732605,-0.0005032174238319005,0.9999887148332988,-0.003118838888183493,-0.0015619877117104693,-0.18168689636632118
6.52,0.0010441008610450298,-0.0005391512780105682,1.0000022785358051,-0.007747754982290107,-0.0015896865517754408,-0.1816745090156761
6.54,0.0010337223744102853,-0.0005619564796110213,1.0000065242261402,-0.006594587314194831,-0.0006063276253417733,-0.1816620649473624
6.56,0.001022705445861396,-0.0005534931969127429,1.0000426741861193,-0.008290541172157252,-0.002210522327024482,-0.18262254237585224
6.58,0.0010139704055327657,-0.0005198425229664821,0.9999785778312593,-0.005647796637745625,-0.0008184648682814831,-0.18266127031541637
6.6,0.0010025681778892384,-0.00045197798661346746,0.9999972851344534,-0.006855855429113448,-0.0017084132271723304,-0.18325303974800317
6.62,0.0009920208307386473,-0.00036235204776935404,0.9999216003384602,-0.0033839284822800085,8.313674670777965e-06,-0.18288679204947514
6.64,0.000979767081703745,-0.0002447015570610616,0.9999099076428065,-0.004036257268741328,-0.0010531237210856673,-0.18282794828434465
6.66,0.0009699655541307971,-0.00011411951143750889,0.9998947173427808,0.0011192163771017224,-0.00018845787916414958,-0.1826795288439075
6.68,0.0009589855195607486,3.271628031548953e-05,0.9998915132682445,0.0010679210504317427,-0.00038799692510455957,-0.18256237726601987
6.7,0.0009464789017730522,0.00017522084429199327,0.9999190455993945,0.00608728860836803,0.000634354951045288,-0.1833136600634369
6.72,0.0009317259242697684,0.0003137687387675445,0.999947861609087,0.005021651615958799,0.0010782874725329833,-0.18404767829615382
6.74,0.0009150643285125991,0.00042809252643645165,1.0000088673527832,0.007032686856437509,0.001608728099061246,-0.18393818134456202
6.76,0.0008989685418564622,0.0005222177256240749,1.0000660020679102,0.0033260640924046253,0.0006247932403146911,-0.18369943860188867
6.78,0.0008840364945273186,0.0005881731116862108,1.0001004924137862,0.005396340490335705,0.0005633222041644806,-0.1835568539400516
6.8,0.0008691425437428978,0.0006409150366888033,1.0001037098574173,0.0017656264426826184,-4.166478585861858e-05,-0.18326030221070433
6.82,0.0008525716237988415,0.0006724272094754559,1.0001043154478058,0.0038293431400817073,0.00018803894517729525,-0.18320222836010322
6.84,0.0008345921882187993,0.0006971390033344503,1.0001046448579614,2.2961296473077817e-05,-0.00033299317168721876,-0.1830172452265019
6.86,0.0008146210721362017,0.000706965315467673,1.0000974736597548,0.001870685602914602,7.442579104482412e-05,-0.18294443707687322
6.88,0.0007933624007391505,0.0007169332363862821,1.0001012748734457,-0.0016637750002463148,-0.0008275444718701265,-0.18285912910950777
6.9,0.000771076184129028,0.0007196475848306663,1.0000952449638885,0.0009451666201393489,-0.0006856168396146322,-0.18278339863804788
6.92,0.0007468084262219442,0.0007293470999192331,1.0000803648958796,-0.002048949886904518,-0.0010661803494307568,-0.18260459066950668
6.94,0.0007192411643792625,0.0007358815163255075,1.0000686203027358,0.0008920292553621926,-0.0005152951875239592,-0.18257298209412176
6.96,0.0006890372668728345,0.000751091862897109,1.0000676868806353,-0.0015430917657736156,-0.0009580994947423367,-0.18252835132801853
6.98,0.0006562433941969668,0.0007632264209237125,1.0000561686288645,0.001891138375917831,-0.00027457657249840313,-0.18250543719096882
7.0,0.0006208727739919436,0.0007820009708968801,1.000056215174003,-0.0001371104975663255,-0.0005803436985702106,-0.1824671345581838
7.02,0.0005831345343009435,0.0007936891483615067,1.0000432884042547,0.0034401986883830014,0.0002271220242021187,-0.1824564612177647
7.04,0.0005432803162609555,0.000806312204294271,1.0000424241490236,0.001339018340355368,-4.051930479930478e-05,-0.182401033534565
7.06,0.0005018914515237266,0.0008055426007484007,1.0000296492321756,0.0045744343798735125,0.0006765067373330764,-0.18240571762816593
7.08,0.00045942432087800033,0.0007996260343003033,1.0000279664090481,0.0018983918825230257,0.0003722785600657714,-0.18233138433479332
7.1,0.0004163482329598471,0.0007756509765505487,1.000014981914517,0.00440269958867871,0.0009802701591019958,-0.18233501679585243
7.12,0.0003733927696517335,0.0007440869778308742,1.0000150403890729,0.0009940499460192197,0.00046435044570237197,-0.18227178694363483
7.14,0.00033111904768553,0.0006949392325374111,1.0000017178102496,0.0028993135094576186,0.000952802477438554,-0.18225390617013743
7.16,0.0002899676216015404,0.0006416512240674576,1.000005017872318,-0.0009148804790020023,0.00015621944914398977,-0.18220950171966702
7.18,0.00025045620076233853,0.0005765976560233212,0.9999931930818003,0.0009752090153851861,0.0004675345541185624,-0.1821738035669262
7.2,0.00021223172665218727,0.0005150208392310687,0.9999911429971927,-0.002803308687388833,-0.00014871666851205357,-0.182107798642763
7.22,0.00017514522874332125,0.0004494112686428575,0.9999800882360577,-0.0008038604997881732,0.00030305077978937713,-0.18208110655574344
7.24,0.00013951068741469244,0.0003948085657323878,0.9999838834899736,-0.004030316219267509,-0.00048188441682654645,-0.18209527299998265
7.26,0.000105638638128803,0.0003431252823143914,0.9999763447006939,-0.0011770868554439302,-0.00013488638259203728,-0.18209621049863653
7.28,7.279843255819154e-05,0.0003073851070630227,0.9999742035002901,-0.0038691693848295987,-0.0005111929775617678,-0.18205747598084987
7.3,4.029954964528443e-05,0.00027629857096990354,0.9999647307462785,-0.000720569803422648,0.0002025823510737412,-0.18204484372273444
7.32,8.604982160901444e-06,0.0002605742308218129,0.999970121126527,-0.0027659973698048743,-0.0003005953279661124,-0.18206636242429014
7.34,-2.1776704246435232e-05,0.0002474867053711738,0.9999606599744235,0.0011779742148408327,0.00036777042558715467,-0.1820540634866095
7.36,-5.1327840024851285e-05,0.0002453115841311213,0.9999602304807671,-0.0004650071258682337,0.00014922392037158223,-0.18201112638483244
7.38,-8.027502674729146e-05,0.00023834850587526568,0.9999494655216401,0.003398544815137023,0.0009522023088422503,-0.18202773424928817
7.4,-0.00010829105170210286,0.0002330829224809978,0.9999505134380408,0.0014147145102947234,0.0007555019909216754,-0.18197928006031305
7.42,-0.00013502910344873536,0.00021408485382514846,0.9999398263622831,0.004575291162860476,0.0014467772185872132,-0.18200951461565246
7.44,-0.0001598314259168335,0.000189095368925655,0.9999399810360003,0.0016926880232450649,0.0011298522079691415,-0.1819497531947113
7.46,-0.00018228939153007006,0.00014551486597504896,0.999928681944127,0.003881100518532351,0.0016729972649328242,-0.1819748807199346
7.48,-0.00020156262628016897,9.461547217761376e-05,0.9999316259293699,0.00010356379373053091,0.0010602649924161501,-0.18193538306350082
7.5,-0.0002171372270324682,2.766572771629674e-05,0.9999203766412165,0.0016473416195835879,0.0014409438444182006,-0.18192055515894495
7.52,-0.0002286677290925847,-4.03865349075084e-05,0.99992613407567,-0.002471731030575118,0.00047372897334273614,-0.18188219827645769
7.54,-0.00023581680765027838,-0.0001157321996468419,0.9999186393587256,-0.0006929395843394078,0.0005584461721759924,-0.18185797113951072
7.56,-0.00023938471088424178,-0.00018183298297278576,0.9999072671762065,-0.0046444917704358026,8.337135117118599e-05,-0.18174043653537753
7.58,-0.00024030525578478572,-0.0002456049063844554,0.9998962275992637,-0.0027588301145429458,0.0005125271219590912,-0.18170740055789017
7.6,-0.0002375969206032629,-0.00029139882940880705,0.9999025918692318,-0.005891099849088814,-0.00044557082312474225,-0.18175065410632416
7.62,-0.00023096663779832786,-0.00032689874511976537,0.9999027522717324,-0.002730936853086035,-0.0003555340437242899,-0.18180999858457636
7.64,-0.00022189086788891412,-0.00033939304091255373,0.9998941387161628,-0.00512986008131946,-0.0007519965823739413,-0.1817521898092465
7.66,-0.0002122575699926807,-0.0003410985423306858,0.9998847833591613,-0.0014048202079338093,-0.0001361346439922002,-0.18175091183874653
7.68,-0.0002018941630219111,-0.00032242874722221513,0.9998876134221889,-0.00297309736248024,-0.0005218723245471988,-0.1817426235944657
7.7,-0.0001910696388698845,-0.00029827423161868773,0.9998812121990643,0.0015900736956219455,0.0001694755636134437,-0.18173586040692608
7.72,-0.000180159116244205,-0.0002622785680205562,0.9998841301012299,0.0004842517712566837,1.7558633601808434e-05,-0.18168734626919875
7.74,-0.00016972961475587807,-0.00023255075404512562,0.999879822779242,0.004888285146569727,0.0007962122296380356,-0.1817516888229417
7.76,-0.00015958461513240958,-0.00020473198890115418,0.9998875533059042,0.003182823796526946,0.0007448240303184846,-0.18171771100814174
7.78,-0.0001498401273942014,-0.0001962723824946144,0.9998803547061569,0.006306498727858997,0.0014759805030966184,-0.1817462104741756
7.8,-0.00013948493806145872,-0.0002006526902072274,0.9998836399165566,0.003233360434449761,0.0011720420424008444,-0.18167102951899808
7.82,-0.00012791897222080652,-0.00023032594517669933,0.9998770340451278,0.005066111684983456,0.0016655993653806153,-0.1816801912574432
7.84,-0.00011412545021615469,-0.00027331965142746097,0.999884556277433,0.0008477254562801614,0.0009316961473165349,-0.18162405116252012
7.86,-9.752004456804278e-05,-0.0003369142135642258,0.9998775233194921,0.0018653150273442356,0.0011448465885456815,-0.18160363399107274
7.88,-7.792552513606229e-05,-0.00040439964633254765,0.9998842597010651,-0.002871197974644894,9.276286071339692e-05,-0.18152731182932122
7.9,-5.526169553473063e-05,-0.0004798116280872213,0.9998804075214006,-0.0016978948417757317,4.7611515942421465e-05,-0.18148972700068375
7.92,-3.0235697237358846e-05,-0.0005442008393843172,0.9998614743430292,-0.006094562439690886,-0.00042277111001260835,-0.18138192067835746
7.94,-3.843213894851477e-06,-0.000602017724671619,0.9998472980118722,-0.004559505868423481,-1.2851115085576198e-05,-0.18134967008349992
7.96,2.5225446110139843e-05,-0.0006358324195341278,0.9998591216808327,-0.007782975213814897,-0.0011821301483071493,-0.1814827317257457
7.98,5.744358639491696e-05,-0.0006520375919137852,0.9998693843997764,-0.004537041034731376,-0.0013697405259772161,-0.18164940636794497
8.0,9.05823815188221e-05,-0.0006374608975771294,0.9998699376220959,-0.006654653686989196,-0.001733749607915276,-0.18168703429927505
8.02,0.00012162957123624634,-0.0006044603064302105,0.9998647301546216,-0.0026326861599227976,-0.0009201006310641278,-0.18170803337870017
8.04,0.00015067262819311753,-0.0005444866278987738,0.9998761839714569,-0.0035996544258327296,-0.0012983699560781396,-0.18175096760384168
8.06,0.00017801387683082047,-0.0004737845215763898,0.9998783871577968,0.0017085056603245163,-0.0006062983434718771,-0.18178591442597666
8.08,0.0002028743486509494,-0.00038831935695725453,0.9998863051316356,0.001356662627591167,-0.0006398207303842575,-0.18176242760152822
8.1,0.00022417219734458587,-0.000309070349434767,0.9998879515114248,0.006444418268958956,0.00015772152470376868,-0.18188838602911706
8.12,0.00024201509070497572,-0.00023467572431420605,0.9999007402758342,0.005277704093289778,0.00030054553974702,-0.18189807666849178
8.14,0.0002559184683572346,-0.00018506910124330934,0.9998775006252499,0.008222964012173525,0.001145569662453926,-0.18191716611944275
8.16,0.00026721650952092477,-0.0001561452318865394,0.9998699826797299,0.004918970464252944,0.0008956766191875689,-0.18187135817141037
8.18,0.00027709257375294007,-0.00015970675811623563,0.9998560744792013,0.006336657755465499,0.0014295193264942298,-0.1818725736908557
8.2,0.0002869260181342556,-0.00018298957123774408,0.9998670966760422,0.0018393160655843304,0.00045115239082671183,-0.18192344425264614
8.22,0.00029776446176883845,-0.00023155877001686042,0.9998567138475567,0.0026628178834802478,0.0005341488991949546,-0.18192322922018708
8.24,0.00030903021406019986,-0.00028751949458374865,0.9998565869651734,-0.0026378470883140033,-1.631701417354505e-05,-0.18180875794896928
8.26,0.0003204574984589116,-0.0003540656558854778,0.9998511179389493,-0.0024230822366714862,0.0003462060868696401,-0.18174625380889717
8.28,0.0003337320312584424,-0.00041009681793585835,0.9999534795080653,-0.0054940603274669245,-0.0029240582138505182,-0.1828911079276756
8.3,0.00034998035700451813,-0.0004571862431247808,0.9999695263081786,-0.003981771496478772,-0.003314299777497064,-0.18327159717983843
8.32,0.00035884851790790725,-0.0004809343532657143,0.9999924728455808,-0.00801908438865815,-0.0028486601294589005,-0.18374867778422652
8.34,0.00035783882969270915,-0.0004870538386192823,0.9999920578201655,-0.006477467379784457,-0.0012561813322372105,-0.18410698447988064
8.36,0.00035163326142190757,-0.00046046271497644423,0.9999629623179757,-0.007567111313693736,-0.00165762893421483,-0.1854157002207429
8.38,0.0003452423382073097,-0.0004083235959451373,0.9998891668327623,-0.004440382579751497,1.064632235965438e-05,-0.18559842092143564
8.4,0.00033791927429677334,-0.0003252319014218799,0.999898253960122,-0.005359664547593785,-0.0005016616557891073,-0.18633328103688615
8.42,0.0003338124188306557,-0.0002253320498197164,0.9998557849481831,-0.0016887723260979254,0.0010600845170701876,-0.18610104026818666
8.44,0.00033169261787797564,-0.00010424495154413046,0.9998612772324555,-0.0025152745061709767,0.0002163222103042275,-0.18604774540900507
8.46,0.00033487572804039213,2.2473421865966652e-05,0.9998612534518163,0.0030712306439095827,0.0006581308589695004,-0.18589362564243478
8.48,0.0003407088043458476,0.00015860591945483703,0.9998543433887952,0.003059642448316614,0.0004454829040868112,-0.18557531704936353
8.5,0.0003468423125129509,0.00028252403163431136,0.9997824910644965,0.005529886883173659,-0.0011867030587858903,-0.18741810337561676
8.52,0.00035246951531538157,0.0003941184128649572,0.9997475228474558,0.004513174102806226,0.001011917458095456,-0.18914348221565977
8.54,0.00034949860148673586,0.0004852295034210693,0.9997053787966558,0.0014729736650917107,0.0006556417886309147,-0.18974149286525885
8.56,0.0003470986834983465,0.0005581770946824658,0.999656385835293,0.003759104739527325,0.0015150356813068558,-0.18988965839805078
8.58,0.00034614888328242014,0.0006248542096336714,0.999643535776854,0.0004491209585337098,0.000896825286680158,-0.19007621225728974
8.6,0.00034823877604766624,0.0006759466152322966,0.9996154365957935,0.002785137903742357,0.0014071495677500496,-0.19007156327286412
8.62,0.0003534591161920902,0.0007245953754160221,0.9996030822008721,-0.000497302097439977,0.0007672621073060929,-0.18989268893636038
8.64,0.0003620290730656255,0.0007614425213195242,0.9995905044041419,0.002239993102622937,0.0010857157571521512,-0.18974620318400628
8.66,0.00037391948207561663,0.0007996091400820082,0.9995847312108747,-0.0006634057707325766,0.0004702000550833278,-0.1893988961612942
8.68,0.00038833063598357927,0.0008282938524967977,0.9995895220880161,0.002775110188166424,0.0006618474844861323,-0.18924031171527195
8.7,0.0004050271086121105,0.0008591597732745203,0.9995892647460146,0.0004815513993554641,0.00020750171363355068,-0.18887110022724637
8.72,0.0004222140418649727,0.0008787820197262943,0.9996053709107087,0.0044396421687921276,0.0004994569902673136,-0.18880793037092633
8.74,0.000439831756150794,0.0008963816128717472,0.999621662443219,0.0023783898501763398,0.00026335261633171424,-0.18851098683889478
8.76,0.0004560895960720892,0.0008964741624546723,0.999644954801053,0.005809304597163284,0.0006961260538526415,-0.188542866429496
8.78,0.0004716004266046761,0.000887203770460768,0.9996729536424163,0.0029690029100987465,0.0005601815011924708,-0.18834717742257118
8.8,0.00048551572807674077,0.000855127742562336,0.9996893558837697,0.00503566677510554,0.0011204808644585905,-0.1882883207775042
8.82,0.0004993977818658139,0.000811220225640918,0.9997101621665255,0.0011907076744295335,0.00037178321453871756,-0.188058937589127
8.84,0.0005138868879159878,0.000747186353354029,0.9997209297709744,0.0028443727056975763,0.000581362787779764,-0.1878980982998891
8.86,0.0005289226831353718,0.0006783527480966901,0.9997263510350614,-0.0013558414602201595,-0.0002931996434613531,-0.18745980992247568
8.88,0.0005441027372274957,0.0005981766321495465,0.9997380912010805,0.0005496320720116025,-0.0003138830884973874,-0.18721869250200512
8.9,0.0005591328805585908,0.0005234623016068279,0.9997219831171951,-0.0030152518315552713,-0.0010855737847354381,-0.18668296334906115
8.92,0.0005725330012971313,0.00044691068903692974,0.9997253898395155,-0.0001262838420105814,-0.0010743691641169153,-0.18642141285524017
8.94,0.0005839432630119437,0.0003827708552902405,0.9997117355941851,-0.0027851613296927696,-0.0016195687677713752,-0.1859429010884371
8.96,0.0005912732190827882,0.0003199571600922817,0.9997216689000912,0.0009923422115312944,-0.0013709924477190976,-0.1857905627351757
8.98,0.0005943807036407809,0.00026908522930888375,0.9997276319640357,-0.0010204225002038829,-0.001565955891048665,-0.18549520080147336
9.0,0.0005914678921558758,0.000215415597478678,0.9997449749157719,0.002829087766720029,-0.0009716687502419056,-0.18552114077429832
9.02,0.0005832530987210697,0.00016686104906509213,0.9997688313837962,0.0006504423317798698,-0.0009038155870356879,-0.18540948477036284
9.04,0.0005692841095238758,0.0001081984079128702,0.9997734012441349,0.0033439035955265296,-3.3362814423117437e-05,-0.18541297560375097
9.06,0.0005513569210336613,4.7721912656852394e-05,0.9997949598451055,0.00020911482034135845,-0.0004416390120765197,-0.18536360363872126
9.08,0.0005309097970221285,-2.5511168119407576e-05,0.999799966254155,0.002330845673539467,0.00017502082633237117,-0.18530475181455988
9.1,0.000508619983482231,-9.917375263511505e-05,0.9998186417735444,-0.0012508100113627285,-0.0005660976879009385,-0.18517696653021484
9.12,0.0004853427156585313,-0.00018185023820720234,0.999822730891183,0.0008417575815007716,-0.00018957582945457128,-0.18505874417425613
9.14,0.0004608039646204599,-0.00025922501894309153,0.9998323238783178,-0.0027832769812300567,-0.0007996639680817099,-0.18486107282845904
9.16,0.0004349487493641193,-0.00033964093449226053,0.9998377176799863,-0.0005864827101477807,-0.0003874630366247245,-0.18476082020327295
9.18,0.00040803741222821254,-0.0004086801934930044,0.99984702097809,-0.0038858412244230783,-0.0009556537594629076,-0.1846113417069725
9.2,0.0003800785317467368,-0.00047512864951727824,0.9998508362039231,-0.001226511454556704,-0.0004686233803612511,-0.18451929178555368
9.22,0.000351254795200383,-0.0005258454357786697,0.9998588814573874,-0.003976437197446563,-0.0009232661070348499,-0.18438505491350252
9.24,0.0003215313923921142,-0.0005714630921057301,0.9998631139018607,-0.0007316766475848891,-0.000344650527182455,-0.18432220390170723
9.26,0.00029113104721034704,-0.0006010384832676014,0.9998719088229342,-0.0029615816164971255,-0.0006631349828627362,-0.18419444776361835
9.28,0.00025995335746811923,-0.0006275258148756638,0.9998770447567062,0.0006707777297194881,8.083890271046586e-06,-0.18417338095644084
9.3,0.0002283708956689331,-0.0006420869272559545,0.9998873941208332,-0.0013069704240852968,-0.0001944430339566626,-0.1840689116789375
9.32,0.00019636437752686825,-0.000659221283353978,0.9998888545618031,0.002182788073863217,0.0005417289002500125,-0.18404734605528222
9.34,0.00016457222315603828,-0.0006711567238413418,0.9998970496665046,-9.308995012725448e-05,0.0002951124151208326,-0.18392831921703173
9.36,0.00013332603564333606,-0.0006918615070347988,0.9998955452828239,0.002947346783894684,0.0009680875183885662,-0.18390361114205842
9.38,0.0001033111518617861,-0.0007124022479431212,0.9999011779914956,0.00011634010678480805,0.0005900700182790118,-0.183768379235241
9.4,7.493465289535662e-05,-0.0007449511224947509,0.9998976390659539,0.0026090895212472205,0.0011268606503808004,-0.18372649902819874
9.42,4.877600036089683e-05,-0.0007783466694371027,0.9999018077318652,-0.0007482854227815147,0.0005671362863166878,-0.1835799781684569
9.44,2.5106997724393636e-05,-0.0008225528117038848,0.9998968885989002,0.0014335848870666687,0.0009717743083015876,-0.18352109680084414
9.46,4.184371212481119e-06,-0.0008642397926275836,0.9999007662532474,-0.0021561207150106337,0.00032076368872762686,-0.18337921243962357
9.48,-1.4007174859728893e-05,-0.0009121011515168835,0.9998966605108324,-3.525004302689593e-07,0.0006627387817951721,-0.18332030821985745
9.5,-2.9402044661506017e-05,-0.0009518299567016022,0.9998989433918962,-0.003504558010975106,5.5080444826972106e-05,-0.18320238779472006
9.52,-4.22343819209705e-05,-0.000991998318203695,0.9998943708341985,-0.0011309309335226082,0.00044737049510546015,-0.18314807683261794
9.54,-5.2337182721915774e-05,-0.0010186450452072243,0.999895839085951,-0.004203059689400889,-0.00013303244745244133,-0.18306824600386112
9.56,-5.990489238770702e-05,-0.0010412383296483877,0.9998899130833654,-0.0012661369101667867,0.0003223635926213892,-0.18302637696903604
9.58,-6.497580521984746e-05,-0.0010474910815319917,0.9998904215293865,-0.0037734579921938636,-0.0001503944840226914,-0.18294932315218201
9.6,-6.790015237172179e-05,-0.0010490958227165933,0.999884726591205,-0.0002563990217036538,0.0003969276337877663,-0.182924129523262
9.62,-6.870701636524853e-05,-0.0010360209675130238,0.9998859621574906,-0.0022691985779467886,4.2610047175230045e-05,-0.18285146754439402
9.64,-6.780341350204237e-05,-0.0010222525389029305,0.9998803162298044,0.0015748027083029386,0.0006809411633534021,-0.182853991047464
9.66,-6.511444948607294e-05,-0.000999757131973998,0.9998842946784193,-0.00033249901687994285,0.00040435171396809797,-0.18277587081435737
9.68,-6.09285796273839e-05,-0.000983821429254227,0.999879895434136,0.003277614208866366,0.0010531369941613117,-0.18278560797455276
9.7,-5.494567135161013e-05,-0.0009669022287269167,0.9998860408810646,0.000926390946973883,0.0007592838862944869,-0.182689685971655
9.72,-4.724780731197019e-05,-0.0009633474651979192,0.9998822902090989,0.0038038473125836447,0.0013319023763930379,-0.18268632851702707
9.74,-3.7283531189329e-05,-0.0009639172013595018,0.9998879767549166,0.0006757498497618359,0.0008582198169832406,-0.18257052204200458
9.76,-2.4908132192037935e-05,-0.0009800585121145164,0.9998837349032095,0.0028402927814780918,0.001253138033252157,-0.18253845868671595
9.78,-9.707467986249627e-06,-0.0009994114876767039,0.9998903137450843,-0.0009306376037245252,0.0005743959021023502,-0.18240972986355924
9.8,8.283700721508306e-06,-0.0010305606121724625,0.9998872637008547,0.0008997313118201913,0.0008331464451745798,-0.18236123358926046
9.82,2.9142149207325318e-05,-0.0010584993875593102,0.999891927053706,-0.0030708546736093775,9.56298412216505e-05,-0.18223251562860898
9.84,5.2551487812707063e-05,-0.0010904693335588834,0.9998896466486535,-0.0011575616047131115,0.00030991248120784627,-0.18218754299847267
9.86,7.849384026132125e-05,-0.0011106359195352535,0.9998897685883813,-0.00479019767448172,-0.00030827668829282916,-0.18209728898615207
9.88,0.00010643032928886535,-0.0011265480389139276,0.9998860760308272,-0.0023942893803321937,3.752666469548694e-05,-0.1820662772681958
9.9,0.0001365605953516904,-0.0011237265063156895,0.9998896892997363,-0.005301441188397932,-0.0006248527220873022,-0.18202884207997155
9.92,0.00016850834686343505,-0.0011117154887757472,0.9998881364749014,-0.0019516027554268823,-0.00027620583006727486,-0.1820149854066244
9.94,0.0002017845753103681,-0.0010788168507450588,0.9998894642728613,-0.004032301537672164,-0.0007228663878440832,-0.18194580811056643
9.96,0.0002353538921690512,-0.0010382290105334087,0.9998885970278854,0.0001273455284152607,-0.00019859804999717095,-0.1819441268367745
9.98,0.00026896964563596253,-0.0009815927057747742,0.9998932214188817,-0.0012836811127638174,-0.0004878727287123198,-0.181891908016878
10.0,0.0003017040475889964,-0.0009253512920117784,0.9998904722801647,0.0032691547923435708,0.00020718844942816756,-0.18192110988751028
