0.02,0.5,-1.0,1.6979312914545759,-0.007459385213530672,-0.00022201580433071417,0.0036067121917243584
0.04,0.5,-1.0,1.6937828913476103,-0.014856007116958714,-0.007856315711923106,0.0037466500703084616
0.06,0.4999986112133734,-0.9999583859749744,1.6912977772058346,-0.009173663370520693,-0.003679694197898828,0.015362940923310616
0.08,0.4999318545654157,-0.9997943013387677,1.693156827206567,-0.006626191026678073,-0.01414827851023431,0.03544573693887867
0.1,0.49983580921343745,-0.9995603276908162,1.6987763138728438,-0.018121862506709382,-0.012822064423850916,0.04335863735541092
0.12,0.4996968228812606,-0.999308266448425,1.703464049531809,-0.02103180510319252,-0.02118902247885913,0.04287174638086488
0.14,0.4995114030660343,-0.9989963327048997,1.7076523934759025,-0.01477092732517075,-0.019355433372894037,0.03306025245976676
0.16,0.4992267077313177,-0.9985940874943756,1.7124221188534094,-0.020514316639680282,-0.02778909460719945,0.03391437016502339
0.18,0.4988756794953293,-0.998144798201718,1.7166254755313413,-0.01616867008006551,-0.02713440142173773,0.04358752005620746
0.2,0.49834829273735687,-0.99757450504533,1.7231098933689886,-0.02556977663179821,-0.013594977124319065,0.06312202363584947
0.22,0.4977239216676155,-0.9969523005651751,1.7291736669427011,-0.025413897050968103,-0.010607237176890383,0.07364496159905418
0.24,0.49704743983678407,-0.9962450125989343,1.7347864460472096,-0.03428487325582748,-0.01824034441041029,0.07528000016915687
0.26,0.4963388590291248,-0.9954737249269405,1.7391076858364556,-0.03520596268347661,-0.016931446724652792,0.06868568534262659
0.28,0.495567591304404,-0.9946029988333819,1.7425561089545425,-0.04477846637697838,-0.025390713901158615,0.057260804069044845
0.3,0.4947347598909023,-0.9936234814684386,1.745307093740022,-0.04540205768584896,-0.02411394828823874,0.03663961637709679
0.32,0.4937838919939425,-0.9924606338433799,1.7483907375661278,-0.05613114297532655,-0.012016299725282814,0.005323862230717998
0.34,0.49273613354302936,-0.9911298835939102,1.7513463037276822,-0.056366211486398525,-0.009189636548165282,-0.01585487887453621
0.36,0.491642636485216,-0.9895874553735315,1.7541725460246902,-0.06304125916749705,-0.01546901475312751,-0.02698495957451286
0.38,0.49051931899356893,-0.9878361108895649,1.7567949207635634,-0.05902820594962363,-0.011754179621984637,-0.029198703408867224
0.4,0.48932763878757685,-0.9857659709525171,1.7605388687744978,-0.0676643269892293,-0.018448521998020672,-0.019680484720212305
0.42,0.4881036314551422,-0.9834993301597063,1.763700258939795,-0.06613430039555011,-0.015681417693172675,-0.0017740945416278096
0.44,0.4868330044333598,-0.9810445817795967,1.7657316856897995,-0.055431011167393685,-0.02062361523491536,0.02483410783425203
0.46,0.48550059176638816,-0.9783240194403915,1.7678871981218356,-0.05452330343054724,-0.015140133366742883,0.04082285894014344
0.48,0.48410916210123106,-0.9754554051884253,1.7688609236947734,-0.04539666251519714,-0.019437014495304265,0.049194430855880635
0.5,0.4826314040117931,-0.97231724040475,1.7709624559640378,-0.04732405211457207,-0.011979500947772835,0.04587414597227979
0.52,0.48109637254418486,-0.9690616545775024,1.7718530330580198,-0.0410617448807912,-0.014089624564066748,0.034936226094101276
0.54,0.47952334209087066,-0.9656786669414408,1.7716131651352058,-0.04289810766803036,-0.007247976698196993,0.0153904994385782
0.56,0.4779126740580324,-0.9621965777731948,1.7699753292357965,-0.03688576110384164,-0.009576045376436455,-0.01151065907753622
0.58,0.4762846433531017,-0.9586154327667514,1.7668116271742984,-0.022264127686915738,-0.003920589687713659,-0.031058908687593503
0.6,0.4746122257075136,-0.9548517501781963,1.764759889946695,-0.02028427800964285,0.013383037498468933,-0.039912092463545566
0.62,0.4729281186686484,-0.9509992991647617,1.762922265619251,-0.007144099596818038,0.020844350183692337,-0.038331757001765554
0.64,0.47133379998734826,-0.9470279803697595,1.7633804809612441,-0.00762437159963084,0.016131760764491493,-0.02430139834248893
0.66,0.469800371103236,-0.9430426926982088,1.7627297811417137,0.0013286237883294643,0.0032177735330907314,-0.00209499732653631
0.68,0.46831335907557714,-0.9390413681940444,1.7609135471585562,0.001956860035578134,-0.00048443001803480466,0.01189821517592579
0.7,0.46683946640274504,-0.9350488277297521,1.7588039353679525,-0.001799512549956225,-0.013519908118723735,0.03513304860117119
0.72,0.4653645589435186,-0.9310707689485145,1.7581415692238955,0.0060158678692585656,-0.013866489886292185,0.04881709888334043
0.74,0.4638292077456425,-0.9270905427970538,1.758117802411707,0.00336463731447118,-0.002477261799097446,0.052420700332540204
0.76,0.46224738009473754,-0.9231378358299883,1.7577121419453894,0.010125808505671114,-0.0014961584481836617,0.046790272343384995
0.78,0.4606568461216337,-0.9192045246701844,1.7578448034456222,0.005132972611343051,-0.010965796981107485,0.05151218690961749
0.8,0.45906435518826644,-0.9153099408084349,1.7574851798963638,0.010379971126695106,-0.011355992591694114,0.0639222790252766
0.82,0.45744009715456013,-0.9114368685153146,1.756322674043055,0.007065098370114564,-0.021588826087252252,0.06760206095877169
0.84,0.45576685326983496,-0.907620105388466,1.755980534396767,0.014627818354182141,-0.01961725347867768,0.06062772866554724
0.86,0.453995367189536,-0.9038473722002006,1.7564592113079323,0.00988367539711287,-0.0284858941552453,0.06428482452777111
0.88,0.45214668684705395,-0.9001449447666299,1.7572377793422433,0.015453344162705883,-0.025766050526093362,0.05794992770372226
0.9,0.45020862189331234,-0.8964844692639117,1.757375322335954,0.010637730713559411,-0.03198223771429597,0.06042211801852261
0.92,0.44814877949632276,-0.8929118089201044,1.7585719390809325,0.017826485826281036,-0.02709411215132511,0.07100232138903606
0.94,0.4459907971042133,-0.8893828026288142,1.7590476204830465,0.01656535299383025,-0.012161137387112695,0.07287574131680687
0.96,0.44376824486181066,-0.885908200612801,1.7581896827834727,0.006395493166355895,-0.005373828014302938,0.07903837527304053
0.98,0.44150493325007395,-0.8825053583287628,1.757341121710553,0.006171267962880505,-0.009402566027725507,0.07531531712556903
1.0,0.4392323765026976,-0.8791218301494335,1.7549298049427575,-0.0014235154592436383,-0.0047737746600461355,0.06414685093170991
1.02,0.4369370407407678,-0.875760919651504,1.751409231835401,-0.0007240250367405978,-0.00947638149790405,0.044737557704878333
1.04,0.43463400224944027,-0.8724011180947794,1.7460386737507456,-0.0033047988983297555,-0.006220875218588212,0.0200799439489615
1.06,0.432301602726741,-0.8690439068651047,1.7401039517329042,0.003291780951295997,-0.013074581820627354,-0.013516544650886052
1.08,0.4299525432905144,-0.8656806392824251,1.7333097735095055,0.0013452734534144697,-0.0101898175050246,-0.055617234351876564
1.1,0.42751772968725504,-0.8623421158533088,1.7293401083267168,0.013604500494479478,-0.020210561749775757,-0.08491570896799362
1.12,0.4250326633898815,-0.8590110271031582,1.7266021111282446,0.013266586216938499,-0.018839857113492807,-0.10290818532436209
1.14,0.4224978315884513,-0.8557123284106523,1.7224004372364052,0.0039864389306668675,-0.025204761720608117,-0.1132729164689473
1.16,0.41985163064615,-0.8524809142389865,1.7199530191800314,0.007656388189552208,-0.019892562743504434,-0.11179817731759152
1.18,0.41707057347327753,-0.8492587100533789,1.7189797776041635,-0.0018318568624983013,-0.026125942740016946,-0.09896570931327103
1.2,0.41420062880068126,-0.846063586393566,1.7185285255621014,0.00021752494083474805,-0.022028106511342148,-0.07575436817506626
1.22,0.4112330292817845,-0.8428544343322923,1.7180475272176623,0.013196039621119645,-0.008396012404129563,-0.042783985664037204
1.24,0.4081791745287329,-0.839642532352373,1.7177021039436247,0.014842485138741576,-0.0047768897559143176,-4.478090208873463e-05
1.26,0.4050979238970599,-0.8364772963688706,1.7168305217581283,0.02699602896168553,0.0074383880255834214,0.05186418421873381
1.28,0.4020026619631458,-0.8333680770987018,1.7156046105268252,0.030035460403846435,0.009038939694039707,0.0941498737328265
1.3,0.39892965202363656,-0.8303197564634358,1.7126360381996093,0.02807613032544694,0.002564959851287155,0.12997205033173942
1.32,0.395891333427692,-0.8273521572931328,1.7084220107697445,0.017844797064519684,-0.012669865015545774,0.1575380555392298
1.34,0.39288417322450203,-0.8245122419167181,1.7048209002715955,-0.003080069444112572,-0.015536519140744087,0.1751072635847276
1.36,0.3898371730071878,-0.8217618625133529,1.7017205539216818,-0.013411869410763916,-0.006404471977389806,0.18241486147566255
1.38,0.3867253168490465,-0.819012849260137,1.6989920966266572,-0.013282831607285592,-0.008749697817824732,0.17961959845619455
1.4,0.383587978569747,-0.816227195531997,1.6956207313409117,-0.004283910681095103,-0.0010593996138895546,0.16782500196716915
1.42,0.38042444067108466,-0.8134135810736026,1.6910084203017135,-0.0031461604453455784,-0.002664919615860587,0.14811045337009834
1.44,0.3772582584537114,-0.810589201963667,1.6858713350712642,0.006905810539257269,0.006106594763312294,0.11937554367728426
1.46,0.37408539183716755,-0.8077590122580361,1.680065231531851,0.008154928757000352,0.004810055104395913,0.08184233111588259
1.48,0.3709373887650578,-0.8049509623530765,1.6734550810244953,0.0009838087271033368,-0.006449597258969065,0.03571774784979327
1.5,0.36781445555816605,-0.8021765836218806,1.6668812560245094,0.0036197027643500527,-0.006512703312400176,-0.020024516813508187
1.52,0.3646468558215004,-0.7994144014330158,1.663904024162879,-0.008643665568964584,0.006973501053351025,-0.06238828125645989
1.54,0.36144856898170824,-0.796672946819514,1.662154672591142,-0.008589663193871753,0.008970894856459216,-0.09345243599001746
1.56,0.35827926135207055,-0.7939059591112361,1.6599324457626643,0.0019351050794721297,0.0020487304700243865,-0.11527400455249769
1.58,0.3551395109635796,-0.7911207702388787,1.6565065859617383,0.0033018764904011837,0.0032890160024662907,-0.12900981896858166
1.6,0.35200795694024534,-0.7883443706928075,1.6519250259296727,0.014014453751000367,-0.0035319289980359565,-0.13461921470301252
1.62,0.34889785039649,-0.7855945575639725,1.6498313713431527,0.010905422517080935,0.002348199590499855,-0.12766650650019645
1.64,0.34576760429229164,-0.7829053070051121,1.6481323375245172,0.01921948812593024,-0.002273787781992878,-0.11062677837971964
1.66,0.3426430402909807,-0.7802496422590138,1.6452996059354825,0.018225000476092042,0.0011548434955210235,-0.08530793078515776
1.68,0.339504788071441,-0.7776689588992113,1.6423860174097122,0.027976641084831333,-0.00542672567279533,-0.05059597845936736
1.7,0.33636825679991644,-0.7751551689443699,1.6390775634637431,0.027283792567994892,-0.0029476752541008023,-0.006535160700157525
1.72,0.33320055161334916,-0.7727829344351564,1.6368759511477233,0.01449350978438414,0.010722773783948373,0.04861936786843369
1.74,0.33002595441215765,-0.7705002670737434,1.6339555073342134,0.010766464194879765,0.01482320784327524,0.09458655868199897
1.76,0.32689129997816124,-0.7682648463802655,1.6303403436769435,0.015672295896580753,0.008958077421374135,0.13148527219217587
1.78,0.3238121930159455,-0.7660626307698307,1.6261291183778173,0.011229791607020017,-0.0069442945629707474,0.15927815786653945
1.8,0.320790138887243,-0.7639334630378071,1.622930177626495,0.017576207549132205,-0.010390235063240652,0.17617619703129606
1.82,0.3177532908977303,-0.7618491729259633,1.6193221027116822,0.014786356278278033,-0.0033196618184310094,0.1839828512277792
1.84,0.31467985322537895,-0.7598730596099951,1.6173434327802503,0.02391428903463142,-0.009001950772244676,0.1800041839020097
1.86,0.31160641688557067,-0.7579793738531738,1.6167630692482509,0.02150979130451788,-0.0018406862872192688,0.1649207604910081
1.88,0.30852592346911606,-0.7561422597561671,1.6144418058808234,0.014306087938347669,-0.002866432419513611,0.14349361505047334
1.9,0.3054520263889796,-0.7543521474363815,1.61030367537965,0.011004920395280114,-0.011892738337668086,0.11641555529512544
1.92,0.302379171751495,-0.7526023096396541,1.6048888617669963,0.015616113166575966,-0.011586078823778153,0.0815036522109753
1.94,0.2992737854365284,-0.7508961513461273,1.5989567334853625,0.011221675533084223,-0.0098062520502535,0.03776344430230762
1.96,0.2961305970594675,-0.74925793068044,1.5931147203915144,0.017049552550571542,-0.018834029903691357,-0.015887581287378185
1.98,0.29293900394462613,-0.7476854463380013,1.588881496537826,0.009838805184092296,-0.016322379191883476,-0.05760988188383667
2.0,0.28963124907271914,-0.7462192868950936,1.5869834264680223,0.01592104424562143,-0.0015072775933760542,-0.08666708026515872
2.02,0.28627994198312995,-0.7447791637881463,1.5839388192353134,0.012346491418660677,0.00510285937233833,-0.10765572028551987
2.04,0.28292132831498945,-0.74339850688322,1.580666505794167,0.019428538949163764,0.002118699818946462,-0.11928688756866541
2.06,0.279583243137082,-0.742078044847914,1.5780641590259474,0.014714789347450916,0.009660987375433232,-0.12022289159937838
2.08,0.27624727430058726,-0.7408661977347366,1.5770354748578919,0.022893985000593114,0.005227879642072349,-0.10980795652159929
2.1,0.2729383721710702,-0.7397036629865698,1.575142092745101,0.021414687274661722,0.00923387899960922,-0.09067176648900457
2.12,0.2696402781642734,-0.7386085291634514,1.5721713408598663,0.010467565263208717,0.0049851542082791165,-0.06349108389721193
2.14,0.2663699054025343,-0.7375892487247401,1.5686568541276251,0.009939350564792867,0.009572382321782556,-0.027182765391804475
2.16,0.2631144346996705,-0.7366000550266621,1.5639268298355735,0.01859702725178163,0.005883519566751818,0.017040536670849003
2.18,0.25988832957347735,-0.7356403958218126,1.5580779649506027,0.017594925492610596,-0.006031631489171375,0.06926652760215721
2.2,0.25669506062872555,-0.7347694312465947,1.553055048265882,0.00559919200694517,-0.005406555235147567,0.11094890061875079
2.22,0.2534805632559202,-0.7339913120719371,1.549232949147929,0.004789647490658917,-0.016942814906648687,0.14123558754385288
2.24,0.2502456317995782,-0.7332446458941553,1.5464712400631628,-0.00713397443306399,-0.015945708591822205,0.16064610749130945
2.26,0.2469478843528932,-0.7325279068921985,1.5438889271177363,-0.008806619402896721,-0.0035874388692607923,0.17008026937795817
2.28,0.24358780484939513,-0.7317944263962392,1.5412705814911705,-0.0005537235315920149,-0.0022565822131948216,0.1699866980736291
2.3,0.24021270485525686,-0.7310322855419665,1.5383735011842659,-0.0016086321087870944,-0.011659460800366159,0.1605932828409566
2.32,0.2368329828694936,-0.7302703307683,1.5349812727046703,0.006408834703253574,-0.010665452414452055,0.14206279784903686
2.34,0.2334242209086721,-0.7295098944625351,1.5304257684715057,0.006302482802743114,-0.0003778575326348343,0.11542317082908728
2.36,0.2299906942904422,-0.7287732534410194,1.5248846517208954,0.014602719142539876,0.0005100990585862121,0.0804365749807002
2.38,0.2265624171486585,-0.7280662026306844,1.5199990486540775,0.011993994218412787,0.013250342774225467,0.03509715902922045
2.4,0.22314316298104075,-0.7274069777831773,1.5144426583248463,0.01806488842145779,0.016178179692288106,-0.01903763831232753
2.42,0.2197827548578084,-0.7267950170370174,1.5090130265386623,0.013201615934609008,0.009011534033048845,-0.06325214525204513
2.44,0.21648490131523065,-0.7262521774773758,1.5033958539589434,-0.0018697080236489095,-0.008118923667256545,-0.09780751802284147
2.46,0.2132328007133781,-0.7257810985720773,1.4990431448053785,-0.0040131623720703405,-0.014189162502458648,-0.12101403277360602
2.48,0.20994699858914154,-0.7252980628187037,1.495461371344134,0.005751578036139666,-0.009444375915211354,-0.1335825064395241
2.5,0.206580757485295,-0.7247804453201612,1.494117456544083,0.0016526623448827272,0.007805580611491924,-0.13400125346988595
2.52,0.2031712549601496,-0.7242836952592686,1.4934414946811478,0.00928259334727493,0.014299284771071799,-0.12379869110428854
2.54,0.19978649744079724,-0.7237950956343037,1.4917122584478006,0.007457082386329553,0.01255044860410591,-0.1053495170191936
2.56,0.19643687114453687,-0.7233338136647665,1.488510510635014,0.014419045835053908,0.003073800710766421,-0.07937013910251643
2.58,0.19311888594763688,-0.7228941508343607,1.4838144870143644,0.012652566123975143,0.0010988395005929149,-0.0457080474342961
2.6,0.18981172188187764,-0.7225112698662605,1.479056570759504,0.021559533074141657,-0.010876308028514645,-0.0026717984109661036
2.62,0.18650988402650734,-0.7221754936313454,1.4740643069085422,0.020851309494254937,-0.012096562899920671,0.031017441166679396
2.64,0.18317117699882668,-0.7219194416702526,1.4688430984575769,0.01065320380152931,-0.02366534421282157,0.05504135440518101
2.66,0.1797754144046333,-0.7217759417008666,1.464998521236536,0.01198894891912552,-0.022217914227803108,0.06789861293117763
2.68,0.17630435026945857,-0.721673373840057,1.4606531302190806,0.004499536820691931,-0.01036579136616223,0.07171460464488393
2.7,0.17272652040779218,-0.7216405010276749,1.4575575302289798,0.008635011784063352,-0.01089436892601456,0.06427448712849727
2.72,0.16910996386854704,-0.7216297324237279,1.4547643852478735,0.002618303017650708,-4.608130651644541e-05,0.046779928184455095
2.74,0.16546827326195013,-0.7216448823977764,1.4508345044552278,0.004793197106168355,0.0015380839394855917,0.021098275777786887
2.76,0.16183047543909226,-0.7216668333661088,1.4455926601967504,-0.0017399172322446668,0.011405819342062926,-0.0031618724670951066
2.78,0.1582041640321134,-0.7217109723537727,1.4411028324595616,0.0024713013119731526,0.009426447267260375,-0.03799530118339831
2.8,0.15462582150345128,-0.7217484614957407,1.4365735171757603,-0.004239401737724854,0.017125366532461984,-0.06310084413265762
2.82,0.15110165140623288,-0.721801218928813,1.4335420491219677,0.001969256550696802,0.01317982813476211,-0.07668540764511095
2.84,0.14763731357599366,-0.7218436931797442,1.4298399135588062,-0.001731282390598468,0.018124471060411932,-0.08141818856328506
2.86,0.14424249701928854,-0.7219012418983509,1.4273055715101384,0.0071270144352766724,0.011783467293816083,-0.07505656431963191
2.88,0.14089786999729462,-0.7219580866504972,1.4234294947219126,0.00712030412326772,0.013260221638569498,-0.060809923920808216
2.9,0.137591042184934,-0.7220394103357562,1.4187076963659235,0.016926454488613515,0.005998630492335836,-0.038065980752964045
2.92,0.13432375240384933,-0.722142981620335,1.4128925990199441,0.017415708300057377,0.006850860566298953,-0.0070234248219331885
2.94,0.13108181768318342,-0.7223165226946229,1.4072513531696405,0.0065417949687194285,-0.0022346902419291357,0.033758815158976226
2.96,0.12787441632331,-0.7225705972955778,1.4023176136921598,0.0058901663838955565,-0.022890849047441257,0.06368317393988263
2.98,0.12466187234813458,-0.7228522228203272,1.3976745645688695,0.0151462426204865,-0.03214360020509995,0.08334949082387709
3.0,0.12136705110369575,-0.7231614964215024,1.3929240443794784,0.014939655867960894,-0.0305335058162303,0.09349829467503937
3.02,0.11795138145119284,-0.7235422174050823,1.3882948743665593,0.024976453162450046,-0.01762431542949944,0.09399665641172493
3.04,0.11443300541601108,-0.7239874740168085,1.3834116902356035,0.025735560375973764,-0.015186874387460721,0.08656225868269771
3.06,0.11087108794040097,-0.7245146403739139,1.377718555948864,0.01809681120121902,-0.02244613930198553,0.07024863318283614
3.08,0.10724197491463852,-0.7251895794582823,1.3736134241220739,0.022231028940891618,-0.016392100374548437,0.04270568142870611
3.1,0.10353292497246265,-0.7259415738650989,1.3695520650954665,0.01642127604680715,0.0007902285624224258,0.005579046504797946
3.12,0.0997599144597815,-0.726793431956043,1.3659659635162746,-0.001391792033984738,0.0070318932998536254,-0.021621049776467463
3.14,0.09599308207396617,-0.727688435736714,1.3611438781608158,-0.010391266175751286,0.004616107917807805,-0.046459255801357985
3.16,0.09225342679797259,-0.7285784237316071,1.3556972641042127,-0.009221891617174346,0.011052118423371922,-0.06238062913240869
3.18,0.08854294615453795,-0.7294171968755541,1.351280860782296,0.004253460505937334,0.006584022822883117,-0.0671970470108753
3.2,0.08490806858869941,-0.7302024434752787,1.3491328453124294,0.004222717851830871,0.01474020524102847,-0.05982629769495091
3.22,0.08129978064086252,-0.7310041221634143,1.3467363338591707,-0.006436363504623297,0.013511746558043396,-0.043150435129283536
3.24,0.07774619605592033,-0.7318230561352179,1.3439610595249623,-0.006599466787936146,0.0029935357107013214,-0.017276454738873927
3.26,0.07423070345499704,-0.7326264992745355,1.339779659513047,0.0021964324857286373,6.630324152421638e-05,0.01618922889867893
3.28,0.07072809779800789,-0.7334095304746983,1.3346750522653636,0.0025628327449122904,0.0066951203219054725,0.04105675743831716
3.3,0.06722950258706438,-0.7341989402736071,1.3289360874601777,0.011816349325456915,0.003145462258675018,0.056990115351867196
3.32,0.06375867628037876,-0.7349955867672867,1.3228187731091652,0.01176065576803168,0.010047744423810389,0.06372209437329088
3.34,0.06031075504914018,-0.7358497024536609,1.3178086569109224,0.022854998043148965,0.004720567056392878,0.059307877584644876
3.36,0.0569292974763041,-0.7367676579871836,1.3147165930160405,0.021672571576297452,0.012786059508278613,0.043223148270843725
3.38,0.05357064790950305,-0.7377570396654543,1.31091674422272,0.010487159518589473,0.011825187007224455,0.035704787892948814
3.4,0.05027773211061948,-0.7388413996621462,1.3077481930903034,0.009858277687303046,-0.0006910798604940585,0.017493201932765972
3.42,0.047024433654883804,-0.7399546907055724,1.303645267131395,0.0007350822584281735,-0.00355860280827566,-0.008970319592199452
3.44,0.04377310379612535,-0.7410921796589751,1.2981927672691167,0.0006033062988224453,0.001205390478191803,-0.027474754086726588
3.46,0.04051044234113424,-0.7422313785341448,1.292969413684639,-0.0033476756255495636,-0.004128305083944792,-0.03607689719747747
3.48,0.03725763117337781,-0.7433728191086613,1.289236283548039,0.005577337343786803,0.002087113771106942,-0.03324971397367343
3.5,0.0339888931031648,-0.7444963701626144,1.2863786109279678,0.002291777343284037,-0.0024827371801769372,-0.019670541959530514
3.52,0.030728212313784083,-0.745633240496962,1.2821587376509165,0.008046474199293137,0.0005924305818058088,0.0017533319109433094
3.54,0.0274642570527015,-0.7467748044118987,1.2766323055566868,0.004715347735879188,0.002540750127466415,0.03119780718150209
3.56,0.024205852913890644,-0.7479428654449567,1.2706356120993971,0.010424153763184967,-0.005818862676601197,0.05138145977423808
3.58,0.020960193310290805,-0.7491255976534761,1.2641629352882808,0.006961410448756473,-0.003801833689233445,0.06251710622376978
3.6,0.017695840908486863,-0.7503521867988345,1.2579931204978598,0.01373306627192958,0.007248742206326395,0.06373300587262803
3.62,0.014419774786294828,-0.7516100659268744,1.252449546061666,0.008624218764069639,0.007708605810166415,0.0752707378179566
3.64,0.01117961097763847,-0.7529195649170514,1.2469901529984042,0.01331262519445784,-0.0027772867594802126,0.07680626182174673
3.66,0.007994024678390181,-0.7542768896439043,1.2437523737580978,0.005451512402365323,0.00041454341391532104,0.06634448394950312
3.68,0.004806135943301908,-0.7556749716508313,1.2397192885400876,0.006327693866425633,-0.006135917734147696,0.04711525838558211
3.7,0.0016252554687801006,-0.7570980229058674,1.2366456043796548,-0.0038619086592289837,-0.0005657908751693761,0.017150358791030558
3.72,-0.0015656717862154671,-0.7585346143806021,1.231915684636508,-0.00792939017184153,-0.003493298635528008,-0.019556609561532184
3.74,-0.004755259916232503,-0.7599577442874677,1.2263795042927172,-0.021898985906710352,0.002008404982555724,-0.047577869931564036
3.76,-0.00795636479560385,-0.7613436560839112,1.2213945839744305,-0.024170761948317035,-0.0030138266737864024,-0.06501634239493441
3.78,-0.011140127075492893,-0.7626280471882303,1.2170891920265376,-0.014544909024377458,0.0028467789869006666,-0.07213648518620389
3.8,-0.014328556377736371,-0.7637771448139433,1.2143772940131472,-0.017950691593780887,-0.0026645901210068314,-0.06746930925689218
3.82,-0.017499187668929612,-0.7648710660657808,1.2115274981721564,-0.010469131632585386,0.0014795686870616197,-0.05342223370278377
3.84,-0.02067082594232354,-0.7659126797788601,1.2075927462134204,-0.012494836074323482,-0.0023982823072876557,-0.031014057472869994
3.86,-0.023833643974303802,-0.7669245700877426,1.2025056653646373,-0.00511504130473186,0.0017892795783924587,-0.0005840706292836439
3.88,-0.026999576655119883,-0.7678953095984195,1.196695212625245,-0.007823389665405724,-0.002620105581238573,0.03864038178045745
3.9,-0.030154162067189325,-0.7688422781447514,1.1914164991286067,-4.005046009045058e-05,0.004522403356339448,0.0673365488405201
3.92,-0.03331486890862844,-0.7697633360561337,1.1854524180828123,-0.0010248488956329997,0.0014990128629028972,0.08719358343809144
3.94,-0.036454344648507074,-0.7706820441328067,1.1795311134280089,0.007669381939216732,-0.012604734473691861,0.09716413310400004
3.96,-0.03958291533438106,-0.7715935817597531,1.1750690627129996,0.0047099606445519405,-0.013965057218371726,0.09579484472131625
3.98,-0.042770653082192786,-0.7725509884616976,1.1719755986795057,0.013262898278372398,-0.002489087808589067,0.083246348563916
4.0,-0.04599923400368481,-0.7735271499831265,1.1682341853427016,0.012379438750460232,-0.0005936680092774838,0.06942427468910536
4.02,-0.04922779341897541,-0.7745336340972855,1.1629080487101682,0.004559608682481397,-0.007278369464604029,0.04820666571337087
4.04,-0.052451973591647,-0.7755846932223122,1.1573502386707375,0.006131054667540533,-0.0031300921325999797,0.017689438624103434
4.06,-0.05570525365574079,-0.7766572625353712,1.1524907254929566,-0.004231099663804952,-0.00977885338664798,-0.002258074155377729
4.08,-0.05896885667854439,-0.7777567668138599,1.1482506968481294,-0.002791278980600814,-0.005990534000456777,-0.011686373516110864
4.1,-0.06227833321951148,-0.7788337320716129,1.1451307668423465,-0.013882623615429095,-0.013301702946413418,-0.010015434377692891
4.12,-0.06561360372509122,-0.7798956780751342,1.1429717866163152,-0.012768140126889684,-0.009650413574839405,0.0024300872075183628
4.14,-0.06897610396552065,-0.7809241766559556,1.1392079754891855,-0.0032292127399836485,-0.012760774644188852,0.02213992215584633
4.16,-0.07236257333958766,-0.7819156318533715,1.1343530610756443,-0.0017933753245401459,-0.0066158616723705314,0.033478612279386824
4.18,-0.07578997476276338,-0.7828958476170463,1.1290481058245385,-0.0108891028823192,-0.009489430632141702,0.05394397970738941
4.2,-0.07924420283319156,-0.7838678605093337,1.124391629654708,-0.009286719271453341,-0.0005001122107381449,0.06381834834808746
4.22,-0.08274198391303812,-0.7847903362007438,1.120503297073355,-0.018274414401458713,-0.003623900744937674,0.06311533028007328
4.24,-0.08624176666735184,-0.7856649685354851,1.1177777731900032,-0.014968504899456355,0.004708325420287627,0.06972966281241154
4.26,-0.08975271256644357,-0.7864836224079131,1.1141952038884402,-0.003056196648462903,0.0030900246613417373,0.06797480939378701
4.28,-0.0932412353103273,-0.7872225121425825,1.1118689188430129,-0.0026047764301521514,0.01381934315390352,0.05489279882314785
4.3,-0.09671755253280714,-0.7879506871604582,1.108692589331536,-0.011979595325057164,0.015984324514482104,0.05036809425665096
4.32,-0.10013303186579632,-0.7886640224388083,1.1058021190387544,-0.01127481227328683,0.006780798200878949,0.03583110062584084
4.34,-0.10348947338744899,-0.7893303628998988,1.10261939011137,-0.020105254705470945,0.00796808012052711,0.011889354668457879
4.36,-0.10682465144916459,-0.789963620026816,1.0983366785678061,-0.02066599087175109,-0.0003644618974163041,-0.02011194668695862
4.38,-0.11013505296088914,-0.7905403483989062,1.0929045877282408,-0.03042284948576008,-0.0005445453427249814,-0.04399386003699653
4.4,-0.11344174429582403,-0.7910293631507697,1.0877718783926396,-0.028711608483467193,-0.010718863687657605,-0.057513983113876455
4.42,-0.11674154404082726,-0.7913862569744426,1.0830500002463017,-0.01542366357207306,-0.010247831704020136,-0.06118994977938124
4.44,-0.12008699417767196,-0.7915840390297114,1.0798327501916938,-0.015069609092629568,0.0022089394487443846,-0.05370394687143678
4.46,-0.123467925011102,-0.7917147090591439,1.076874847686407,-0.003489433396323041,0.004606209254466399,-0.035908940274199955
4.48,-0.12683435096215376,-0.7917898207270169,1.0737124036816132,-0.0027188671168005443,-0.0023437743217346613,-0.008569005743398243
4.5,-0.13018282795426664,-0.7918545780160247,1.0697278443721148,-0.010608606396548764,0.000593265068781768,0.010080427470248817
4.52,-0.13353621103420021,-0.7919094943594718,1.065396538737179,-0.009197704513784625,-0.006980112411476013,0.019472060134586206
4.54,-0.13688475584705892,-0.7919333432758567,1.0600712746270717,-0.016158968522383868,-0.005065410993606036,0.020399541521889903
4.56,-0.14027071304592867,-0.7919053534634002,1.0565502197693732,-0.011028251425152888,-0.016374784565294436,0.00968601845127595
4.58,-0.14367767017479666,-0.7918048599785812,1.0536306722201356,-0.01640566415553027,-0.016134635615933295,-0.011580135470479463
4.6,-0.14712789190586384,-0.7916737283644683,1.0496213642616266,-0.012541116523007186,-0.007626343779118249,-0.024637025199223544
4.62,-0.15063473431812058,-0.7914801675520146,1.0454660286777606,-0.01968135211005852,-0.008528744759399505,-0.028038308083672473
4.64,-0.15418054997823583,-0.7912127938737509,1.0432104672010216,-0.013574195498758124,0.0026993724781560428,-0.019714500213300283
4.66,-0.15774724868576775,-0.7908849428552931,1.0400867155026638,0.002223751268095407,0.005430252447257971,-0.0025396415465720823
4.68,-0.16129936574942857,-0.7905070565241786,1.0367711155714745,0.007196343988238164,-0.0012693643051263285,0.024162765864370862
4.7,-0.16483338401424066,-0.7901355538274509,1.0322237146517834,0.004134252043259742,0.0012538783853137702,0.04282674938252432
4.72,-0.16836761630990274,-0.7897898808882824,1.0272830288921782,0.010285750005205223,-0.006626166769091812,0.052165777312550995
4.74,-0.17189140932284758,-0.7894638208352704,1.0231498773215966,0.005590149441498802,-0.002466853863376654,0.050904143119216434
4.76,-0.1754357511485009,-0.7891802343394468,1.019069883209224,0.010843704159893226,-0.009231657271275416,0.03975520206450406
4.78,-0.17898859454897217,-0.7889286435554057,1.0166284618488795,0.004278218425758301,-0.0030203475823464944,0.01713859774843138
4.8,-0.1825602377247911,-0.7887056509944534,1.012800312304584,-0.011314786934721934,-0.004768429956214455,0.0022473035010891437
4.82,-0.18614130186046668,-0.7885020239099902,1.009477044397251,-0.015274137984929992,0.0037518385363729434,-0.0022978943369740316
4.84,-0.18974011747862576,-0.7882483316393976,1.0066837418920127,-0.008686326579344312,0.0005265926169708311,-0.017021983331553317
4.86,-0.1933198698057917,-0.7879322910748041,1.0040734317376576,-0.012243750693558195,0.008338146895016645,-0.041831593562237965
4.88,-0.19689361182726792,-0.7875842598639727,1.0012684052508387,-0.026564878954348985,0.0065856586838936625,-0.05709000174140935
4.9,-0.20042255606069628,-0.787181079117285,0.9992150153983957,-0.028832959251423155,0.015592095768704442,-0.06188254479388826
4.92,-0.20391389204179733,-0.7866677251703545,0.9974711675454946,-0.019665805999850166,0.014659991650783381,-0.05622422180798713
4.94,-0.20733758267377167,-0.786051722262599,0.995515757411376,-0.02114557225350206,0.004560937858592409,-0.040853481039542755
4.96,-0.21072139330073067,-0.7853925746050492,0.9919666837552706,-0.013967194965061672,0.0014649577108063476,-0.01844732197219236
4.98,-0.21408841931465952,-0.7846822803229114,0.9869745034002222,-0.01576784882159025,-0.009051693345174033,0.011798349453912541
5.0,-0.21744482211941818,-0.7839151629073924,0.9821972928899146,-0.006281409088618811,-0.00955708552281258,0.051742283031032565
5.02,-0.2208310292756236,-0.783092413693626,0.9771077947565207,-0.005921894878369082,0.0002682899503114042,0.0821252969691321
5.04,-0.22425684384135627,-0.782245258107117,0.9724758774745151,0.004943553220246729,-0.0016928629932669679,0.10230480651387314
5.06,-0.22768008842492823,-0.7813727053212096,0.9683636173933234,0.0053919409157623084,0.007879105132664087,0.11206754898100017
5.08,-0.23110588406031118,-0.7805270813477103,0.9654511158740557,-0.0053383004765892245,0.004995593304960033,0.11056762545106359
5.1,-0.23449074384982435,-0.7797022343489338,0.9630764576195506,-0.005746799621892294,0.013896014275381355,0.09871327366763812
5.12,-0.23785900137983076,-0.7788603538051557,0.959828726502418,-0.014696494512334625,0.012887911325873988,0.07830765041705286
5.14,-0.24118975169210302,-0.7780010417834479,0.9552407417106734,-0.015811722479854663,0.0027929729327894797,0.050142010714234624
5.16,-0.24447416718697243,-0.7770851751680841,0.9504049060558805,-0.026454585256392143,0.0030306357400072064,0.012533505722986463
5.18,-0.2477463433952999,-0.7760997686735547,0.9460781339343222,-0.026390084183413903,-0.008570048110851951,-0.03510846824658997
5.2,-0.25100092697746684,-0.7749754280928265,0.943117162871074,-0.013484511218556894,-0.008159291385771138,-0.0717173227784774
5.22,-0.254295321429115,-0.7737019676474081,0.9418692998467717,-0.013952262343854561,0.004509927926681143,-0.0968483953971412
5.24,-0.25761219477661396,-0.7723796023528008,0.9402730977015253,-0.004089055587143469,0.008067428144440149,-0.11240895577845278
5.26,-0.26089317530564876,-0.77098310893839,0.9403630826363544,-0.007243239515612194,3.21261379705775e-05,-0.11616976757201584
5.28,-0.26414142084374254,-0.7695768855315417,0.9400304155293773,0.00013373575806426027,0.0011949242896702567,-0.11082973404395816
5.3,-0.26738320910676394,-0.7681439594566957,0.9396757558746189,-0.0035339724657328453,-0.007259351711701425,-0.09573139574151654
5.32,-0.27061906079694725,-0.7667130351104023,0.9378581493865195,0.0016264039809477675,-0.00818013150529658,-0.07301698218885136
5.34,-0.2738704945322425,-0.7652720582466755,0.9348348873846133,-0.0026579788993331636,-0.017008605040807423,-0.042216950335124626
5.36,-0.27714700561468875,-0.7638360071570217,0.9313119084753352,-0.017318572259213724,-0.016457814799738405,-0.0023125899939758147
5.38,-0.28049124875445025,-0.7623872022886007,0.9280785650873574,-0.02045836628161675,-0.005610187859185249,0.047487110701448704
5.4,-0.28389993509383127,-0.7608681825532342,0.9250559446623129,-0.013280888145448061,-0.006349791073674266,0.08742428195548659
5.42,-0.2873316480149089,-0.7592696515167219,0.9221326654520814,-0.015813789414452266,0.0038096101320191237,0.11720114006334087
5.44,-0.290798622646197,-0.7576072261360254,0.9204575527442421,-0.0069026524045735435,0.0011906519637162544,0.1359731624579712
5.46,-0.29425279157112694,-0.7558674887504491,0.919750134943532,-0.00901202905043939,0.01057074316883901,0.1436820861143974
5.48,-0.29770285794586177,-0.7541065760919143,0.9183861364019953,-0.0022429195506374843,0.00980803107004323,0.14263443534367412
5.5,-0.3011035740329043,-0.7522950057750216,0.9181214538100871,-0.006656180369548657,-0.0034784339769297506,0.13069349605469374
5.52,-0.30447287048375243,-0.7504743194690304,0.916937451639643,-0.002671542274847545,-0.007028806220519589,0.11017310379174738
5.54,-0.30784853339316015,-0.7486417084189432,0.9140592378944099,-0.004238103982831874,-0.0022788949003533752,0.0831473027264564
5.56,-0.3112400645792165,-0.7468059459078373,0.9099035450320644,-0.01355658378179735,-0.0068444907031601915,0.04821794292095885
5.58,-0.31463599584797325,-0.7449599450103457,0.9048372270748608,-0.014467351105820295,-0.0017742905546470782,0.004783082279750464
5.6,-0.3180745471426285,-0.7430343934933271,0.9020247011220109,-0.001746328119996944,-0.00878749750599058,-0.02614205109815837
5.62,-0.32151758666131863,-0.741048750633024,0.8995830647333323,0.0006489085704050101,-0.0043878069231161375,-0.06729613417925417
5.64,-0.3249827107355949,-0.7390593066009552,0.8961396398899775,-0.006572101532877701,-0.008405653883086386,-0.09997218215244855
5.66,-0.32845844491021126,-0.737072998661366,0.8919716376405024,-0.02381480935074241,-0.003940283021192778,-0.12380961650188402
5.68,-0.33196800504929136,-0.7350529274021104,0.8887413886798026,-0.028927668662628612,-0.010512934847859751,-0.13662737162388644
5.7,-0.33547930645896235,-0.7329034835913282,0.8870416000595925,-0.021174223504286317,-0.005199598256447202,-0.13826160495335774
5.72,-0.3390234288377889,-0.7305875790247274,0.8870236540781438,-0.02665186076284749,-0.011296193541160182,-0.12795103152009946
5.74,-0.3425738585180689,-0.7281792015084861,0.8874521736338405,-0.020531519856226955,-0.006900297464522862,-0.10763902142069023
5.76,-0.3461546422352865,-0.7256523522171245,0.8882930959415184,-0.002764372389306146,0.007799008798350835,-0.07721421005815401
5.78,-0.34974838071020364,-0.7230531599617067,0.8887493388127207,0.0045631785687760525,0.013251893320960806,-0.03743349188051686
5.8,-0.3533073336948906,-0.7204480774428613,0.8891991301306496,0.01861505427374067,0.0281054864642902,0.012033445241992671
5.82,-0.35682502415713957,-0.7178601556521655,0.8886188213420619,0.02344729969795524,0.0343679339037117,0.06966209160058108
5.84,-0.3602695272864285,-0.7153197729567563,0.8865808182545415,0.02044357051686655,0.03192468056768669,0.11920782246008292
5.86,-0.36361337352295175,-0.7128387823004155,0.8833313260405335,0.00890575810973553,0.020701834536589372,0.16038313408627597
5.88,-0.36682416938674206,-0.7104230189509515,0.8799630774969539,-0.01294802497934584,-0.0006792343461802,0.19203405518922978
5.9,-0.3699124319323892,-0.7080396360393147,0.878134881369778,-0.02360649028097362,-0.00872166556801668,0.21225617571096386
5.92,-0.37301320789072506,-0.7055963637443908,0.8773329308317797,-0.023225557956699096,-0.004535764175216346,0.22129068312695707
5.94,-0.3761605316133249,-0.7030775012582002,0.8762803988777463,-0.013322983340033895,-0.011236119136627518,0.2211512560975394
5.96,-0.37934988554596794,-0.7004585285568287,0.8760414531809984,-0.014230936754476942,-0.0061871495757752784,0.210085715190105
5.98,-0.38256742949043676,-0.6978183599055662,0.8741346089196034,-0.009278699816469069,0.00722814908918091,0.19226802193251402
6.0,-0.3858068075014838,-0.6951457849986641,0.8710811997279485,-0.012425889072160667,0.011129118742072104,0.1663768433025355
6.02,-0.3890271228238029,-0.6924447649840391,0.8670793982015466,-0.023928519945795607,0.005097315721142146,0.13217683463696098
6.04,-0.39219346078793593,-0.6896664505783883,0.8648417739225316,-0.02318142685083048,-0.014200864531018402,0.08651052608429789
6.06,-0.3953489747640489,-0.6867921190357685,0.862734904942978,-0.01222842244250456,-0.022208411150174964,0.03062360150723644
6.08,-0.3985753598318098,-0.6838204247142166,0.8612913120389899,-0.011818463094278362,-0.01848954509289787,-0.03583857873865119
6.1,-0.4018980723624424,-0.6808007667481841,0.8603366414581379,-0.023703553492709178,-0.004578218914449741,-0.09197364236998318
6.12,-0.40529363242168454,-0.6777314864492177,0.8596783979020963,-0.025054243599170058,0.019385359762296033,-0.13795903465842174
6.14,-0.4086944031730457,-0.6745789079204371,0.8586932574006615,-0.01639358682647809,0.03432504173676898,-0.17405103896115923
6.16,-0.41198879687912937,-0.671328669117614,0.8583369716735225,-0.019551997439292517,0.03895734539348186,-0.19941045172146366
6.18,-0.41512176764639486,-0.6680375804169868,0.8583756379056219,-0.010824108836759251,0.0335160870216014,-0.21430739389381703
6.2,-0.41810248893284285,-0.6647090963901003,0.8580391665337458,-0.012167833901528436,0.019060025678223843,-0.2197315988519593
6.22,-0.4209267197022614,-0.6613687519465137,0.8581626550493876,-0.0015183749407913822,0.015066323994455512,-0.21510786056156422
6.24,-0.42367480216964126,-0.6580049986973564,0.8578187790468553,-0.0010206401225419544,0.020331235651449182,-0.20143496744719924
6.26,-0.4263417334857525,-0.654653560445302,0.858771398168789,0.012164249365419284,0.014070228218948379,-0.17652170129763767
6.28,-0.4289472504352883,-0.6513143568237612,0.8587251499357987,0.015951157953194385,0.01608159207445355,-0.1432338182393976
6.3,-0.43150612717225223,-0.6480327911509005,0.8585242353209157,0.008900318698362282,0.008549810565105728,-0.10060005011853017
6.32,-0.4339960672560544,-0.6448425236916371,0.8592758732146614,-0.010684206908987253,-0.009579805392804891,-0.04711847288829324
6.34,-0.4364544535790049,-0.6416925335215379,0.8599360707018412,-0.019593027265846493,-0.01773302380816759,0.015927869252515985
6.36,-0.43894187682995134,-0.6385070425919169,0.8601392602360569,-0.01816091826884335,-0.016595272725806375,0.08775843735385766
6.38,-0.441492082253264,-0.6352548579601112,0.8600340873085868,-0.006839290397668716,-0.00541694591034368,0.14982985345736224
6.4,-0.4441112770831701,-0.6319402124165974,0.8599511451561594,-0.005055263492673572,-0.005673401841142534,0.20209680720961937
6.42,-0.4467513827693777,-0.6286068851451213,0.8596252494428646,0.006423178258618521,0.004415941136230817,0.24477371109621415
6.44,-0.44941421297074574,-0.6252621208866033,0.8592269232441018,0.008338078243973068,0.003381495441313417,0.2777123483415379
6.46,-0.452049822660836,-0.6219423752814528,0.8591262615748273,0.00016312921321665934,0.013881227346131831,0.3005294433553573
6.48,-0.4546569251517019,-0.6186590816891062,0.8597918572116521,0.0027737679049198594,0.012516739045275742,0.3126256707155676
6.5,-0.45719321378781785,-0.6153586858281532,0.8616678847603647,-0.0060568206234729895,-0.0013592753730595473,0.31362201153062225
6.52,-0.4596608245116964,-0.612055257164793,0.8648074790205276,-0.0037343530618654986,-0.0025684613367177728,0.30336631343143583
6.54,-0.462132414947357,-0.6087442315249318,0.8660688925056537,-0.004425327411439685,0.004123461397532347,0.28796958178566645
6.56,-0.46460931928892896,-0.605430375255594,0.8655730181207367,-0.00990787786064502,0.01893964786149677,0.2664682508148203
6.58,-0.46707495005959176,-0.6021018962912152,0.8644500595958426,-0.02437425247864605,0.023338552754291378,0.23597958523425822
6.6,-0.4694803188669876,-0.598722907062587,0.8631024451438707,-0.02982901272806105,0.03818938064428258,0.1959063120643028
6.62,-0.4718023503315279,-0.5952082037433709,0.8626019803822972,-0.024736193199159894,0.04075831072121074,0.14559022726038687
6.64,-0.4739491316653175,-0.5914962590447833,0.8636454406839857,-0.008070067237467015,0.030549866664940774,0.08426276352546959
6.66,-0.47595118500675704,-0.587669912731205,0.8646482646586048,-0.001507078679813746,0.03133713268830031,0.013207444661882768
6.68,-0.4778223613806849,-0.5838013293935428,0.866060446464829,-0.005916713563771703,0.0218365906097212,-0.04724926733942267
6.7,-0.47955140863664175,-0.5799279342292077,0.8680299260234168,0.001830479260893368,0.02300063122502738,-0.09719264180447501
6.72,-0.48119772808576616,-0.5760404676925523,0.869744369648571,-0.0007470277553474661,0.014820274690435517,-0.13753233829134703
6.74,-0.48274973654425885,-0.5721733632797444,0.871617245148206,0.008171828197872714,0.01673070282146393,-0.16788562153076095
6.76,-0.48421977571579455,-0.5683170891271994,0.8750096334289847,0.004452440546620685,0.0070634420237961825,-0.18670446556297027
6.78,-0.4856193780069127,-0.5645141817728709,0.8790351468925321,-0.01083990734185555,0.00782271749283096,-0.1948236947235919
6.8,-0.48699746212441825,-0.560733858966075,0.8824204101919577,-0.01593292291491811,0.017353839325595012,-0.1940514604579517
6.82,-0.4883379107249011,-0.5569235318077937,0.8855905411212842,-0.010259395989381505,0.017455204922844365,-0.1836503783049128
6.84,-0.4895801871283517,-0.5530578379324995,0.8896539072611361,-0.016432664525515835,0.02787798974349788,-0.16261995904807794
6.86,-0.4907666215749806,-0.5491763466270362,0.8926591779004843,-0.01292295084264368,0.030063786849370562,-0.13317071633760982
6.88,-0.49177471085717983,-0.5452300114744089,0.8976116036913643,0.004062002389079889,0.019962920584198837,-0.09174097062197999
6.9,-0.49262915183059003,-0.541245144013308,0.9034791263743726,0.009168466966333803,0.020749941658542916,-0.0396713938357249
6.92,-0.49343057424692177,-0.5372802892104943,0.9080903153474152,0.005025854640094251,0.013632798099813171,0.020225041502456173
6.94,-0.49417313657482587,-0.5333480210180899,0.9116247023056313,0.010500072670773746,0.014487204884894337,0.08825431734841667
6.96,-0.4948801933852015,-0.5294317582898654,0.9137662091484009,0.008336398527001606,0.021147861798824927,0.14835167264794602
6.98,-0.49553421313812557,-0.5255506378192276,0.9153939706975095,0.015087870470083215,0.017428241456209033,0.19910775277288872
7.0,-0.4960438964229516,-0.5217065022700536,0.9195874729057268,0.008414040982925195,-0.0001242106379321174,0.23710091962187077
7.02,-0.4964618241152538,-0.5179178918574473,0.9244021794872332,0.011905011765646364,-0.0056516320740107005,0.2645957059598007
7.04,-0.49687254337229236,-0.5141631947417566,0.9289409459924057,0.006001546806322122,-0.00042895069720298875,0.2827634764183723
7.06,-0.49728953319917807,-0.5104494791471491,0.932414878989278,0.008496065097218009,0.01437775300032883,0.2927364717049134
7.08,-0.4977017967519243,-0.5067595632468901,0.9353770009371897,0.0019998513714282887,0.018910326321267778,0.29345839744909136
7.1,-0.4980494490514331,-0.5030890801993696,0.9383746809720146,0.005228699677426081,0.012507209006717694,0.28433265508195626
7.12,-0.4983248590155451,-0.4994085461661961,0.9412977851012541,-0.0014507710517782796,0.016964464822464564,0.2656268826208642
7.14,-0.49854780540146465,-0.49573750137559175,0.9441719124910524,0.0012447511674981912,0.03244194132142151,0.2373460168537035
7.16,-0.4986984875632968,-0.49204370371561545,0.9476287409128993,-0.0030872982321444187,0.03601693140075365,0.1985327234946469
7.18,-0.49872884427675374,-0.4883293747497652,0.9509368598194452,0.0014962283215084868,0.05047062065169462,0.1502815036104046
7.2,-0.49860674638954344,-0.4845742551352115,0.9547123534063131,0.01594320010025527,0.05361457963895537,0.09203307735202501
7.22,-0.49828177271995,-0.48079833193820715,0.9586103774879203,0.020145838466371427,0.04570231129285677,0.024017596684866516
7.24,-0.497707704678389,-0.4770760746167435,0.9631271702846557,0.03671761191431883,0.048729024949054914,-0.03317189970459816
7.26,-0.49695287237144853,-0.4734325038323012,0.9676443429142585,0.042758556867276955,0.042096050500838984,-0.08066346307572818
7.28,-0.49601393102231317,-0.46994200591975094,0.9721275340807305,0.03831104465619502,0.04482615257243744,-0.11792230064156761
7.3,-0.49493895557384004,-0.46661892700325375,0.9762414935277319,0.02381497800672896,0.03764267447810306,-0.14615791840673176
7.32,-0.49371526149507516,-0.4634615659405217,0.980173669776836,0.020598611089668203,0.039503081343444664,-0.16451153534828591
7.34,-0.4923437431436,-0.46043561868053157,0.9845935003361587,0.029435353311662405,0.03073376492653382,-0.17276262596334804
7.36,-0.49077865799111864,-0.4575595450884861,0.9905633591708118,0.025873338151777902,0.03345941446864496,-0.16917564502552526
7.38,-0.48912584166304357,-0.45480816127810736,0.996151736707459,0.03303008785181085,0.02660275738090994,-0.15661139892206624
7.4,-0.4873733527789161,-0.4521700529569091,1.0013561325561482,0.030034728465067544,0.02879772965180308,-0.1345322327676258
7.42,-0.48556187695485337,-0.4496406242596973,1.0055135636536423,0.017644967945187856,0.022624922391385083,-0.10441965332070618
7.44,-0.4836717074720802,-0.4472242658190182,1.0090314132746352,0.01568420216128702,0.02511341927608988,-0.06523353748825998
7.46,-0.48171370011549164,-0.4448774582575457,1.0119986658620654,0.023998120402126018,0.01821134021300924,-0.017287338804320755
7.48,-0.4796743531602096,-0.44259280486185215,1.0145052323391996,0.02215549748499131,0.020307491965967813,0.0398571812765734
7.5,-0.4775357567852101,-0.44044863700347753,1.0187763918774813,0.03177810405214181,0.0093412858408784,0.08474449574030252
7.52,-0.475312496627874,-0.4383941099768522,1.023223032810567,0.03106458596173028,0.00977703520763178,0.11986543481324662
7.54,-0.47304758662867935,-0.4364546861423857,1.0274044116162364,0.021008854546246642,0.021291330995287728,0.14578388606803486
7.56,-0.47074306304454755,-0.43460984894236326,1.0307823555611413,0.01962126819276176,0.023260534150850703,0.16271568178725293
7.58,-0.46834807808628853,-0.43283485487513595,1.0340807684571272,0.02767126212881191,0.014513414632358062,0.16973719338367055
7.6,-0.4658226825570402,-0.4311408343807576,1.0385349967790616,0.024198939418076684,0.01839439726255064,0.1659639378987954
7.62,-0.46325843552157286,-0.4295027148053552,1.0412466068710002,0.025580115756720107,0.0141979263909844,0.15580530381825905
7.64,-0.4606467876165895,-0.4279130996662386,1.0422878096664072,0.020884421676474467,0.0185422459925091,0.13915632742507802
7.66,-0.45797261240358494,-0.4264082403074593,1.0430170902372538,0.025211610559598,0.03374933113163976,0.11350041766712782
7.68,-0.45516253216439656,-0.4250226818042364,1.0463338392247052,0.016476301269966555,0.03499343574378287,0.07491162144331835
7.7,-0.45221928649826404,-0.4237178136941037,1.049461309347704,0.016649089784795245,0.04717527147392991,0.02713708340669076
7.72,-0.44912012192021106,-0.42247495105437677,1.0530593643401518,0.019839059387905904,0.047906187379060584,-0.03112060257384053
7.74,-0.4458585280726296,-0.4212867631983634,1.0562077849913694,0.013245523654288546,0.03917970097821748,-0.08012789249341919
7.76,-0.44245904725438173,-0.4201634287478951,1.0584162466923788,0.017178970707317723,0.021880216704128506,-0.12069903106243662
7.78,-0.43895080672245873,-0.41908938179342425,1.0596502872302558,0.012121525902654797,0.01284383316075487,-0.15249844817204214
7.8,-0.4353610944283545,-0.4181013517034724,1.0612785944085157,0.018882130752158027,0.013964471160625472,-0.17391161802483518
7.82,-0.43171295258569115,-0.4171937170137463,1.06468696822543,0.012673215029437471,0.003046971763762999,-0.1836729509752614
7.84,-0.4280287585614662,-0.4163665831985849,1.0679587314945285,0.017483574881698282,0.0015201081485047808,-0.18375296055840906
7.86,-0.42434570469089294,-0.4155888995584754,1.0710425030497093,0.01152014260902998,-0.009594751269252183,-0.17442736751186888
7.88,-0.4206721305218116,-0.41487174214725125,1.0736237533418553,0.01588692330101815,-0.01183030459388796,-0.15594206196455934
7.9,-0.4170457178325756,-0.4141921186594561,1.0760867273548504,0.031095449986333873,-0.004773025790444106,-0.12774761042702998
7.92,-0.41348384142100036,-0.4135728757922583,1.0789361094494814,0.034572165660455186,-0.008228468406166695,-0.08962046593835422
7.94,-0.409957368692332,-0.4130651696614558,1.0815304010141125,0.0269891620159911,-0.021212576654323235,-0.04240774474227687
7.96,-0.40647052265818584,-0.41266599235386664,1.0834067652791997,0.029132339928134087,-0.025717781675412745,0.01371126579703132
7.98,-0.403074107079412,-0.41236884912892596,1.0852592864248156,0.020181672610131277,-0.020409423736843034,0.0796210726808409
8.0,-0.3997681761205881,-0.4121736274477428,1.0866353638598105,0.02054000490333252,-0.02508466963632991,0.1359389752377483
8.02,-0.39653769159992897,-0.4120625193013278,1.0879492854472916,0.030856184865426073,-0.018864416394535156,0.18264577020989775
8.04,-0.39343334730071744,-0.41208402550221424,1.090918994072421,0.030054282174027412,0.0004918791590345843,0.21785232894733433
8.06,-0.3903858383187601,-0.412245963345897,1.0941230913178963,0.019645274620385456,0.008935894281903367,0.24240959372203155
8.08,-0.3873154448289231,-0.41251613730755987,1.0971102975729754,0.018774176989597165,0.007016493204038118,0.2571904188080226
8.1,-0.3841958463206018,-0.4128520242886848,1.1000717787956584,0.027510404807370603,-0.005693015563863818,0.2619688796168805
8.12,-0.38102264877583736,-0.41326779030375493,1.104008596835236,0.025107559532586705,-0.005998907986765649,0.2561625552137224
8.14,-0.3778488725930452,-0.41374795917426427,1.1063320585553844,0.02942815447090013,0.0024698690605971275,0.24344819208898588
8.16,-0.3746759601668346,-0.4143281281032138,1.1086250233310524,0.024107437899602516,0.0001454568963735867,0.22073579104742094
8.18,-0.37147745677054406,-0.4149921126206515,1.1100119301650317,0.02712464229186854,0.00783388819477428,0.18981119522766504
8.2,-0.36824795868409443,-0.4158028582952126,1.1137505767010902,0.017704263751830457,0.001831484848846706,0.14625899052471392
8.22,-0.3649888567334418,-0.41667728726934045,1.1161281601816113,0.015923956541841207,0.004967381880681808,0.09517613759034547
8.24,-0.3617111925633589,-0.41763612438259806,1.1195255457075586,0.0029589513995129423,0.007243039185193988,0.033395522426641566
8.26,-0.358417241904101,-0.41864054678727575,1.1220251120713385,-0.0019642580075424913,0.019116211116591775,-0.03663739412886849
8.28,-0.35509223605609763,-0.41965666994728357,1.125269921066464,0.004964537425241192,0.020315176080775526,-0.09573356690156101
8.3,-0.3516889002327568,-0.42066641141356675,1.1288476378745702,0.0008242336347993079,0.011301311831951811,-0.14447259545865035
8.32,-0.34824239455660155,-0.421691378970911,1.1308601492976638,0.005622735312195992,0.009741126007132984,-0.18556594007036842
8.34,-0.34473791559171174,-0.42272889005976394,1.1344903904839074,-0.0022227338561338424,-0.003626558097685129,-0.21493345360079105
8.36,-0.34121509310742437,-0.42378411944771804,1.1367587605983491,-0.0008227440101117091,-0.00929081267910439,-0.23640415290915545
8.38,-0.33770330935618625,-0.42483101809715645,1.1375850423530633,0.009425317009137893,-0.00722750110801381,-0.25015935930713207
8.4,-0.33425774266606206,-0.4258557535914794,1.1416036877886016,0.004900554887530149,-0.018479181989273938,-0.2507777546875784
8.42,-0.33085275337987263,-0.4269086113723529,1.1456697004766965,0.011411636411014718,-0.02002389712566026,-0.24159092138101004
8.44,-0.32750561524608784,-0.42796085956736246,1.148656357450831,0.008369345758999147,-0.0133543633337322,-0.22408764868867564
8.46,-0.3242429292841051,-0.4290350976371716,1.15137980231309,0.015745315924932075,-0.016308109492830666,-0.1972760342299816
8.48,-0.32103107013360377,-0.43012491496403493,1.1533822392719,0.01308885210962318,-0.010524581603558321,-0.1616382595339941
8.5,-0.3178873552553793,-0.4312554535698337,1.1548730805758225,-7.733381054362788e-05,-0.013645097262560881,-0.11717750554543135
8.52,-0.3147868813898365,-0.43242109992387767,1.1556652166293773,-0.0036124006971185976,-0.025507918067153516,-0.06407253524227147
8.54,-0.3117324265025601,-0.43358033154117986,1.1557201880452967,0.0025598863427167386,-0.028749609773740786,-0.0024416566654123398
8.56,-0.30877595065660474,-0.43471872613379364,1.1556259086846727,-0.0021170722308984542,-0.022192735050005383,0.06850309916709907
8.58,-0.30599664280644484,-0.43587116987819124,1.157675887608918,0.0065686730710626876,-0.002250713207846937,0.12718004945280542
8.6,-0.3033156430091,-0.43701997701932516,1.1600965703699817,0.005641219896432111,0.006028868259228726,0.1754176284802802
8.62,-0.30064233627549564,-0.43819268095526387,1.1622693002434352,0.014205308633349921,0.003519740972152833,0.21408406337754698
8.64,-0.29794632143677857,-0.4393806940210741,1.1641662785746223,0.013394540495015364,0.011633246659780995,0.24336514080282454
8.66,-0.2952269260679546,-0.44062029989150797,1.1661546213967127,0.0027001496802070337,0.008855749025090827,0.2625352119936709
8.68,-0.2924564803429725,-0.44189639593179036,1.1679139152806433,0.0012902638969228186,-0.004408844897447515,0.27212115402358594
8.7,-0.28964711379881547,-0.4431726796600291,1.1702393858428326,0.01021772312468294,-0.005882777973197486,0.27120626985186314
8.72,-0.28685039449128474,-0.44445394901847024,1.1711980060079403,0.011385660508917506,0.001621292997407383,0.2624898301274706
8.74,-0.2840651092028899,-0.4457684656376623,1.1712510755926273,0.004155845435108425,-0.0005741590657221084,0.24512318028603816
8.76,-0.28126585721796327,-0.44712046027478497,1.171042719483374,0.006299609503957624,0.001983102971318148,0.2185348222536569
8.78,-0.27846638684570196,-0.4484971308238214,1.173130368862384,-0.0038088467730086153,-0.009320107833586699,0.17969983894139407
8.8,-0.27566013779784726,-0.44988884488880104,1.174154729946092,-0.005602215097825827,-0.011140743625349074,0.13268291775363722
8.82,-0.27289826129742084,-0.4512704375181715,1.1754970149343145,0.002618624080794545,-0.0013327903665384824,0.07565664576625106
8.84,-0.27019658932966767,-0.45263079126128825,1.1778077876329818,0.021944848827877464,-0.003133456792509916,0.008074680985799644
8.86,-0.2675019809400916,-0.45400061723488255,1.180166904343248,0.029880404851457598,0.005368233047557232,-0.049368401092425615
8.88,-0.2648261756939073,-0.45548980623799235,1.1840954493375782,0.024794335452114694,0.0018887234755886595,-0.09541669811443927
8.9,-0.26214327667364834,-0.4570531957504511,1.1866131171429466,0.01080534011389007,0.0055482530164113275,-0.13333511010835572
8.92,-0.2594643665849065,-0.4586879286136043,1.1881377618111009,0.006494747435796785,0.0004613566987450431,-0.16293090986768183
8.94,-0.256772972347882,-0.4603633966769422,1.1894335472541138,0.012935593363809957,0.004770493172041419,-0.18295328063036503
8.96,-0.2540876829671756,-0.46207612424150757,1.1927969288707696,0.00590674050326403,-0.0032157760513261066,-0.1910009675568646
8.98,-0.25139792326487376,-0.4638285350553236,1.1952815431548385,0.008721007622322738,-0.0028114387336877996,-0.19040768974990768
9.0,-0.24872522196745697,-0.4655968075926701,1.1972256195235815,0.00120523901950986,-0.011434372898353279,-0.1808122247087273
9.02,-0.24607294132683283,-0.4673959579606235,1.1993015567241676,0.004876377508832107,-0.010243055028350417,-0.16130310433350448
9.04,-0.24346175465635736,-0.46919046549250537,1.2008193475571953,-0.0019027993549697825,-0.017956037700251403,-0.1328136119291343
9.06,-0.24088885853195258,-0.4709937071224357,1.2017052081704287,0.0013731039646493954,-0.016857879714779582,-0.09547436148561936
9.08,-0.23838223917964046,-0.4727797461981393,1.2023107292106874,0.003642971101540948,-0.025182997774097174,-0.04897069211057642
9.1,-0.2359336572418328,-0.47456334120315147,1.2022899364347848,0.013896778512720392,-0.02486676383846645,0.006236373205165386
9.12,-0.233589306815661,-0.47635498014859573,1.2023740239004888,0.013793768894154446,-0.014116034597986795,0.062188883830658445
9.14,-0.2313662529133899,-0.47821254767854343,1.203345201364335,0.003177394637124819,-0.015133671547526184,0.10693829041754445
9.16,-0.22918403104052856,-0.48011132949381274,1.203326338644119,0.001206697839157501,-0.0063066380908370825,0.1432581712984251
9.18,-0.22707800088032903,-0.48203245789543964,1.2044315114093487,-0.01171923323020304,-0.009692845590484594,0.16835898902650573
9.2,-0.22499829839855343,-0.4839602300712725,1.2056331219839607,-0.014629084793270766,-0.0018171438779896172,0.1835205669130537
9.22,-0.22296623974346183,-0.48584680806734915,1.206882704452573,-0.007577682699128161,-0.005136412164389059,0.18904071830098446
9.24,-0.22095602328601127,-0.4876686774426057,1.2086920633751457,-0.006423751002806697,0.0030938131993416664,0.18389998073000208
9.26,-0.21896478133792294,-0.48947172447415943,1.2092237645265673,0.002685765706992755,0.0021816121652996137,0.17090340360365405
9.28,-0.2169689279915875,-0.4912494592060099,1.2092750811242208,0.00254887861557278,0.011537752101133463,0.1487730976311325
9.3,-0.214960342325396,-0.4930382774502872,1.2109854057359557,0.014231228629729512,0.00808658884832977,0.11508688068313794
9.32,-0.21291593464052536,-0.4948280279553074,1.2119708628406285,0.016899653314895326,0.014722809355707528,0.07275737108748363
9.34,-0.21082053187678917,-0.49668837716994696,1.2145038588205874,0.007944798299385795,0.008364468401756227,0.018825185284476686
9.36,-0.20868383752386455,-0.4985898998774604,1.2158344051044223,0.00842512302430438,0.009816874520893071,-0.026759160957024852
9.38,-0.20650661605481166,-0.5005285406073161,1.218236949629636,-0.0031946972399833923,-0.0001262519293469219,-0.06127114359884761
9.4,-0.20430598821418228,-0.5024884156222896,1.2193743339354148,-0.005447699615067473,-0.0023197461812633513,-0.08767463051108419
9.42,-0.20210715361015377,-0.5044352098759779,1.220114966381898,0.0027155651350704753,0.004795451276398621,-0.10482650107013387
9.44,-0.19992003315242204,-0.5063504658458566,1.2222182507304424,-0.0018772966370833315,0.0005557680045080328,-0.11063590404173307
9.46,-0.19772033144839823,-0.5082743716911715,1.2236648348825148,0.003688334015933713,0.005119597910096605,-0.10756065134466015
9.48,-0.19551940550378386,-0.5101887177411718,1.2254959250320328,-0.002300303369123801,-0.0005103060545906848,-0.09429271578332664
9.5,-0.19330533187059312,-0.5121149331680701,1.2266458885896676,0.0018554358705381445,0.0025948059233739515,-0.0722025361374531
9.52,-0.19109437142115598,-0.5140308389494836,1.2275212042640102,-0.00472609514506568,-0.0035720339556759356,-0.040753896256172845
9.54,-0.18887744968925904,-0.5159516207295738,1.2277354790166306,-0.0011487364279924672,-0.0009630477250638332,-0.0005235401758568238
9.56,-0.1866762446138293,-0.5178509148086092,1.2280817419962504,0.01338115503330697,-0.008622355253331616,0.04951220943566373
9.58,-0.18448075661559984,-0.5197440509150171,1.22835030942586,0.018189456369727724,-0.005623401259694362,0.08980753497812123
9.6,-0.18232981560590553,-0.5217092507087511,1.2300491517950587,0.011454199237691975,-0.01519102005886607,0.11845430205225269
9.62,-0.18019337458850634,-0.5237312091834835,1.230972871161182,0.013392352198327415,-0.01463845113472352,0.1384704922494059
9.64,-0.17810907699865627,-0.5257994227062829,1.2316293359969324,0.006131729275257651,-0.0033155899836554243,0.14914020664283634
9.66,-0.17608254168820622,-0.5279332152251662,1.232779553930581,0.009496854180397692,-0.003475023525887713,0.1493791218362434
9.68,-0.17406524831372733,-0.5300854245972775,1.233119173819282,0.004225843135303525,0.006243868382819708,0.14100264725627396
9.7,-0.1720569736259885,-0.5322707530971037,1.233080506643324,0.008263531028250256,0.0056012034751794235,0.12334604200211247
9.72,-0.17001444774858157,-0.5344716882157386,1.2344490429747321,0.000552072534998422,0.01762088944716005,0.09438549604521423
9.74,-0.16795307361018025,-0.5366942794759925,1.2350522738633927,0.0014364280664010242,0.019763975543404064,0.05672809340156771
9.76,-0.16580837923922667,-0.5389094362040727,1.2365782453750225,-0.009558558893854156,0.010827813338166032,0.030012101961196913
9.78,-0.1636091110123209,-0.5411234116899467,1.2370382634955972,-0.01083006571325155,0.010042823560160676,0.011617007370869766
9.8,-0.1613708970278216,-0.5432969073818331,1.237467443580355,-0.0023136474520500674,-0.0016775519978795123,-0.016384975570747508
9.82,-0.15909035416741943,-0.5454193759132882,1.2384536800336658,0.018104131507799357,-0.0025294133057160257,-0.03417675786462389
9.84,-0.15681840262619343,-0.5475306326432134,1.2394647772785088,0.027402024345462513,0.0065995462479910404,-0.04210341415275089
9.86,-0.15456262636946655,-0.5497204019508066,1.24102360711035,0.024907708622618884,0.005107789330494365,-0.039875208998095726
9.88,-0.15228892123839555,-0.5520100671746896,1.2423465865515113,0.033100957704013174,-0.00613892051927403,-0.02852687730094394
9.9,-0.15000037650683892,-0.5544012251212126,1.2438780535270262,0.03113460228490744,-0.005888639315856644,-0.02684175353396347
9.92,-0.14773691268246536,-0.5568966767086538,1.24472436838721,0.03195277627266538,-0.014750736583245456,-0.01674074075817544
9.94,-0.1455033662101792,-0.5595178459710682,1.2457840896706251,0.02273621233235901,-0.012015313027082173,-0.016244765170941415
9.96,-0.1433188421142187,-0.5622338851091252,1.245992096520455,0.023169504775469668,-0.01814446529694797,-0.007396511764839221
9.98,-0.14120056328635192,-0.5650642294740922,1.2474635291720766,0.012363725515322525,-0.011461711824885923,-0.009459367433607273
10.0,-0.13914707296496157,-0.5679708377037244,1.248440326077492,0.01086172562532639,-0.014873611203715791,-0.020811095011087938
10.02,-0.13713889039683452,-0.5709205907256485,1.2492411737140108,-0.00014296494751639077,-0.007509052842127356,-0.04154028711598674
10.04,-0.13518045608725435,-0.5739009926838479,1.2492905155841587,-0.0013460594212503709,-0.009037503608812442,-0.05354858761999688
10.06,-0.1332620811509141,-0.5768762674383283,1.250517097185562,-0.0150929979597246,0.0006527387715419676,-0.054492386783648754
10.08,-0.1313848432380449,-0.5798406890438221,1.2522138842133546,-0.017343475551761706,-7.025475048867259e-05,-0.04506345932261582
10.1,-0.1295049947691717,-0.5827573379926289,1.2529777690180686,-0.009990292922797345,-0.009169901329427186,-0.027065800396038703
10.12,-0.1276238535882957,-0.5855965790324834,1.2541288826816162,-0.014120930692974418,-0.007744817120318001,0.0009896593291306777
10.14,-0.12577358789473217,-0.5883996600287787,1.2546298958982363,-0.008030859982992855,0.0025226001074542975,0.037809623464016236
10.16,-0.12396488090464099,-0.5911276665466111,1.256343504764393,-0.014539722004402143,0.001803453033478675,0.08577203125448556
10.18,-0.12215151145809675,-0.5938297325081331,1.2570114819034603,-0.01299354982760133,-0.008446382377907216,0.12536000411856596
10.2,-0.12033783664689186,-0.5964762262586071,1.2573821242324656,-0.020916065098981338,-0.008101838845056589,0.15541813348132535
10.22,-0.1185613048549204,-0.5990783119108326,1.2573764071814486,-0.019379755235450238,0.0026519936997079444,0.176013813183353
10.24,-0.11684998900881194,-0.6015682150611104,1.259105152525263,-0.029554273683179796,7.481468863147844e-05,0.18507791064451234
10.26,-0.11514374436207007,-0.6039692983149638,1.2613365105954633,-0.029334391471906765,-0.014298488493859101,0.1840360162222935
10.28,-0.1134623948842275,-0.6062420078739273,1.2639832230288714,-0.018835299039866017,-0.017358313750792952,0.17229125005428028
10.3,-0.11182852313254683,-0.6084506071415863,1.2650685172705582,-0.015711588809087025,-0.011955423803627758,0.1528096839112566
10.32,-0.11024596440922561,-0.6106189971268429,1.2646826656468924,-0.005074815028473024,0.002254056361774279,0.12564605972119808
10.34,-0.10872253895843201,-0.6127297421289322,1.2644377742928385,-0.004343589295181199,0.005118058282218054,0.08874800627315145
10.36,-0.1071936565947389,-0.6148158675529491,1.2645440848235645,0.005959618810956246,0.019625171824175416,0.041804795192347026
10.38,-0.10564026044420341,-0.6168738434824991,1.266224748725666,0.003155316566708548,0.022514794811707654,0.00646971722586602
10.4,-0.10401442368018173,-0.6189490222494808,1.2677036914787259,0.011334231999266255,0.01592895028198967,-0.019360828128174398
10.42,-0.10231860439455634,-0.621031837197083,1.2684327175200165,0.010533398524334681,0.019314091081721434,-0.05382592619817051
10.44,-0.10053933748147566,-0.6231757496889035,1.2706519453296514,-0.002845850337879181,0.010810986943052566,-0.07686734943250995
10.46,-0.09871600655051918,-0.6253458843597272,1.2713922863502312,-0.007191181935922664,0.009690207552483959,-0.09214435126939417
10.48,-0.0968597303355678,-0.6275077101143084,1.2713595660128105,-0.0015418848193076188,0.01726825791510794,-0.09870730909386383
10.5,-0.09495917622164939,-0.6296396061423624,1.2718656006694022,-0.007534781707857444,0.014491971456268923,-0.0948554845102607
10.52,-0.09298469658298461,-0.6317702794268742,1.272815399978822,-0.0018510709045869028,0.0013352944222300611,-0.08075821036470178
10.54,-0.09095274216850074,-0.6338749853555937,1.273760413277344,-0.007050156172857688,-0.0019036634443844085,-0.05693784574571149
10.56,-0.0889177776232298,-0.6359720147308694,1.2740850140621651,-0.001997847574880819,0.0037000081118248552,-0.0242678088225766
10.58,-0.08689079012090424,-0.6380379958992718,1.2745641990643528,0.014144649824163198,-0.0009568184078571079,0.018333253034238505
10.6,-0.0848521677543064,-0.6400952130247591,1.2747239116865399,0.01981371283002335,0.003547139550507505,0.07018216830183664
10.62,-0.0828183798235801,-0.6422107963922964,1.2752182419496438,0.014557467042990671,-0.002764529632738287,0.12060304772393697
10.64,-0.08076955853093926,-0.6443913825724413,1.2752219781178598,-0.00020604350088792946,-0.018841916336511857,0.1617655797867179
10.66,-0.0787265611402166,-0.6466286287113807,1.2752735025085609,-0.0053006142817945585,-0.023445416360265935,0.19317020872854007
10.68,-0.07675585735466545,-0.6488745153399007,1.2751841853472885,-0.0005980550095101396,-0.017240238620266638,0.21492617577846013
10.7,-0.0748955800940764,-0.6511151646364811,1.275694630882252,-0.006184678150194844,-0.02287849269245486,0.2262237524520419
10.72,-0.07311497033664352,-0.6533679626802676,1.2768777921721257,-0.0009840783209661079,-0.016626784393204603,0.22692697176849666
10.74,-0.07139449741827783,-0.6556164655383836,1.2766091905484471,-0.0031912095211984997,-0.019294040361041487,0.21994777254972292
10.76,-0.06974329667310261,-0.6578743821986011,1.2765429964867336,0.004719905611905277,-0.010626741714475063,0.20299618472548633
10.78,-0.06816776812558813,-0.6601343991565537,1.27635482634908,0.0029540089065366224,0.008809169957099391,0.17644264009969368
10.8,-0.06663146145170326,-0.6624193916148521,1.276242402981457,-0.008729217849897278,0.01694155131163673,0.1398639842701573
10.82,-0.06506173991138407,-0.6647074629108586,1.2759977709071115,-0.010837136929234254,0.014177323297977619,0.09382084599400131
10.84,-0.06341813160967559,-0.6669401697537598,1.2766736307359454,-0.0017523803543161146,-0.0006120614836389618,0.03712038641090622
10.86,-0.0617234350107873,-0.6691221839930674,1.2774432784880694,-0.0025143414586595515,-0.004333058799150038,-0.02930792085387632
10.88,-0.06003275318774999,-0.6712959068504464,1.2779344506544676,0.007227293893801788,0.0016336220865511395,-0.08614609967315298
10.9,-0.05836640154024207,-0.6734535155161495,1.2798576632825969,0.004171673790997819,-0.0038658612878239426,-0.13144996845363713
10.92,-0.056698477877788846,-0.6756319389202078,1.280968764284679,0.010991285727679951,-0.0006967564814785692,-0.16794518401808015
10.94,-0.055053913981529624,-0.6778264498940629,1.2831431610116446,0.005489626312490115,-0.008685256697249774,-0.1934394078759643
10.96,-0.0534181640888461,-0.6800497655792667,1.2842747830837993,0.009550143530343756,-0.008484261805351388,-0.21051454785000845
10.98,-0.051824518513442996,-0.6822867956317905,1.2857239327724719,0.0020632553232597293,0.0018378580407017932,-0.2174144428945075
11.0,-0.05026867073900486,-0.6845484629765568,1.2867808610036418,0.004931012392594066,0.002794482928185687,-0.21510508270017628
11.02,-0.04870885976917472,-0.6868176864999582,1.2879114786727381,-0.0033419376169025504,-0.0060728745782110535,-0.20297247477975536
11.04,-0.047143371191689314,-0.689107774172228,1.2893600824293692,-0.00012944514756180054,-0.004848324561993373,-0.18074413308893425
11.06,-0.04559740745179283,-0.6913803294417875,1.2903144307177659,-0.007418573592462535,-0.01256291610890352,-0.1494145428206547
11.08,-0.044069923276368876,-0.6936472110599669,1.2909430293677564,-0.004156457666857766,-0.010990917723090065,-0.10888376201075194
11.1,-0.04258220504265206,-0.6958808131789389,1.2910411076798807,0.009521549377270453,-0.000658019439926684,-0.05938943440211269
11.12,-0.04113879676597841,-0.6980905424402025,1.2913204588209417,0.011857831564768929,-0.0004259230195353233,-8.66124266656661e-05
11.14,-0.039701299702748244,-0.7003339268306369,1.2914464621153765,0.003705750375573158,0.00954350173741086,0.0686156768907652
11.16,-0.038266809670241854,-0.7026225954927277,1.2916426477626397,0.00555025357435295,0.00854533268224391,0.12718486122886052
11.18,-0.036794089974753225,-0.7049214909488917,1.2919627424628302,-0.0029389699764262828,-0.003399557770335027,0.17568781885509654
11.2,-0.03529009013077186,-0.7072340058130853,1.2919157351418993,-0.00236799830814472,-0.004678943506805977,0.21480294817925666
11.22,-0.03380380694954057,-0.7095346789531098,1.292182846104692,-0.011802415819036944,0.00555771533407131,0.24363923145285316
11.24,-0.03233841926783264,-0.7118281908294863,1.292379610898595,-0.011429903444103367,0.00491163294397434,0.26285295035521516
11.26,-0.03086374251243127,-0.7140662445567614,1.2928274964967876,-0.001081870571217048,-0.007230949989069527,0.2720595562188149
11.28,-0.029379878229864674,-0.7162291424235699,1.2952930285334643,0.011915253359343392,-0.006113749847872206,0.2689214829816493
11.3,-0.027914662087892346,-0.7183921402331206,1.296213268693939,0.01745363615756684,0.003679079156616876,0.2582758996676409
11.32,-0.02645728480002772,-0.7205844301383855,1.2955968830667584,0.015569370407605266,0.004830824753381153,0.23993034974003946
11.34,-0.02496296370057867,-0.7228508148042672,1.2958352510704927,0.0026048145328824083,0.018064132142659596,0.21097817536514482
11.36,-0.02344731203039365,-0.7251529245640789,1.2948568296438407,-0.002484904370448208,0.02205077767894466,0.17388577035952307
11.38,-0.021848530455209077,-0.7274471875425897,1.2946004191547917,0.0031090036581188575,0.014237124695438788,0.12627390941200198
11.4,-0.02014105703624541,-0.7297069530053618,1.2955976289969,-0.002987443163631087,0.018784185021256745,0.06760951273693834
11.42,-0.018377512313776816,-0.7319697674068711,1.2966447908528884,-0.018822353401143126,0.011671490124824572,-0.0006642190701935364
11.44,-0.016558497666937587,-0.7342174068760773,1.2968503414518289,-0.02454963382970299,0.012798342107717312,-0.0601427400075537
11.46,-0.01469225466032734,-0.7363842422935549,1.2973202556529404,-0.01857621852555575,0.004070104011432448,-0.1091762697372413
11.48,-0.012777627382702782,-0.7384656399477224,1.2973846092173804,-0.0019839780320904327,0.005194181804985353,-0.14915226369043721
11.5,-0.01083210972439236,-0.740448221853208,1.2989057832215483,0.0019481594614759493,-0.004803990423531912,-0.1774815626730633
11.52,-0.008871345418235341,-0.7424252306726523,1.2996446226873146,0.015901091981877558,-0.005933898286883658,-0.19716523891870627
11.54,-0.0069354965806489545,-0.7444053045852047,1.3010208607088491,0.01792411432573348,0.0035991993801067464,-0.20624523885824964
11.56,-0.005040685762951243,-0.7464469534229652,1.3028690514642092,0.008223414749025807,0.002596623006106311,-0.2052466491340361
11.58,-0.0031481669251635885,-0.7485512368649222,1.3043255629043975,0.009016225768435564,-0.0029647382602506957,-0.1949728744390267
11.6,-0.0012544593145988252,-0.750682732479456,1.3052596410457997,-0.00040731310325286575,0.0005412992625455073,-0.1755574700328135
11.62,0.0006198840424235009,-0.7528435760485507,1.3060581197481784,0.000881521454663359,-0.005648468220239498,-0.1466682309963268
11.64,0.002494551525169025,-0.7550013960410217,1.3063230445980132,-0.008384710594216428,-0.020674499115452553,-0.10868038084691617
11.66,0.0043424982340316415,-0.7571574457434948,1.3070418801694752,-0.00623724518013571,-0.025345252494282346,-0.060576372290867146
11.68,0.00612467833116349,-0.7592770128109892,1.3071014059263781,0.0059121401711685635,-0.02140559840833856,-0.00382652099919058
11.7,0.007808556225260331,-0.7613645416058309,1.3071194470018879,0.007307438787920175,-0.0077673246169659175,0.0623814831876844
11.72,0.009395406286264564,-0.76347616257906,1.3076735663518375,-0.001297575515917409,-0.005588969255185062,0.11780500424045413
11.74,0.010956908356471416,-0.7656113494747131,1.3075835790379045,-0.0006252470461962689,0.006836043620330219,0.16422855215715665
11.76,0.012487707440685275,-0.7677413578308872,1.308709477877496,-0.0110331169875932,0.006870919391342215,0.19929859166582573
11.78,0.0140395861447238,-0.7698635487252568,1.3092987550042945,-0.012585333210261281,-0.003252369883873456,0.2252931740109213
11.8,0.015607537967090674,-0.7719370372112884,1.3098092249063258,-0.004611745427205019,-0.0026196870922926612,0.24142001004122504
11.82,0.017152597822832117,-0.7739672197215737,1.309988685240711,-0.005893479214107061,0.008402780815128609,0.24809584284110428
11.84,0.018680341347707304,-0.7759787512067232,1.31061464304339,-0.017437192966442902,0.0077686884488474195,0.2444600409340298
11.86,0.020241627973317994,-0.7779479177622141,1.3125338405064506,-0.017788575928286237,0.019706667922775728,0.22947934187863314
11.88,0.021809266360176695,-0.7798710573076529,1.3128823012111217,-0.010916690798688363,0.022936535683427527,0.20727657653870266
11.9,0.023426582639936373,-0.781718890621501,1.3126837908321345,0.004891935001534318,0.01599350814281692,0.17623874013088944
11.92,0.02511695716234493,-0.7835082370679383,1.3122537386427597,0.01093592355898869,0.019777755791239474,0.13575661413746376
11.94,0.026891717706912198,-0.7853063848976375,1.3130776767663659,0.00567819916213167,0.010906276848747025,0.08411391509654588
11.96,0.028736823625781515,-0.7871307604919231,1.3133944392785226,0.009300297115753331,0.01252307987015878,0.023601900790554145
11.98,0.030635520637944398,-0.7889765840080509,1.3146616918247163,0.0243204711418797,0.0026784370861942684,-0.04411249930159549
12.0,0.032582397731843626,-0.79085599384768,1.3159263812986384,0.028515544992396717,0.002862891144370222,-0.10172535762797365
12.02,0.03453623590125847,-0.792866978459168,1.3187287085255794,0.020104619234447726,-0.009019279396806693,-0.14790125266199844
12.04,0.036488070743646746,-0.7949532127337117,1.3203005817590807,0.00272433928955089,-0.013534854639811909,-0.18551532246361885
12.06,0.03840292613954279,-0.7970924201527111,1.320909817653699,-0.005070638403850592,-0.010078197917510273,-0.2144709907149312
12.08,0.04025753637315758,-0.7992304324896692,1.3218349521278534,-0.0016253853035854565,-0.006450377146883178,-0.2330742185279908
12.1,0.04206851990784634,-0.801332535316192,1.3236202920460058,0.01380009041796029,-0.013546827022733616,-0.2408667931339533
12.12,0.043856398777078,-0.8034215313502775,1.3251135595676662,0.01857024341541256,-0.011186021293984652,-0.23925743304535346
12.14,0.04558160174799162,-0.8055463306411552,1.3263952041231264,0.01244525207654361,-0.018387775316786186,-0.22831831967624858
12.16,0.04724348317918231,-0.807731407601573,1.3277985756083315,0.017415476598992768,-0.015898718480388343,-0.2073731622110755
12.18,0.048835939540903914,-0.8099405443805718,1.3285556320062557,0.012274048557709244,-0.004575458722819184,-0.17750012138437207
12.2,0.05035328465934427,-0.8122006492940588,1.3292391533706263,-0.003876531516212044,-0.0027763628528526315,-0.13834397835132362
12.22,0.051846232946541636,-0.814497584124827,1.3294517225741351,-0.00985366237769136,-0.01001990074555143,-0.09020933262895019
12.24,0.053330801556644554,-0.8167790460922788,1.3289135914512302,-0.005871376855342311,-0.008582116999950942,-0.03354178467744491
12.26,0.05477744156088508,-0.8190153146150774,1.328478966688228,-0.012729892137388793,0.0030766958088507255,0.032670891479186205
12.28,0.05618658879838247,-0.82122297633215,1.328441770498566,-0.009029253368434312,0.003100389493204479,0.08857856278064251
12.3,0.05760553795108443,-0.8233752212419547,1.328650073373301,0.004966465197811884,0.013956462317854575,0.13422503103592823
12.32,0.05903447100572356,-0.8254799143060395,1.3298589228473452,0.007949005748344815,0.012221398003861067,0.16889148431534534
12.34,0.060515362703346114,-0.8275939092895097,1.3308208454537895,0.0011929531966774314,-7.04589540032547e-05,0.19404614160059397
12.36,0.0620458894832601,-0.8297280055900732,1.3316710306838435,0.0038511679186867386,-0.0013810374458052626,0.2095845863633825
12.38,0.06357563532631609,-0.8318646664954217,1.3324069817333906,-0.0030831557195083706,0.008174795741807104,0.21550837177934898
12.4,0.06510201264968878,-0.8340139750468409,1.332821010387145,-0.0006292828118411159,0.007224969671930411,0.21211498606853485
12.42,0.06665303482345107,-0.8361444235366985,1.3328673498411272,-0.007577480669006827,0.01669461890485222,0.1994108744750787
12.44,0.068224061202075,-0.8382663441969105,1.3320825995754133,-0.005974466886339311,0.016343269621957136,0.17814625363466702
12.46,0.06987209991469558,-0.8403296769083659,1.3326558821058325,-0.015781517116042483,0.003062026215575822,0.1457782848132219
12.48,0.07157317337739132,-0.8423592850480418,1.3329374874540674,-0.01626918902903761,0.00032272872394289087,0.10400414010917225
12.5,0.07327528662532326,-0.8443307829001797,1.3328025341742515,-0.0077614342120456955,0.00808851816480046,0.05299101853680363
12.52,0.0749693208192577,-0.8462229855905234,1.3335276289934728,0.011689492664840392,0.004191586242493448,-0.00839155955120399
12.54,0.07669781334385967,-0.8480750728627922,1.3350270153817612,0.0191223073012983,0.011692919860053193,-0.06125681027459835
12.56,0.0784459228920781,-0.8499861944955334,1.337784956506332,0.014002711091620297,0.0076919575062579905,-0.10295235936617084
12.58,0.08022367034408062,-0.8519545366193835,1.3396011295068093,0.01862408179661751,0.011993077244898937,-0.1359355919793607
12.6,0.0820315978806997,-0.8539964776025906,1.3426195636637712,0.010861919296336887,0.0048250460864483116,-0.15788162776750228
12.62,0.08385995216057185,-0.8560840176188664,1.3440837318396557,0.011918538200439362,0.004924687298130583,-0.17214118843108667
12.64,0.0857014614641142,-0.8582254068804005,1.3464830012859343,0.0008634493294753504,-0.0060498192510581444,-0.17560389755340414
12.66,0.08755064151258289,-0.8604069422402246,1.3483108976156302,0.00011358161764464879,-0.008181018713532036,-0.17001246239417522
12.68,0.08937912790607169,-0.8625857942899555,1.3493218940546619,0.009211660644499917,-0.0017715255773905305,-0.15575533072975611
12.7,0.09117519665598546,-0.8647578022887072,1.3502145189498733,0.00732969602022966,-0.00494190974583524,-0.1319795539116943
12.72,0.09295864669889271,-0.8669582685591437,1.3506368194927176,0.015878282638513302,0.0007873835781100458,-0.09903752583585637
12.74,0.0947154528206379,-0.8691849442674721,1.3514045462281938,0.012809000601077947,-0.0037267395454392677,-0.05612811972686826
12.76,0.09646787000247074,-0.8714656396341143,1.3517820409911565,-0.000618605568599485,0.0012150136066787951,-0.003954781319550012
12.78,0.09820278536794305,-0.8737892930530172,1.3518198952996068,-0.003627308185052238,-0.0031227882957641988,0.05729114198274025
12.8,0.09994091641278419,-0.876108395546566,1.351884378864876,0.0032790700025208505,0.0034483549264744074,0.1085571551380128
12.82,0.1016606589852104,-0.878407985429263,1.3530797881133765,-0.0010219350717754852,-0.002448955592938595,0.14862874564333942
12.84,0.10339066108308458,-0.8807144889691074,1.3534860553379595,0.0033213431023324303,0.0015592030077725002,0.17992057397902236
12.86,0.1051072947253874,-0.883015911404553,1.3545508967198352,-0.0029746137327389837,-0.006268450968737081,0.20062777294027812
12.88,0.10682897236096077,-0.8853245173229901,1.3548086334799214,-0.0006824479409744855,-0.004165898386799176,0.21263003854846646
12.9,0.10851080940197519,-0.8876215461951056,1.3568270093869021,-0.010202565600969937,-0.015243767204139643,0.21295924752177126
12.92,0.11017198103321788,-0.8899173767128873,1.3594502003686988,-0.009168591249854452,-0.014494584265609739,0.20275559925484088
12.94,0.11179393383591259,-0.8921961200895305,1.3603571837967874,-0.013362680058900626,-0.005532019911757573,0.18610448165381874
12.96,0.11337355421921817,-0.8944573386696065,1.3598889023208303,-0.009919229783915916,0.012360754723066941,0.16162812458637266
12.98,0.11491932937898001,-0.8966668825905704,1.3595981123904797,-0.01653023298583251,0.01873986483098426,0.12726408980479634
13.0,0.11651171664724547,-0.8988210756022403,1.359915796275735,-0.0125843601029514,0.013285151759524914,0.08267215738761013
13.02,0.11817713054239337,-0.9008885095197665,1.3608288855170678,-0.00708487100984438,0.01958672693633345,0.0274099734323324
13.04,0.11989514665056034,-0.902893552465486,1.3622568925297782,-0.013114599714978166,0.01549072465946838,-0.017237833024902272
13.06,0.12167260929593063,-0.9048727631146055,1.3629113215572177,-0.00886917282434417,0.008854427952428441,-0.052918259298666746
13.08,0.12352153983264783,-0.906790425382744,1.3642955600201263,-0.01639840211888477,0.01301458299786146,-0.07802097837346288
13.1,0.1254013034536192,-0.9086770120005636,1.3652525418433188,-0.013404747543394007,0.008042350244570102,-0.09378330961504995
13.12,0.1273422255695704,-0.9104942241747488,1.366699677361029,0.0013653071822498219,0.013705174703978898,-0.09936694630740227
13.14,0.12931989587649614,-0.9122573670005507,1.3683858626606287,0.004845109698495705,0.009473011811382364,-0.09483292876651127
13.16,0.13136241190136194,-0.9140323009453362,1.3710883865616041,-0.003741574425508494,0.016348716703708615,-0.07934666085351065
13.18,0.13343779472676512,-0.9158277408788826,1.3737485834047716,-0.0013217864714300015,0.013414522856371224,-0.05420584671776924
13.2,0.13556246674555789,-0.917613949723345,1.375575472596278,-8.895718701305692e-06,0.0018854070387407517,-0.0206010560462211
13.22,0.1377320874522474,-0.9193964252254824,1.3769654713099964,0.011752897878078842,-0.0007017416543320624,0.021980783766768864
13.24,0.13990646295574913,-0.9211773587729536,1.378021298972402,0.012634172590601627,-0.012653109221774995,0.07373159135970415
13.26,0.14207728127902217,-0.9229979726833258,1.378667875414952,0.004153542666923482,-0.013843743089921675,0.11633150470654764
13.28,0.14420717298681662,-0.9248620025058745,1.3787251106972125,0.004897696531573798,-0.004664793631843951,0.14996247349734967
13.3,0.14625616747233205,-0.9267584412540634,1.380812454640547,-0.00633979097925844,-0.008771326370832644,0.17140553046927867
13.32,0.14829302308376302,-0.9286676788485275,1.3816098037465918,-0.009636027600789777,-0.0036319932280088397,0.18486002181810893
13.34,0.15028252340919662,-0.9305529426146121,1.383164253779894,-0.0020874862702352248,-0.010525862450543882,0.1877533473427641
13.36,0.15224449369002777,-0.9323941175642972,1.385606448916132,0.01632935412320646,-0.005348933645128547,0.1797314815833079
13.38,0.15417747039160404,-0.9342333340394532,1.38665536714498,0.02699265955327956,0.00880039231966059,0.16403928538980136
13.4,0.15610131145764627,-0.9361243918659343,1.3869273021564479,0.028965082301210858,0.013180320593923498,0.1394663904631317
13.42,0.15810335041295617,-0.9381676210294028,1.3893855567189097,0.018617869982891003,0.004091628244389451,0.10242482903048741
13.44,0.16014451609030247,-0.9402734321843522,1.390323560491337,0.015696831600321523,0.0038680538503331513,0.058094400610488005
13.46,0.16221438863403576,-0.9424700054373031,1.3924613836630553,0.0011209633468972533,0.015932407739553796,0.0028892699837086526
13.48,0.1642981022474665,-0.9447156411993783,1.393988126089262,-0.003418072319820525,0.01862408295545622,-0.04332525585507637
13.5,0.16644829308866682,-0.9469637890753645,1.395887206799926,-0.019155388820155637,0.010713074828357018,-0.07918783308204562
13.52,0.16865278811793621,-0.949201975103837,1.3968680812594465,-0.024936762981256036,0.011100406830963645,-0.10651885952402705
13.54,0.17090372064915116,-0.9513655056098956,1.397904214654089,-0.0194478278926209,0.0018433117400406549,-0.12381141597226138
13.56,0.17322854982080255,-0.9533958936967013,1.4005704615349652,-0.0008053648473016336,0.004729925091100314,-0.12984796059060885
13.58,0.17556663679583914,-0.9553544680545601,1.4029766629410239,0.007150955917000042,-0.001553350566101797,-0.12635709660473773
13.6,0.17792484034869108,-0.9573103034481691,1.406122309221629,0.003254018773405816,0.002940590671719999,-0.11221814994041782
13.62,0.1802732135611122,-0.9592854993220872,1.4084280542751864,0.009112378464268902,-0.0012827528194917096,-0.08951880253347162
13.64,0.1826277819310476,-0.9612705608747707,1.4101092461613816,0.004923854133758787,0.003432873011964454,-0.0578886223188474
13.66,0.18497239679572147,-0.9632869044699476,1.4115678797180637,-0.010063385669787116,-0.0010991029360413068,-0.01696579277815429
13.68,0.18732519606454845,-0.9653182547905137,1.4124087470177038,-0.015184679572449417,-0.0144014165707095,0.032807318637559396
13.7,0.1896727151544068,-0.9673141061482083,1.4126630730921124,-0.011104654234078339,-0.017937034087979507,0.07907446808277988
13.72,0.19195266841846864,-0.9692435332782927,1.4133883703819072,-0.01715414476154072,-0.009939387686963482,0.11474476932482648
13.74,0.19415668970063535,-0.9711331834857003,1.4141283229053514,-0.013202601179566729,-0.013089601478005074,0.1407530693587271
13.76,0.19629480077870462,-0.9729352658418327,1.4163437109689432,-0.01663536471516408,-0.0036244655578639737,0.15498568964148196
13.78,0.198376889840782,-0.9746946797815672,1.4182828076317497,-0.010503975519156496,-0.004922191120804898,0.16001160228665245
13.8,0.20043103334978646,-0.9763853120952595,1.4205284761426678,-0.01454131510001344,0.004979117060075911,0.15473919533771086
13.82,0.2024600320517991,-0.9780402920024481,1.4224055839643395,-0.009235791993870588,0.004321312111613973,0.14038061370168775
13.84,0.2044944313754631,-0.9796525630751068,1.423081028423249,-0.012087276872180376,0.012762616997934604,0.11781663903786302
13.86,0.20654129725180193,-0.9812166464660544,1.4246281928388964,-0.004041631069284406,0.009117386653386447,0.08469066857978895
13.88,0.20862541632868273,-0.9827323241811996,1.4257315616096278,-0.005413384988269166,0.01573829860233916,0.04237142041584175
13.9,0.21074966892731561,-0.9842235489541462,1.4277216783416171,0.0041394730278381375,0.010409964192851272,-0.010544228025949386
13.92,0.21293318178783896,-0.9856893747123986,1.42974173837604,0.0027299000108652475,0.015032690675775178,-0.053554445168881464
13.94,0.21516009280125542,-0.9871724578409505,1.4322229076426414,0.013078134837109944,0.0093896559825963,-0.08619221030791203
13.96,0.21743460103917386,-0.9886659438209132,1.4341251560885773,0.013341501767589208,0.012785010235590272,-0.10971762782421275
13.98,0.21975758460410771,-0.9902431276331048,1.4382541581783812,0.00010817833404025208,0.0035435960584369597,-0.12113021610710424
14.0,0.22211407022697088,-0.9918654372336606,1.4416440593336453,-0.00297680180377272,0.002865162950640068,-0.12368286269448898
14.02,0.22448012876078652,-0.9934879760830841,1.4444994228306778,0.0042684219974315285,0.01118028161474121,-0.1171713927897969
14.04,0.22685765833652524,-0.995097818783167,1.4477138819925768,2.4995696623404483e-05,0.009334704802692434,-0.10052102532530359
14.06,0.2292658446996016,-0.996723338913234,1.4501139877315135,0.0056064364681592885,-0.0012394495595029727,-0.07530613081620076
14.08,0.23170443015495526,-0.9983506990476576,1.4521122688384585,0.0007823241549085176,-0.002502077496589421,-0.040851769087037096
14.1,0.2341353185997182,-0.9999944338751522,1.4534461468190547,0.005929798354469545,-0.00743310448017445,0.002487920987910196
14.12,0.23655494887609413,-1.001639057079225,1.4544133755502255,0.0009648022380710852,-0.002636455980824966,0.04989522238306494
14.14,0.23894379145314282,-1.003305057751262,1.455308723576274,0.004247200772274909,-0.0087150799740149,0.08745156128643787
14.16,0.24132099548754404,-1.004973520040327,1.455933574197435,-0.001840274909691272,-0.004077874193794041,0.1155704098801376
14.18,0.2436636389221638,-1.0066598974509333,1.4565334402363292,0.001878002210468702,-0.010365850971889443,0.13391561412034683
14.2,0.24597874250722662,-1.0083366400733427,1.4591686660948877,-0.0065754175330218325,-0.0032350317246496074,0.14022627026537013
14.22,0.24825439090616708,-1.0100238398799328,1.4615972630516332,-0.005397011824841462,-0.0067824002896396595,0.13707878500622325
14.24,0.2505085472182708,-1.0116810247884418,1.4647931095183933,-0.014996519695337784,0.001513598163321737,0.12319710481669907
14.26,0.2527416836200721,-1.0133254389097022,1.4665916856513057,-0.016815922791288063,0.0008078994544667191,0.10161957725562078
14.28,0.2549715415448283,-1.0149154132312463,1.467979326983086,-0.009586609219582733,0.010515599590347025,0.07074481298826982
14.3,0.2571949181533079,-1.0164214963514895,1.4703481665318736,-0.01374195283810398,0.008197029610392323,0.035704824237527584
14.32,0.25944615681708716,-1.0178946888783498,1.4718481008886304,-0.00828450901671614,0.01470427956964796,0.006891060742298638
14.34,0.2617339159852384,-1.019296218232285,1.4744385854587225,-0.015129423962249845,0.010204543999112078,-0.010745264080852347
14.36,0.264061699076512,-1.0206722580708074,1.4759872582356381,-0.01232837602175178,0.014026697757774764,-0.02011759036685351
14.38,0.2664389769568209,-1.021972192764992,1.4785964302439951,-0.02177627753960611,0.006940732125480914,-0.018337545515138463
14.4,0.26886025181701056,-1.023231853783279,1.4805240025799713,-0.021008422404398548,0.0087541364751075,-0.007867219142029022
14.42,0.27131464910706177,-1.0243859629422676,1.483350980129071,-0.008119880567004481,-0.00023849152775417385,0.01357863781704456
14.44,0.2738057604572885,-1.02544724968457,1.4866347194734648,-0.005781651829146518,0.002049871131343124,0.025000741263865194
14.46,0.27629321257587997,-1.0264785954171147,1.489557500751509,-0.001620336021435762,-0.004919314618272157,0.045533187717326826
14.48,0.2787849384179155,-1.0274885655491,1.4920536205285564,-0.006691298527598219,-0.0015081118534811854,0.05682280529850658
14.5,0.28125467530213716,-1.0284920905212547,1.4945627984492187,-0.0019131313279684074,-0.009115995172422961,0.05837883550064686
14.52,0.28371444524881606,-1.0294679827103215,1.497195573093268,-0.007097237296331196,-0.0056542198184069015,0.050014950148806886
14.54,0.2861454119453862,-1.0304389891410453,1.4987789662619577,-0.0038856539079130956,-0.011671037086472538,0.03337430393648867
14.56,0.2885529453613313,-1.031385070737852,1.4999715346835034,0.00975776862366453,-0.008314650740068083,0.025899818389058995
14.58,0.29091233402308697,-1.0323166761499019,1.5011383465577677,0.012279501605906015,-0.014597075393502738,0.028126377346527957
14.6,0.2932270661497308,-1.0333000171801592,1.5036581630518113,0.003400780873726231,-0.008142902763257113,0.01920173262634605
14.62,0.2955023867018547,-1.0343155854777246,1.5048688066649463,0.002522857309271851,-0.010672788622530899,0.0022770530708580883
14.64,0.29772658789944734,-1.035351828082072,1.5082313117268902,0.015098204526540883,-0.0008984670915086036,-0.0024187812730652467
14.66,0.299907676971275,-1.0363968506852044,1.5115105226946366,0.016621557636337415,-0.0007698596807050789,0.0024484957924474863
14.68,0.3020834331018923,-1.037493063211575,1.5143239367370842,0.00800520194365181,0.008639744155778893,0.013751297617741375
14.7,0.3042539622059135,-1.0386603418504916,1.5175519192513762,0.009764434285574223,0.0067083954723485386,0.014665207453537128
14.72,0.3064595690259637,-1.039859997250308,1.5211047976518455,0.0011926739455260821,0.01624280794315619,0.005514572549696707
14.74,0.30868356130062036,-1.0410874537324086,1.5237314180570372,0.0010389670296369162,0.016172287281490557,-0.012177199958462342
14.76,0.31097422008412634,-1.0423184176186695,1.5266674524836112,-0.010397384725963408,0.02621901228288073,-0.019775818292879204
14.78,0.3133187528917156,-1.043552491769395,1.5291501362498414,-0.011831976803700217,0.026624075747946868,-0.024622876122828218
14.8,0.31574488924676697,-1.044754058644387,1.5308823885090903,-0.0031013757804517726,0.01838496966246239,-0.02065413475038257
14.82,0.3183089129905114,-1.0458963084220771,1.5339000497482582,-0.006627121193844567,0.021701783868816334,-0.005535705460406582
14.84,0.320950523291098,-1.0470256448028337,1.5373347826085337,0.0014950529644358844,0.014622895807264195,0.019837467321358514
14.86,0.32366859833636785,-1.048130210772485,1.5404821014332568,-0.0008231556850251523,0.0016237774982319237,0.049879608598037944
14.88,0.3264341865482221,-1.0492378276343615,1.5431297715455712,0.005681698738302523,-0.0010658512868716855,0.07070146146642978
14.9,0.3292036801583971,-1.0503406346702762,1.5460041408889733,0.0021232545649698797,0.007518711582545683,0.08148223577285604
14.92,0.3319675290342166,-1.0514681522490155,1.5494439942752283,-0.011868765594065663,0.004439296285931656,0.08171594802271803
14.94,0.3347536503768607,-1.05259946514535,1.552219624057079,-0.017021876665164845,-0.008672815325655597,0.07313343608544666
14.96,0.3375504494835353,-1.0536825418293239,1.5549394779062546,-0.012523514266333855,-0.010902360579965286,0.05469035966002452
14.98,0.3403109029258735,-1.0547089767153872,1.557138377343259,-0.01710350431695707,-0.0030603975283374873,0.02704637772033346
15.0,0.34301759409146076,-1.0556817926990307,1.5598355082734372,-0.011074471254299932,-0.006891995155333098,-0.01068970741877989
15.02,0.3457030615874391,-1.0565636575175636,1.563900267958284,-0.016665583314353596,0.0016600508004899269,-0.05985347257277116
15.04,0.3483586371212536,-1.057399854291011,1.5680584625638745,-0.011241731418737098,0.00044849069124112636,-0.09886071725820839
15.06,0.3510225085756675,-1.0581669711739896,1.572418967051451,-0.01720822128429707,0.009404660834718618,-0.12796959895425378
15.08,0.35368968991712285,-1.0588904055473451,1.5767059374501537,-0.012312435308389073,0.008782022277000177,-0.1472072112946018
15.1,0.3563974219275916,-1.059553585997849,1.580819627929585,-0.018153087953578458,0.017861408151532625,-0.15707690334856306
15.12,0.3591439273331671,-1.0601730497396944,1.5849619743473633,-0.012898948094285679,0.017215961067607158,-0.15697845798214982
15.14,0.3619549869267599,-1.0607421498104717,1.5884657684093562,-0.017646720116325797,0.007891554582174163,-0.1478034169122147
15.16,0.36482359057800173,-1.061278829467177,1.5912160927489274,-0.012279490534945524,0.0073425408650291965,-0.13006900546327443
15.18,0.3677355175359104,-1.06174283237684,1.5944723468292492,-0.01864080135610191,-0.0033509891845609234,-0.10180925140896442
15.2,0.3706786729608113,-1.0621632866149453,1.5976449304795781,-0.01404426147892917,-0.0043360851147479515,-0.06416727678033622
15.22,0.3736134167939881,-1.0625105441265488,1.6007482305621594,-0.020267915791034014,0.0010434667966297397,-0.01698511942176591
15.24,0.3765317713079917,-1.062800986295148,1.6038795589327364,-0.015557285564579974,-0.003367359580145774,0.040005883655902325
15.26,0.37945249969561146,-1.0630151228034483,1.6068420795929752,-0.0017490646833019305,-0.019115478442133464,0.08734906995634163
15.28,0.3823555384526689,-1.0631715865380584,1.60961049618883,0.0022823954279233864,-0.024435652215227675,0.1249424416621477
15.3,0.38517919347683394,-1.0633276010712944,1.6124460958484708,-0.0033334652212565824,-0.018623558151072302,0.15262687702746358
15.32,0.38789736556669135,-1.0635062410845846,1.6156472932925874,-0.018734140240952605,-0.0011454178586868548,0.1698789664775315
15.34,0.39053746394823025,-1.06368285944386,1.618913646175248,-0.023941526918115068,0.005286092603545459,0.1773427375779647
15.36,0.3931578265240694,-1.0637862420959165,1.6222553454680264,-0.019229705722052858,0.00045229542991999833,0.1752113797292692
15.38,0.395779053552122,-1.0638042529368303,1.6251537898825998,-0.023775203360649422,0.005759147446742729,0.16369310968581927
15.4,0.39838489552413414,-1.0637380042143019,1.628559429213147,-0.017810961903210284,-0.0007242020764050793,0.14209192968981701
15.42,0.40099441649626727,-1.0635879515756377,1.6314788816845098,-0.02105428841365352,0.002869681350076527,0.11120872105097883
15.44,0.40358613556366574,-1.0633552159453716,1.6352001787135027,-0.013551198078367799,0.0064889622760144336,0.06987631502282829
15.46,0.40617738585084306,-1.0630370941399157,1.6390275272094945,-0.015793751829129166,-0.0012963014754765274,0.01898723581146521
15.48,0.40879172877698,-1.0626544528995348,1.6435712048678164,-0.007490750912098678,0.0029581356980797027,-0.04254938010476525
15.5,0.4113961626538101,-1.0622003929938253,1.6487442597110027,-0.010941997348011387,-0.0031982534760663013,-0.09326435313462468
15.52,0.41400982832574895,-1.0617200112610576,1.653632833353699,-0.003733816730288041,0.00023109036935131062,-0.13456339656684388
15.54,0.4166118650062796,-1.061193823957089,1.6587327145913782,-0.007794785239196951,-0.006281547045634383,-0.16567990327072168
15.56,0.41921367155005956,-1.0606558637811883,1.6632637269218102,-0.001602598497270733,-0.0037273085301272506,-0.18780456929186404
15.58,0.42179302593282786,-1.060083222721115,1.6679076347262791,-0.0066137072537422684,-0.011008476342377685,-0.1999513730518338
15.6,0.42435957733059154,-1.0595042832870938,1.6716567301710803,-0.0018805794859637133,-0.009783090266877492,-0.20359148749674694
15.62,0.42687853954935606,-1.0588846844684379,1.6762379862832775,-0.009371798135417568,-0.019264843930029408,-0.19641743362952993
15.64,0.42936967979486657,-1.0582552181119351,1.6796417143222913,-0.007629372527120574,-0.020686051044941242,-0.18118004984415137
15.66,0.4317809071693901,-1.0575675460274947,1.6836626681733025,-0.017762791335254893,-0.011308219815585673,-0.15561790225621036
