0.02,-2.5,2.5,2.500205784834226,0.003907469352212443,0.003915304795207451,-0.001853443324884153
0.04,-2.5,2.5,2.500421202921085,0.007803339051773549,0.015649917120653414,-0.003660212017912179
0.06,-2.499984641963192,2.4999846156585814,2.5006462675077974,0.011689778517486761,0.035190040021915836,-0.005360249047245562
0.08,-2.499907723564062,2.4999382586293635,2.500892432924724,0.015811210945799854,0.062279222058286156,-0.007004657063742537
0.1,-2.4996928636630042,2.4998452612473256,2.501145504110926,0.019941121052292312,0.09713476139007075,-0.008414617180853115
0.12,-2.4992340637207007,2.4996884957511054,2.501400059876567,0.02410540931322689,0.13972775529976114,-0.009525977085729827
0.14,-2.49839526932621,2.4994502961548815,2.501644903790496,0.02834511730754939,0.1900235821234722,-0.01027124155825009
0.16,-2.4970109454239395,2.4991123676556826,2.5018599119445506,0.032720595729746574,0.24798206786165947,-0.010575164811767443
0.18,-2.494887021419734,2.4986557383156547,2.5020122478504794,0.03731765294225833,0.31355746003619567,-0.010347881028479063
0.2,-2.491802348867877,2.4980607640489367,2.502051995256049,0.04225715074325257,0.3866983046812491,-0.009474099426069275
0.22,-2.487510832206189,2.4973071975481065,2.5019072948876846,0.04771093680331744,0.4673471498256537,-0.007795686331467151
0.24,-2.481744403954212,2.4963743316483873,2.501479106776368,0.053929652066244595,0.5554399282347506,-0.005082289740457524
0.26,-2.474217017991636,2.495241226959253,2.500635762914418,0.06129384406368816,0.6509047132489741,-0.0009787326687953459
0.28,-2.4646298253124184,2.49388703218786,2.499207524707724,0.07041406806722246,0.753659155844872,0.005096392474589165
0.3,-2.4526776731184268,2.492291403233484,2.496981414264883,0.08234383624795028,0.8636048761417481,0.014164714889215654
0.32,-2.4380570274107445,2.4904350236606305,2.493696645137841,0.09908601715449562,0.9806139117172656,0.028195221956229966
0.34,-2.4204753588265415,2.4883002244130146,2.48904103260411,0.12500037058656874,1.1044906834538821,0.05151220419136559
0.36,-2.3996619495627853,2.485871694530324,2.4826488105716167,0.17174751718979575,1.2348372793976494,0.09573929242346363
0.38,-2.3753799752572538,2.4831372671926353,2.474100315064179,0.2841773141899854,1.3703368603749078,0.20568753615836483
0.4,-2.347439591067769,2.4800887568134633,2.462924005270872,0.8591459153649589,1.4988825497517837,0.778171752671156
0.42,-2.315711607751461,2.476722813307039,2.4486012745904566,2.6816640988614213,1.4533373073874585,2.5981576627002525
0.44,-2.280336315547822,2.473057835911986,2.4305652483223588,2.949330479780014,1.3054251157257883,2.8596228027288384
0.46,-2.241150416388559,2.4690864008288327,2.408239746487936,3.0310019882408987,1.153259612066094,2.927095565673015
0.48,-2.1982825271606994,2.4648108455258533,2.3810408673332133,3.0788016571682175,1.0010312001162978,2.9524068970173585
0.5,-2.1519555441591574,2.46021124952747,2.3484153385014452,3.117917733572308,0.8494501754278203,2.960234596775989
0.52,-2.1024810384117023,2.455246924850168,2.3098544077834213,-3.1268996260962867,0.6988107922658711,2.957749534319437
0.54,-2.0502521117600305,2.449858468375247,2.264906883634865,-3.0995165441007986,0.549260971200209,2.9502860127393316
0.56,-1.995734719999085,2.4439703496707765,2.213191222967191,-3.0805265538821542,0.4008393901081774,2.940345980076398
0.58,-1.9394443727888242,2.43755266191316,2.1544040555967383,-3.0685977068503494,0.2535157700188096,2.929316719024435
0.6,-1.8819312009059987,2.4306201423778924,2.0883243474893023,-3.063062816249947,0.1072263645352331,2.9180919371300513
0.62,-1.8237656458964537,2.4232302649279185,2.014815718848246,-3.0636766566842337,-0.03810619505799011,2.907363229927729
0.64,-1.7655248762774816,2.415480542203635,1.9338271852105826,-3.0705289453533053,-0.1825584398910689,2.8977924130262416
0.66,-1.707779969948636,2.4075051456992433,1.8453925449978679,-3.0840510702426815,-0.3261920979955862,2.890153820422903
0.68,-1.6510838602554647,2.3994709238515775,1.7496285856631115,-3.1051124116461595,-0.4690365462780873,2.885505313015717
0.7,-1.5959600213457223,2.3915728737299062,1.6467322271426748,-3.135250451112986,-0.6110615499059148,2.8854607852134615
0.72,-1.542891864862343,2.384029102490621,1.5369766694652145,3.1060223280791073,-0.7521273510806286,2.892706404710303
0.74,-1.4923128322491797,2.3770753016658213,1.420706564201777,3.0655050747038373,-0.8920633000716328,2.9085416968265863
0.76,-1.4445971924986505,2.3709587514964054,1.298332189643245,3.022006355129927,-1.0306552283547026,2.9364309879927797
0.78,-1.400069233174021,2.365874294914552,1.1703193370369185,2.9661647364004446,-1.167551324826063,2.9850909442553952
0.8,-1.3589990487294288,2.3619622087458,1.037176903614939,2.8711674310837303,-1.3017901086246546,3.0809031725860443
0.82,-1.3215994317521758,2.359307285686618,0.8994449159198062,2.6165290954955225,-1.428848651558753,-2.939086171938943
0.84,-1.288380812273873,2.3580655665963066,0.7575826549454336,1.394464476161123,-1.498291209822271,-1.7085151076307137
0.86,-1.2590791771449814,2.358085751140855,0.6122592083557992,0.47833535608668093,-1.4133993781186547,-0.7840696661456733
0.88,-1.2337125817954557,2.35931797462928,0.4640437159185597,0.28020199973166626,-1.3020879809568309,-0.5778182249800026
0.9,-1.2122358854241468,2.36169419095403,0.31346516618450926,0.20581102860045136,-1.1945686217019067,-0.495468315806814
0.92,-1.1945505700536307,2.3651324079063922,0.16100594429530243,0.16881981273588545,-1.0940388285372438,-0.4506540676182057
0.94,-1.1805173915342915,2.3695412822006787,0.007098305587392051,0.14783200195363252,-1.001211508786971,-0.42196970729938604
0.96,-1.1380603173112427,2.35515573519436,-0.0055079390928105924,0.12009189150332113,-0.2347765517903941,-0.3459956966957423
0.98,-1.0987787661484876,2.341580504437872,-0.02000900740886789,0.1786162149716545,0.508042022024131,-0.27110430605364555
1.0,-1.0726427868244979,2.3355376660220495,-0.0062127686196313085,-0.0332548545117196,0.7962647102689411,-0.3743791263778389
1.02,-1.0451954976564295,2.3285928948170356,0.007756160632869548,-0.36786625716569454,1.0584310838496707,-0.631564475718824
1.04,-1.015011526869774,2.3207123209165057,0.020660186306576206,-1.0722676134493585,1.2257644396260579,-1.2852661369181095
1.06,-0.9814785507636935,2.312102388141933,0.03141411697170969,-1.936377249937099,1.1426139868347305,-2.11936134877613
1.08,-0.9444012413554985,2.3028234894168698,0.038827671460051574,-2.3371710798294205,0.8907155142794486,-2.515198646967299
1.1,-0.903802709145687,2.2927842221162242,0.04174951563678703,-2.4961752147829706,0.5902748483260879,-2.6961235834390087
1.12,-0.8600966804896675,2.281770878892551,0.03911570359797809,-2.5535864613640613,0.2751312645351035,-2.8075610222956775
1.14,-0.8150157904053501,2.269852171123664,0.03218572818513917,-2.630580094846173,-0.08512710202040892,-2.8986140307449864
1.16,-0.7714995324442538,2.257024554726241,0.024388563539771733,-2.906097046008251,-0.4657593057025138,-2.8594309224519763
1.18,-0.7353055792200098,2.2418288783838727,0.024245726805329083,2.85639590348892,-0.5640933130715999,-2.548155066957642
1.2,-0.7076246316673178,2.224685235239163,0.03089288722297443,2.4479236724122235,-0.45882387024034704,-2.2598517760331474
1.22,-0.6873334203405034,2.2075684660207653,0.04050917406878297,2.1458887927299224,-0.341423281068275,-2.0254730454303176
1.24,-0.6718098965712049,2.1912608160827434,0.0469596548519309,1.8766291231575245,-0.20000148674205492,-1.7944428407481068
1.26,-0.6602653376978158,2.1766164178921867,0.049598952589497744,1.6615529397274187,-0.0040337229797947,-1.5684455505845876
1.28,-0.6519704377986306,2.1636594215658906,0.049696257166981256,1.5535925824308519,0.24497692423309522,-1.3480469337449783
1.3,-0.6476534624484106,2.1485966081453554,0.05001506119677227,1.5767895688330011,0.4565052831298898,-1.1109313741715403
1.32,-0.6467598650806005,2.134773473828863,0.05114257903594403,1.7369987322701321,0.6893764199817412,-0.8221419034393185
1.34,-0.6488264414876058,2.118833167091521,0.05385873381880435,2.0371366304431784,0.8327555692691675,-0.44171997316782485
1.36,-0.6530305690146075,2.1004383524436046,0.053902954282688965,2.467802923721375,0.8333633156342977,0.01680109918484328
1.38,-0.6599104245035647,2.0794576754448255,0.04883825326344389,2.8718289217693003,0.7225775560250046,0.39553505021641866
1.4,-0.6682415982603397,2.0564090456436546,0.039517486494234866,-3.0790036856533103,0.4755645000295791,0.643755350289493
1.42,-0.6775813657981984,2.0322870373392723,0.025858236180361253,-2.839404108584809,0.10380431138102562,0.766274480398306
1.44,-0.6908130282142899,2.0121318588975172,0.015488065904870776,-2.885188174892936,-0.4065706567779743,0.8941577341026059
1.46,-0.7062267892154508,2.0025882330963847,0.017611944859635523,3.1414865759686657,-0.5467011341710194,1.1418774669462382
1.48,-0.7208220816958519,1.9986221547801444,0.01995958200580432,2.9159946246324644,-0.5302505262842662,1.3862968816939114
1.5,-0.7334428206458943,1.9991237114662368,0.020684057091876273,2.7806837510694065,-0.4226576166895932,1.5746683332142228
1.52,-0.7438654942332378,2.0032166176008035,0.018351993902611385,2.7258067774010195,-0.2571107114071242,1.7140705891832473
1.54,-0.751302414362027,2.0106288304183972,0.013570682818331407,2.773616619120284,-0.05148212592156982,1.8186352911053079
1.56,-0.7554948638655504,2.020307025176357,0.00565493302439928,2.9310585409422787,0.1661613365580073,1.9292275501280876
1.58,-0.755037749072318,2.0305848605208228,-0.0031904698426583385,-3.0330931436661452,0.2586871970764106,2.0797472193730617
1.6,-0.7510896503276047,2.0350551930509786,-0.007675864563135637,-2.907077464801656,0.05404959614811716,2.152221742818735
1.62,-0.7479094785228857,2.034901735165738,-0.012560367379840474,-3.0110647011565876,-0.15568866094327963,2.1747943464038757
1.64,-0.7487769497156657,2.033101194119539,-0.018113715624635745,3.017989806012135,-0.19113849660796373,2.203412736215774
1.66,-0.7514669704957223,2.036267197351081,-0.02168175908317008,2.953700738532976,0.006553668851559358,2.1786707861227974
1.68,-0.7511778992219829,2.0415692543293287,-0.026447194455660298,3.103250937098618,0.2117809603360395,2.179347299290638
1.7,-0.7469340537363851,2.0437416492251756,-0.029282359448512634,-2.9644307970606363,0.12415619379515434,2.2044769863044116
1.72,-0.7433500662353766,2.0414483522939926,-0.03173501563155773,-2.9690296717092624,-0.09259428775190137,2.192182878343391
1.74,-0.74385013085124,2.0380213187551064,-0.03430141913676373,3.1075806062008513,-0.1717001757271684,2.205870207636796
1.76,-0.7468791123606279,2.037890200726768,-0.0369817143744143,2.963358277138608,-0.011273449726917623,2.203372114786431
1.78,-0.7469853679409204,2.040947759825336,-0.039225764036585946,3.0887369793931323,0.14269770459175313,2.19456048756174
1.8,-0.7438762420836716,2.042772390199391,-0.03915398125488903,-2.942839011183877,0.15543245153127647,2.195398469891226
1.82,-0.743126284061802,2.042364180537547,-0.03398354910258676,-2.923888133239793,0.11924421381684103,2.192731994479914
1.84,-0.7432353465927846,2.0418076891506285,-0.030152966981209284,-2.941796018493483,0.1096535607778273,2.1933570904954185
1.86,-0.7433395074016613,2.0415899715406107,-0.026634968528224227,-2.95822590908115,0.10085117602051992,2.1921237389746246
1.88,-0.743429405479271,2.041408492819918,-0.023402152317893686,-2.9731820677031604,0.09274430914700808,2.1914716878496407
1.9,-0.7435101901048808,2.0412448256805233,-0.020431675301784438,-2.98687669629157,0.08529307036290468,2.191021469476733
1.92,-0.7434754894258447,2.039276354287556,-0.021838638935055294,-3.0271871489327014,-0.010526823006192612,2.179866297838814
1.94,-0.7442010029077707,2.0359774481680413,-0.025885067187648787,3.129483752654062,-0.18553971122801916,2.1708836016049706
1.96,-0.7449482321790811,2.0355649839048624,-0.022068143369647693,3.071936077087438,-0.1821535266076371,2.172087709083749
1.98,-0.7451042168353157,2.0359326176634447,-0.01920394420583159,3.077687209191741,-0.1674547081670657,2.172275002118233
2.0,-0.7451889385947191,2.0362696781064833,-0.01657179202563135,3.0829391621992497,-0.15393047491433542,2.171502111083385
2.02,-0.745259108365238,2.036569367655987,-0.014152890325292667,3.0877402300197896,-0.14151533356428583,2.1707669729894534
2.04,-0.7453207305715965,2.036835601135661,-0.01192975433197112,3.0921330596479932,-0.13011449391940755,2.1701348954369815
2.06,-0.7453753395764513,2.0370724772354336,-0.009886366917305298,3.0961554285095185,-0.11964215046864252,2.169597176980991
2.08,-0.7454237121314452,2.037283648616736,-0.008008047172443241,3.099841710582216,-0.11002007382637696,2.169136947075459
2.1,-0.7454666935625519,2.0374722202397066,-0.006281339582482018,3.1032218540463425,-0.10117748693182817,2.1687433683309854
2.12,-0.7455049857230029,2.0376408870045593,-0.00469390461400551,3.1063228196026063,-0.09304985013138066,2.168406878863338
2.14,-0.7455390257565664,2.0377920219043006,-0.0032344226023234383,3.1091691126358385,-0.08557818625980379,2.1681164105290893
2.16,-0.7455688861082831,2.037927737764396,-0.0018925079211932808,3.1117829793421907,-0.07870876152242376,2.1678573066058076
2.18,-0.7455941011059947,2.038049895058576,-0.0006586371545046514,3.1141835714034642,-0.07239404732117592,2.16760919054916
2.2,-0.7456183330793573,2.0381452453083444,0.00047558883388617874,3.116406847670034,-0.06652972037096334,2.167496644119906
2.22,-0.7456436944243281,2.0382384492553833,0.0015186622968523596,3.118425712123071,-0.0612812081910975,2.1674781251649153
2.24,-0.7456666462587969,2.0383230127664875,0.002477943509678133,3.120282186707986,-0.05643516516647681,2.1674636206308264
2.26,-0.7456876988053993,2.038399746631431,0.0033601822995687645,3.12198842516885,-0.05196294829782667,2.1674574895383927
2.28,-0.7456999687039232,2.038470613883643,0.004171489245661544,3.1235287184859604,-0.047849574578660216,2.167368666099689
2.3,-0.7457144509085978,2.038534522510488,0.0049176041383897275,3.1249273419931893,-0.044072736653690825,2.167369852407814
2.32,-0.7457276415307131,2.0385927781773976,0.005603880885934826,3.126224228644072,-0.04058533961501535,2.1673709766808162
2.34,-0.7457396666082468,2.038645891694449,0.006235125001056809,3.1274253798836997,-0.037366921212858686,2.1673720251769697
2.36,-0.7457506383038763,2.038694329559469,0.006815755638612595,3.128536755942097,-0.034398097050100385,2.1673729916992586
2.38,-0.7457606566742256,2.038738516787474,0.007349836620804351,3.1295641926705913,-0.031660586401756854,2.167373876008933
2.4,-0.7457698112224774,2.0387788398836215,0.007841104989119843,3.130513340790422,-0.02913721494749174,2.1673746830376404
2.42,-0.7457781822377574,2.038815649845099,0.008292997281651487,3.131389623400358,-0.026811899646804208,2.1673754223444925
2.44,-0.7457858419078504,2.0388492651105254,0.008708673711561204,3.1321982080273707,-0.02466962031544328,2.1673761070478488
2.46,-0.745792855209488,2.0388799744006096,0.009091040409844403,3.132943990057142,-0.02269638162916486,2.167376751821057
2.48,-0.7457993585669881,2.038908034989755,0.009442817920028103,3.133633059401902,-0.02087920957224638,2.167379113495529
2.5,-0.7458053126147665,2.0389336908521782,0.00976641288112079,3.1342681612669283,-0.01920592468094958,2.167381221166496
2.52,-0.7458107875736096,2.0389573266801433,0.010064243317549501,3.134852372591398,-0.017656807252902702,2.1673859921675023
2.54,-0.7458158055062009,2.0389789634680278,0.010338215521242061,3.1353902620915988,-0.016230295409955114,2.167390659112779
2.56,-0.74582037223206,2.0389985999184037,0.010590088768661042,3.1358869196323496,-0.014926064050133197,2.1673921608079705
2.58,-0.7458245620417653,2.0390165806503475,0.010821788143816034,3.1363440234292184,-0.013725430575528151,2.167393542144338
2.6,-0.7458285162593373,2.0390332302392085,0.011035109463374446,3.1367571464307074,-0.012610923242359762,2.1673986562027245
2.62,-0.7458321838549401,2.0390484963848103,0.011231360172431233,3.1371339425462135,-0.011585124485927321,2.1674040891649016
2.64,-0.7458356435704391,2.039062470972947,0.011411905586274682,3.137478813797183,-0.010640989550958014,2.1674094155986694
2.66,-0.745839023368699,2.039075192341601,0.0115779959071888,3.137799296635123,-0.0097720215034413,2.1674133668033826
2.68,-0.74584213712167,2.0390868616600133,0.011730789251205059,3.138094274797844,-0.008972432748505807,2.1674172443408217
2.7,-0.745845007932469,2.0390975687349835,0.01187135084047403,3.1383657664284415,-0.00823670377908192,2.1674210582967435
2.72,-0.745847656806599,2.0391073953654124,0.012000660469693194,3.1386156316844707,-0.007559749157692736,2.1674248175139654
2.74,-0.7458501028282593,2.0391164160951756,0.012119619363740694,3.138845585523347,-0.00693688517755906,2.1674285295448406
2.76,-0.7458523633512022,2.039124698895521,0.012229056489779193,3.1390572085637656,-0.006363798855461326,2.1674322008464837
2.78,-0.7458544541686595,2.039132305779528,0.012329734361744015,3.1392519572591473,-0.005836519129392279,2.1674358369434805
2.8,-0.7458563896646986,2.039139293354503,0.012422354376376581,3.1394311733650344,-0.0053513901912360645,2.167439442567734
2.82,-0.7458581829493895,2.0391457133196806,0.012507561719728767,3.139596092750561,-0.004905046798064066,2.1674430217766965
2.84,-0.7458598459797154,2.0391516129147744,0.012585949878682366,3.1397478535814587,-0.004494391442062461,2.1674465780528887
2.86,-0.7458613896678411,2.0391570353246293,0.012658064789423079,3.1398875039085365,-0.004116573255945147,2.1674501143889553
2.88,-0.7458628239782621,2.0391620200445715,0.012724408652209362,3.1400160086963353,-0.0037689685349344016,2.167453633359487
2.9,-0.7458641580150692,2.0391666032105507,0.012785443439390753,3.1401342563266907,-0.003449162761552162,2.167457137182231
2.92,-0.7458654001004831,2.039170817897778,0.012841594121438333,3.140243064611282,-0.003154934025157639,2.1674606277699073
2.94,-0.7458665578455885,2.0391746943910496,0.012893251633740456,3.1403431863462843,-0.002884237734128399,2.16746410677448
2.96,-0.7458676382141647,2.039178260429694,0.012940775605068289,3.1404353144408517,-0.0026351925246820814,2.1674675756246073
2.98,-0.7458686475803317,2.039181541429699,0.012984496866921215,3.140520086649728,-0.0024060672763926328,2.167471035557639
3.0,-0.7458695917806863,2.039184560685314,0.01302471976140481,3.1405980899386368,-0.002195269150374828,2.167474487646818
3.02,-0.7458704761615063,2.0391873395521785,0.01306172426386446,3.140669864509468,-0.0020013325718442284,2.1674779328244553
3.04,-0.7458713056215297,2.039189897613791,0.013095767935184858,3.1407359075106265,-0.0018229090842557477,2.1674813719017143
3.06,-0.7458720846507678,2.0391922528329536,0.013127087717459514,3.1407966764562594,-0.0016587580074402279,2.1674848055855094
3.08,-0.7458728173657527,2.0391944216896403,0.01315590158562713,3.1408525923765005,-0.0015077378370919059,2.167488234492898
3.1,-0.7458735075415744,2.039196419306606,0.013182410066653771,3.1409040427193364,-0.0013687983276141587,2.1674916591634283
3.12,-0.7458741586410257,2.0391982595638827,0.013206797636906105,3.1409513840232495,-0.001240973204666636,2.167495080069661
3.14,-0.7458747738411347,2.0391999552032254,0.013229234007500885,3.1409949443784018,-0.0011233734578500805,2.1674984976262204
3.16,-0.74587535605734,2.039201517923437,0.013249875306628373,3.1410350256928283,-0.0010151811677275562,2.167501912197531
3.18,-0.7458755799052765,2.0392028704501612,0.013268783628463279,3.141078907689861,-0.0009245041200101882,2.1675022887205415
3.2,-0.7458757875586279,2.039204114260399,0.013286179097102753,3.1411192855776857,-0.0008410836280922717,2.1675026699408373
3.22,-0.7458759804108531,2.039205258127907,0.013302182773282675,3.1411564362133184,-0.0007643375222754353,2.167503055530819
3.24,-0.7458761596622053,2.0392063101178013,0.013316906020532567,3.1411906175212208,-0.000693731817657088,2.167503444744485
3.26,-0.7458763264146441,2.03920727763926,0.01333045129050573,3.1412220668163857,-0.0006287752458231144,2.167503836956289
3.28,-0.7458764816800475,2.039208167499641,0.013342912836334726,3.1412510024497404,-0.0005690158384402668,2.1675042316422735
3.3,-0.7458766263876977,2.0392089859540237,0.013354377368856918,3.141277625323035,-0.0005140377842595741,2.167504628364038
3.32,-0.7458767613911261,2.039209738750568,0.013364924660291197,3.141302120282833,-0.0004634585372840347,2.16750502675519
3.34,-0.7458768874743763,2.0392104311720716,0.01337462809957729,3.1413246574032323,-0.0004169261560788012,2.1675054265099147
3.36,-0.7458770053577344,2.039211068074044,0.013383555203251454,3.1413453931661715,-0.00037411685577501625,2.167505827373335
3.38,-0.7458771157029778,2.0392116539196072,0.01339176808542062,3.1413644715474858,-0.0003347327557904319,2.1675062291333567
3.4,-0.7458772191181798,2.0392121928114935,0.013399323890112141,3.1413820250162376,-0.00029849980764463913,2.167506631613829
3.42,-0.7458773161621142,2.039212688521392,0.01340627518901293,3.1413981754542113,-0.0002651658884732125,2.167507034668734
3.44,-0.7458774073482889,2.039213144516867,0.013412670347370126,3.1414130350019787,-0.00023449904701475683,2.1675074381773305
3.46,-0.7458774931486466,2.0392135639860562,0.013418553860603318,3.141426706837358,-0.0002062858898771326,2.167507842040034
3.48,-0.7458775739969558,2.0392139498603368,0.01342396666397389,3.141439285891692,-0.00018033009687453428,2.167508246174963
3.5,-0.7458775230643396,2.0392143287723776,0.013428830395098857,3.1414558358100515,-0.00015807864911622326,2.1675075453930956
3.52,-0.7458774733919483,2.039214677698384,0.013433305017467295,3.1414710623240754,-0.00013760745486338287,2.167506845367449
3.54,-0.7458774248855299,2.039214999042179,0.013437421661002159,3.1414850710457722,-0.00011877397740812629,2.1675061460084533
3.56,-0.7458773774525913,2.0392152950151594,0.013441208965340817,3.1414979593713492,-0.00010144719809510121,2.1675054472009916
3.58,-0.745877331007944,2.0392155676510577,0.013444693278751217,3.141509816907587,-8.550657970491628e-05,2.1675047488486556
3.6,-0.7458772854731318,2.0392158188202725,0.013447898841471366,3.141520726094784,-7.084122797240263e-05,2.167504050870792
3.62,-0.7458772407759039,2.039216050243034,0.013450847954377215,3.1415307627799014,-5.7349120175488704e-05,2.167503353200009
3.64,-0.7458771968497272,2.0392162635015003,0.013453561134153151,3.141539996743863,-4.493639543271517e-05,2.1675026557800665
3.66,-0.7458771536333371,2.039216460050873,0.0134560572560456,3.1415484921866956,-3.351670177063158e-05,2.167501958564101
3.68,-0.7458770822144547,2.0392166540697336,0.013458332987611113,3.1415584347709022,-2.3638580227420645e-05,2.1675010830754085
3.7,-0.7458770136815379,2.0392168332218317,0.013460426659633061,3.1415675819839834,-1.4550619952262213e-05,2.1675002078210084
3.72,-0.7458769478026596,2.03921699869763,0.013462352836580323,3.141575997501418,-6.189648334994638e-06,2.1674993327523944
3.74,-0.7458759603432434,2.0392161305975676,0.013465500067207013,-3.1415860002121248,-0.00010153804449495155,2.167497734111321
3.76,-0.7458760434323031,2.039216344509803,0.01346704487330054,-3.141581889731152,-8.532085485520678e-05,2.167497536395832
3.78,-0.7458761131756174,2.0392165391371413,0.013468458973295813,-3.141577595841962,-7.097756743466244e-05,2.167497419620881
3.8,-0.7458761780569683,2.039216718342569,0.013469759948939338,-3.141573645604773,-5.778150926767339e-05,2.167497303295811
3.82,-0.7458762265615666,2.039216880361112,0.013470920359440112,-3.1415698290340655,-4.5853032010803604e-05,2.167497320786495
3.84,-0.7458762712404324,2.039217029404995,0.013471987941091357,-3.141566317826574,-3.4878831426094714e-05,2.167497338593301
3.86,-0.7458763367100112,2.0392171761337363,0.013472957227005538,-3.1415650441823115,-2.2396158244505255e-05,2.1674973381897766
3.88,-0.7458764301405557,2.039217356115787,0.013474093117520791,-3.141563344273476,-8.071052170500834e-06,2.1674974482088643
3.9,-0.7458768123913346,2.0392176650457983,0.013475373477476944,-3.1415701317999387,2.0161706990843743e-05,2.167498569149323
3.92,-0.7458772631221392,2.0392177683910124,0.013476919052578912,-3.1415918575111372,4.7289473532346724e-05,2.1674994165971393
3.94,-0.7458771765554818,2.0392177451059714,0.013477890165034891,-3.1415880719573543,4.16568655283575e-05,2.1674993483590637
3.96,-0.7458774488260539,2.0392176524189147,0.01347926493386408,3.1415792820394937,5.002121348095919e-05,2.1674997240123295
3.98,-0.7458772840045426,2.039217675123153,0.013479969695768713,3.141589148149024,4.298170761575796e-05,2.1674996208544446
4.0,-0.7458770254244852,2.0392177113950223,0.013480468510357859,-3.1415811297727756,3.2011239332197766e-05,2.16749933656141
4.02,-0.7458772634705394,2.0392176673534514,0.013481569608412895,3.1415895568511503,4.137283224792525e-05,2.1674996614063415
4.04,-0.745877006305883,2.0392177047883306,0.013481940516995748,-3.141580758683539,3.0533260471343056e-05,2.1674993771959485
4.06,-0.7458772455803685,2.0392176618415427,0.01348292385506703,3.1415898982275,4.001310553471334e-05,2.167499702054833
4.08,-0.7458769895467089,2.0392177002846226,0.013483186424411013,-3.141580444620533,2.9282334583432397e-05,2.167499417842769
4.1,-0.745877229860885,2.0392176582644366,0.013484070090346982,3.1415901871439464,3.8862265189445715e-05,2.1674997427133516
4.12,-0.745876974784457,2.039217697560842,0.013484240961289381,-3.1415801788201487,2.8223580716718823e-05,2.167499458499766
4.14,-0.7458772159785872,2.039217656324914,0.01348504026466395,3.1415904316620713,3.78882213500543e-05,2.167499783380172
4.16,-0.7458769617123231,2.0392176963435613,0.013485133522019821,-3.1415799538658034,2.7327476722006622e-05,2.1674994991652246
4.18,-0.7458772036512129,2.039217655771414,0.013485861420865991,3.1415906386046255,3.7063813908821885e-05,2.1674998240538907
4.2,-0.7458769500706405,2.0392176964013577,0.013485888986031671,-3.1415797634806286,2.6569035749247176e-05,2.1674995398377375
4.22,-0.7458771926398665,2.0392176563910214,0.013486556448036847,3.1415908137459,3.636605519028838e-05,2.1674998647333554
4.24,-0.7458769396396375,2.0392176975383585,0.013486528411289915,-3.141579602352333,2.5927109513956888e-05,2.1674995805161466
4.26,-0.7458771827423566,2.0392176580035275,0.013487144719511825,3.1415909619728395,3.577548896765286e-05,2.16749990541762
4.28,-0.7458769302333084,2.039217699588781,0.013487069621269705,-3.1415794659849716,2.5383798610960284e-05,2.1674996211994926
4.3,-0.7458771737875559,2.039217660456408,0.013487642632894427,3.1415910874214084,3.5275647949619574e-05,2.167499946105902
4.32,-0.7458769216942247,2.039217702412309,0.013487527701772075,-3.1415793505734966,2.4923953398255144e-05,2.1674996618869824
4.34,-0.7458771656306292,2.0392176636205686,0.013488064067127081,3.1415911935919913,3.485259460339012e-05,2.167499986797554
4.36,-0.7458769138891452,2.0392177058901826,0.013487915421428874,-3.1415792528975857,2.453475157691919e-05,2.1674997025779548
4.38,-0.7458772024615031,2.039217711006066,0.013488428275239831,3.141590151320086,3.911622240512333e-05,2.167500111301291
4.4,-0.7458769472552195,2.039217750079853,0.013488250567022922,-3.1415802154242263,2.8459064582762488e-05,2.167499827154463
4.42,-0.7458771882746795,2.039217708655688,0.01348872910309805,3.1415903979388475,3.810490886111132e-05,2.16750015203405
4.44,-0.7458769338458141,2.039217748501549,0.013488527252235155,-3.1415799848348707,2.752679970023589e-05,2.167499867818477
4.46,-0.745877175636869,2.0392177077700446,0.013488983653638572,3.141590610072996,3.724722676327731e-05,2.1675001927064526
4.48,-0.7458769219186789,2.039217748253751,0.013488761439226954,-3.1415797896821047,2.673775097047993e-05,2.167499908489837
4.5,-0.7458771685722624,2.0392176988242228,0.013489162724509573,3.141590145219801,3.6127612748344294e-05,2.167500233359013
4.52,-0.7458769151093223,2.0392177405935565,0.013488926172301127,-3.1415802167699627,2.5707418344414106e-05,2.1674999491373836
4.54,-0.7458771676107697,2.0392176799829866,0.013489265844581502,3.1415888944161496,3.465558622748245e-05,2.167500273977524
4.56,-0.7458770207213433,2.0392177105852007,0.013489170553849886,-3.1415873161773695,2.8845958491165613e-05,2.16750017079583
4.58,-0.7458773057855322,2.0392176140749325,0.013489590262100172,3.1415790947078097,3.7508946840560005e-05,2.1675005465306936
4.6,-0.745877046441548,2.039217686685134,0.013489234326502352,-3.141588688436903,2.8598579444576874e-05,2.1675005321250844
4.62,-0.7458773298140936,2.0392175932997803,0.013489656281057189,3.141577956162805,3.738256482612937e-05,2.1675009078456173
4.64,-0.745877059027057,2.0392176675820957,0.013489266204082934,-3.141589056346674,2.8098463409502098e-05,2.1675008934474107
4.66,-0.7458773423732039,2.0392175748659738,0.013489685604220402,3.1415776177347228,3.692236571313736e-05,2.167501269167582
4.68,-0.7458770680621665,2.0392176500546313,0.013489283560360924,-3.1415891411573953,2.7547133145888902e-05,2.167501254771401
4.7,-0.7458773516665288,2.039217557882115,0.013489701570890402,3.141577539731896,3.6415112392779026e-05,2.167501630494921
4.72,-0.7458770764269914,2.0392176336681502,0.013489295042547507,-3.1415891374089937,2.703782379568582e-05,2.1675016160990834
4.74,-0.745877360343443,2.0392175419480294,0.013489712134131498,3.1415775431894617,3.594653556247232e-05,2.167501991826623
4.76,-0.7458770850027673,2.039217618183111,0.01348930369157327,-3.1415891090608965,2.6592532437355123e-05,2.1675019774306827
4.78,-0.7458773692145433,2.039217526843304,0.01348972009110828,3.141577569273767,3.553686137612809e-05,2.167502353161994
4.8,-0.7458770940165153,2.0392176034396114,0.013489310655522653,-3.141589076677205,2.621090887169844e-05,2.167502338765905
4.82,-0.745877378488639,2.0392175124208145,0.013489726497894703,3.1415775990688912,3.518576387926786e-05,2.167502714500508
4.84,-0.7458771034874343,2.039217589316593,0.013489316430875756,-3.141589046472939,2.5886333953054682e-05,2.1675027001043428
4.86,-0.7458773881833726,2.0392174985691827,0.013489731811198079,3.141577626858076,3.488715215367332e-05,2.1675030758417457
4.88,-0.7458771133741242,2.0392175757163566,0.013489321279430675,-3.1415890199783334,2.561109776229575e-05,2.1675030614456063
4.9,-0.7458773982606466,2.039217485198521,0.01348973627185461,3.1415776512338924,3.4633932604968754e-05,2.167503437185365
4.92,-0.7458771236223284,2.0392175625577966,0.013489325369963587,-3.1415889972451976,2.5377972231746117e-05,2.167503422789354
4.94,-0.7458774086705391,2.0392174722342107,0.013489740035132574,3.1415776721488347,3.441945521888239e-05,2.167503798531085
4.96,-0.7458771341797192,2.0392175497727965,0.013489328827721817,-3.1415889779029302,2.5180605478221285e-05,2.1675037841352935
4.98,-0.7458774193649048,2.0392174596135826,0.013489743216257668,3.141577689943934,3.4237876174868137e-05,2.1675041598786713
5.0,-0.7458771449998726,2.0392175373038803,0.013489331752845026,-3.1415889614997075,2.5013543325563752e-05,2.1675041454831794
5.02,-0.7458774303010306,2.039217447283758,0.013489745907357872,3.1415777050349147,3.408417757783969e-05,2.167504521227928
5.04,-0.7458771560427842,2.0392175251024596,0.01348933422813379,-3.141588947607063,2.4872143436664247e-05,2.1675045068328065
5.06,-0.7458774414421099,2.0392174352000336,0.013489748184609632,3.1415777178159994,3.3954088440990216e-05,2.167504882578693
5.08,-0.7458771672743578,2.03921751312743,0.013489336323017019,-3.1415889358470017,2.475246795308705e-05,2.167504868184002
5.1,-0.7458774527567723,2.0392174233245934,0.013489750111887605,3.141577728634971,3.3843985904672444e-05,2.1675052439308296
5.12,-0.7458771786656562,2.039217501344009,0.013489338096040727,-3.1415889258944767,2.465118104939323e-05,2.1675052295366215
5.14,-0.7458774642183936,2.039217411625436,0.013489751743054194,3.1415777377908913,3.3750800988620124e-05,2.167505605284224
5.16,-0.7458771901921607,2.0392174897227573,0.013489339596684729,-3.141588917472671,2.456545838418054e-05,2.167505590890543
5.18,-0.7458774758044152,2.039217400075477,0.013489753123630932,3.141577745538453,3.3671935277777666e-05,2.167505966638781
5.2,-0.7458772018331105,2.0392174782387613,0.013489340866803687,-3.1415889103467216,2.4492909162774652e-05,2.167505952245664
5.22,-0.745877487495736,2.0392173886517955,0.013489754292124167,3.141577752093744,3.360518922364084e-05,2.167506327994419
5.24,-0.7458772135709313,2.0392174668709333,0.01348934194181455,-3.1415889043176555,2.4431509753136244e-05,2.167506313601899
5.26,-0.7458774992761865,2.0392173773349898,0.013489755281117564,3.141577757639831,3.3548701075506505e-05,2.167506689351071
5.28,-0.7458772253907473,2.0392174556014253,0.013489342851690872,-3.1415888992170045,2.437954736104676e-05,2.167506674959175
5.3,-0.7458775111320801,2.0392173661086397,0.013489756118186876,3.1415777623317176,3.3500895044582145e-05,2.1675070507086796
5.32,-0.7458772372799677,2.0392174444151316,0.01348934362180081,-3.1415888949021555,2.4335572288774587e-05,2.1675070363174314
5.34,-0.7458775230518325,2.0392173549588475,0.01348975682667082,3.1415777663006157,3.346043740357852e-05,2.1675074120671973
5.36,-0.7458772492279357,2.039217433299267,0.013489344273615221,-3.1415888912523995,2.429835754064307e-05,2.167507397676617
5.38,-0.7458775350256388,2.0392173438738506,0.01348975742632265,3.1415777696575855,3.342619930784134e-05,2.1675077734265837
5.4,-0.7458772612256317,2.0392174222430097,0.013489344825306534,-3.1415888881655665,2.4266864606286957e-05,2.1675077590366874
5.42,-0.7458775470452005,2.0392173328436924,0.013489757933861026,3.14157777249663,3.339722531822321e-05,2.1675081347868037
5.44,-0.7458772732654215,2.039217411237201,0.013489345292255518,-3.1415888855551812,2.4240214508648042e-05,2.167508120397606
5.46,-0.7458775591034935,2.0392173218599474,0.013489758363436289,3.141577774897313,3.3372706771469534e-05,2.1675084961478293
5.48,-0.7458772853408436,2.039217400274089,0.013489345687480192,-3.1415888833480534,2.4217663300028095e-05,2.1675084817593424
5.5,-0.745877571194573,2.0392173109154825,0.013489758727025047,3.1415777769269715,3.335195923137891e-05,2.1675088575096355
5.52,-0.7458772974464293,2.039217389347112,0.01348934602199871,-3.1415888814822353,2.4198581314889872e-05,2.16750884312187
5.54,-0.7458775833134074,2.039217300004262,0.013489759034764019,3.141577778642605,3.3334403399438016e-05,2.1675092188722025
5.56,-0.7458773095775499,2.0392173784507173,0.013489346305136691,-3.141588879905296,2.4182435617753742e-05,2.167509204485166
5.58,-0.745877595455738,2.039217289121177,0.013489759295232799,3.1415777800924514,3.3319548972171436e-05,2.1675095802355115
5.6,-0.7458773217302876,2.039217367580205,0.013489346544787097,-3.141588878572856,2.416877513837751e-05,2.1675095658492127
5.62,-0.7458776076179602,2.039217278261903,0.013489759515692912,3.1415777813173413,3.330698096327018e-05,2.1675099415995494
5.64,-0.7458773339013267,2.0392173567315965,0.01348934674763045,-3.1415888774473584,2.4157218103011274e-05,2.167509927213994
5.66,-0.7458776197970234,2.0392172674227798,0.013489759702290459,3.141577782351832,3.3296348137805816e-05,2.167510302964303
5.68,-0.7458773460878607,2.039217345901525,0.013489346919320964,-3.141588876497011,2.4147441384074846e-05,2.1675102885794963
5.7,-0.7458776319903454,2.0392172566007103,0.013489759860227341,3.1415777832251726,3.3287353214627904e-05,2.167510664329762
5.72,-0.7458773582875143,2.039217335087141,0.013489347064644308,-3.1415888756949095,2.4139171492246887e-05,2.1675106499457084
5.74,-0.7458776441957409,2.039217245793072,0.013489759993906357,3.1415777839621186,3.327974458251957e-05,2.167511025695917
5.76,-0.7458773704982771,2.0392173242860316,0.013489347187650968,-3.141588875018279,2.413217695043654e-05,2.167511011312621
5.78,-0.74587765641136,2.039217234997646,0.013489760107054001,3.141577784583622,3.3273309281771944e-05,2.167511387062761
5.8,-0.7458773827184474,2.0392173134961564,0.013489347291769182,-3.1415888744478457,2.4126261841970007e-05,2.167511372680225
5.82,-0.7458776686356371,2.0392172242125546,0.01348976020282424,3.1415777851074185,3.326786706572229e-05,2.1675117484302877
5.84,-0.745877394946585,2.0392173027157874,0.013489347379900584,-3.1415888739672946,2.4121260343518833e-05,2.167511734048515
5.86,-0.7458776808672473,2.0392172134362077,0.013489760283886541,3.1415777855485167,3.326326537920644e-05,2.167512109798492
5.88,-0.7458774071814709,2.0392172919434617,0.013489347454501045,-3.14158887356282,2.4117032111960616e-05,2.167512095417484
5.9,-0.7458776931050689,2.0392172026672597,0.013489760352500374,3.14157778591962,3.325937510232311e-05,2.167512471167368
5.92,-0.7458774194220735,2.0392172811779417,0.013489347517649145,-3.141588873222734,2.411345835760724e-05,2.1675124567871276
5.94,-0.7458777053481528,2.039217191904572,0.013489760410578028,3.14157778623148,3.325608694985181e-05,2.167512832536913
5.96,-0.7458774316675196,2.0392172704181797,0.013489347571104189,-3.141588872937146,2.411043854061389e-05,2.167512818157442
5.98,-0.7458777175956955,2.039217181147181,0.013489760459738022,3.141577786493201,3.325330842181127e-05,2.1675131939071237
6.0,-0.74587744391707,2.0392172596632894,0.013489347616355198,-3.1415888726976826,2.4107887564710152e-05,2.1675131795284233
6.02,-0.7458777298470171,2.039217170394271,0.013489760501350314,3.1415777867124834,3.3250961230498614e-05,2.167513555277997
6.04,-0.7458774561700993,2.03921724891252,0.013489347654662488,-3.141588872497259,2.4105733406782222e-05,2.1675135409000683
6.06,-0.745877742101542,2.039217159645151,0.013489760536574344,3.141577786895846,3.324897911722267e-05,2.167513916649531
6.08,-0.7458774684260779,2.0392172381652367,0.013489347687092722,-3.1415888723298786,2.410391511053471e-05,2.1675139022723746
6.1,-0.7458777543587831,2.039217148899237,0.013489760566391486,3.1415777870488077,3.3247305995901085e-05,2.1675142780217236
6.12,-0.7458774806845578,2.0392172274209015,0.013489347714548747,-3.141588872190465,2.4102381079891713e-05,2.1675142636453404
6.14,-0.745877766618328,2.0392171381560344,0.013489760591632356,3.1415777871760375,3.3245894402558707e-05,2.1675146393945726
6.16,-0.7458774929451596,2.039217216679059,0.013489347737794685,-3.141588872074722,2.4101087647080886e-05,2.167514625018964
6.18,-0.7458777788798279,2.039217127415124,0.013489760612999915,3.141577787281489,3.3244704160886795e-05,2.167515000768077
6.2,-0.7458775052075624,2.0392172059393245,0.013489347757477272,-3.141588871979013,2.4099997852859265e-05,2.1675149863932432
6.22,-0.7458777911429872,2.039217116676152,0.013489760631089193,3.141577787368508,3.324370126739951e-05,2.167515362142235
6.24,-0.7458775174714944,2.0392171952013722,0.013489347774143906,-3.141588871900261,2.409908041283143e-05,2.167515347768177
6.26,-0.7458778034075563,2.0392171059388184,0.013489760646403781,3.141577787439926,3.3242856941099764e-05,2.167515723517047
6.28,-0.7458775297367257,2.0392171844649263,0.013489347788257887,-3.1415888718358604,2.4098308850642942e-05,2.1675157091437645
6.3,-0.7458778156733233,2.03921709520287,0.01348976065936994,3.1415777874981385,3.324214682443037e-05,2.1675160848925112
6.32,-0.7458775420030618,2.039217173729753,0.013489347800211366,-3.1415888717836076,2.4097660758469387e-05,2.167516070520005
6.34,-0.7458778279401093,2.039217084468091,0.013489760670348414,3.1415777875451756,3.3241550299634666e-05,2.1675164462686274
6.36,-0.7458775542703376,2.039217162995655,0.013489347810336217,-3.141588871741635,2.409711716628489e-05,2.167516431896897
6.38,-0.7458778402077626,2.0392170737343,0.013489760679644558,3.141577787582754,3.324104991530549e-05,2.1675168076453937
6.4,-0.7458775665384141,2.0392171522624642,0.013489347818913377,-3.1415888717083638,2.4096662021168372e-05,2.1675167932744404
6.42,-0.745877852476155,2.0392170630013426,0.01348976068751683,3.141577787612326,3.324063090388584e-05,2.1675171690228106
6.44,-0.745877578807173,2.0392171415300395,0.013489347826180595,-3.141588871682458,2.40962817372004e-05,2.167517154652634
6.46,-0.7458778647451779,2.0392170522690893,0.01348976069418395,3.1415777876351205,3.324028076602614e-05,2.1675175304008776
6.48,-0.7458775910765145,2.0392171307982614,0.013489347832339097,-3.141588871662787,2.409596481617928e-05,2.167517516031478
6.5,-0.7458778770147395,2.0392170415374293,0.013489760699831032,3.141577787652181,3.323998892019315e-05,2.1675178917795943
6.52,-0.7458776033463542,2.039217120067028,0.013489347837559184,-3.141588871648391,2.4095701521887356e-05,2.1675178774109725
6.54,-0.7458778892847621,2.03921703080627,0.013489760704614787,3.141577787664386,3.323974641381048e-05,2.1675182531589603
6.56,-0.7458776156166205,2.039217109336254,0.013489347841985015,-3.1415888716384606,2.4095483617801204e-05,2.167518238791116
6.58,-0.7458779015551795,2.0392170200755313,0.013489760708667812,3.1415777876724835,3.323954566497377e-05,2.1675186145389755
6.6,-0.7458776278872526,2.039217098605866,0.013489347845738629,-3.1415888716323095,2.409530412901273e-05,2.1675186001719084
6.62,-0.7458779138259364,2.039217009345147,0.013489760712102398,3.1415777876771034,3.323938025907067e-05,2.1675189759196387
6.64,-0.7458776401581996,2.0392170878758034,0.013489347848923269,-3.141588871629357,2.409515715563921e-05,2.1675189615533497
6.66,-0.7458779260969853,2.039216998615061,0.013489760715013536,3.14157778767878,3.323924476747162e-05,2.1675193373009516
6.68,-0.7458776524294178,2.0392170771460134,0.013489347851626357,-3.141588871629113,2.4095037702772188e-05,2.1675193229354397
6.7,-0.7458779383682865,2.039216987885225,0.013489760717481642,3.1415777876779654,3.323913459532497e-05,2.167519698682912
6.72,-0.7458776647008707,2.039217066416452,0.013489347853921857,-3.1415888716311606,2.4094941542894235e-05,2.1675196843181785
6.74,-0.7458779506398061,2.039216977155598,0.013489760719574759,3.1415777876750424,3.3239045852271624e-05,2.167520060065521
6.76,-0.745877676972527,2.0392170556870823,0.013489347855872379,-3.141588871635147,2.4094865096720266e-05,2.1675200457015658
6.78,-0.7458779629115155,2.0392169664261464,0.013489760721350514,3.1415777876703346,3.323897524633904e-05,2.167520421448779
6.8,-0.7458776892443606,2.039217044957873,0.013489347857530939,-3.141588871640776,2.4094805337730493e-05,2.167520407085601
6.82,-0.7458779751833906,2.0392169556968405,0.013489760722857642,3.1415777876641164,3.323891999280222e-05,2.167520782832685
6.84,-0.7458777015163491,2.0392170342287965,0.013489347858942348,-3.1415888716477935,2.4094759700562817e-05,2.167520768470285
6.86,-0.7458779874554108,2.0392169449676567,0.013489760724137418,3.14157778765662,3.323887773081934e-05,2.1675211442172384
6.88,-0.7458777137884738,2.039217023499831,0.013489347860144612,-3.1415888716559874,2.4094726016450328e-05,2.1675211298556163
6.9,-0.7458779997275589,2.0392169342385733,0.013489760725224762,3.141577787648042,3.323884646625412e-05,2.1675215056024397
6.92,-0.7458777260607187,2.039217012770957,0.013489347861169848,-3.141588871665176,2.409470244924758e-05,2.1675214912415965
6.94,-0.7458780119998201,2.0392169235095734,0.013489760726149214,3.1415777876385484,3.323882450909105e-05,2.1675218669882894
6.96,-0.7458777383330701,2.0392170020421583,0.013489347862045227,-3.1415888716752076,2.4094687444865295e-05,2.1675218526282234
6.98,-0.745878024272182,2.0392169127806414,0.013489760726935831,3.141577787628279,3.323881043053282e-05,2.167522228374786
7.0,-0.745877750605517,2.0392169913134213,0.013489347862793807,-3.141588871685953,2.4094679689003034e-05,2.167522214015499
7.02,-0.7458780365446341,2.039216902051765,0.013489760727605795,3.1415777876173534,3.323880302011796e-05,2.167522589761932
7.04,-0.7458777628780493,2.0392169805847344,0.013489347863435048,-3.1415888716973006,2.40946780669479e-05,2.167522575403422
7.06,-0.7458780488171676,2.039216891322934,0.013489760728176994,3.1415777876058724,3.323880125387149e-05,2.167522951149725
7.08,-0.745877775150659,2.0392169698560876,0.013489347863985427,-3.14158887170916,2.409468163684774e-05,2.167522936791994
7.1,-0.7458780610897748,2.039216880594138,0.013489760728664604,3.1415777875939224,3.3238804261952964e-05,2.167523312538166
7.12,-0.7458777874233392,2.0392169591274727,0.01348934786445892,-3.141588871721451,2.409468960074042e-05,2.167523298181213
7.14,-0.7458780733624495,2.0392168698653705,0.013489760729081476,3.141577787581574,3.323881131379539e-05,2.1675236739272545
7.16,-0.745877799696084,2.0392169483988827,0.013489347864867328,-3.141588871734108,2.4094701283022816e-05,2.1675236595710796
7.18,-0.7458780856351862,2.039216859136625,0.01348976072943847,3.14157778756889,3.3238821786116643e-05,2.1675240353169904
7.2,-0.7458778119688885,2.0392169376703113,0.013489347865220672,-3.1415888717470746,2.4094716113088997e-05,2.167524020961594
7.22,-0.7458780979079803,2.0392168484078956,0.013489760729744803,3.14157778755592,3.3238835156125194e-05,2.1675243967073747
7.24,-0.7458778242417484,2.039216926941754,0.013489347865527383,-3.1415888717603035,2.4094733608707365e-05,2.167524382352756
7.26,-0.7458781101808281,2.039216837679178,0.01348976073000825,3.1415777875427087,3.3238850976102535e-05,2.167524758098406
7.28,-0.7458778365146602,2.0392169162132068,0.013489347865794648,-3.141588871773755,2.409475335893318e-05,2.167524743744566
7.3,-0.7458781224537262,2.0392168269504682,0.013489760730235377,3.141577787529293,3.323886887171533e-05,2.1675251194900857
7.32,-0.7458778487876209,2.0392169054846647,0.013489347866028506,-3.141588871787394,2.4094775017925765e-05,2.1675251051370235
7.34,-0.7458781347266717,2.0392168162217628,0.013489760730431788,3.1415777875157054,3.3238888523173036e-05,2.1675254808824125
7.36,-0.7458778610606278,2.039216894756126,0.013489347866234085,-3.141588871801191,2.4094798291376704e-05,2.1675254665301287
7.38,-0.7458781469996625,2.039216805493059,0.01348976073060218,3.1415777875019715,3.323890965986243e-05,2.167525842275387
7.4,-0.7458778733336789,2.039216884027588,0.013489347866415752,-3.141588871815123,2.4094822931979522e-05,2.1675258279238814
7.42,-0.7458781592726965,2.0392167947643545,0.013489760730750576,3.1415777874881137,3.3238932054290935e-05,2.1675262036690093
7.44,-0.7458778856067725,2.039216873299048,0.013489347866577177,-3.141588871829169,2.4094848730538507e-05,2.167526189318282
7.46,-0.7458781715457722,2.0392167840356468,0.013489760730880348,3.141577787474151,3.323895551444258e-05,2.1675265650632793
7.48,-0.7458778978799069,2.039216862570504,0.01348934786672146,-3.1415888718433114,2.409487550873896e-05,2.16752655071333
7.5,-0.7458781838188879,2.039216773306935,0.01348976073099434,3.1415777874600987,3.323897987720735e-05,2.1675269264581964
7.52,-0.7458779101530807,2.0392168518419553,0.013489347866851225,-3.1415888718575355,2.4094903117235276e-05,2.1675269121090257
7.54,-0.7458781960920426,2.0392167625782176,0.013489760731094994,3.1415777874459723,3.3239005000917145e-05,2.1675272878537615
7.56,-0.7458779224262929,2.0392168411134,0.01348934786696871,-3.1415888718718286,2.4094931426252048e-05,2.167527273505369
7.58,-0.7458782083652351,2.0392167518494926,0.013489760731184337,3.1415777874317823,3.323903076990897e-05,2.1675276492499744
7.6,-0.7458779346995426,2.0392168303848366,0.013489347867075813,-3.1415888718861797,2.4094960328057818e-05,2.16752763490236
7.62,-0.7458782206384648,2.0392167411207596,0.013489760731264134,3.1415777874175386,3.323905708562746e-05,2.167528010646835
7.64,-0.7458779469728289,2.039216819656265,0.013489347867174121,-3.1415888719005807,2.409498973342664e-05,2.1675279962999987
7.66,-0.7458782329117307,2.0392167303920172,0.01348976073133583,3.1415777874032496,3.323908386364266e-05,2.1675283720443423
7.68,-0.7458779592461513,2.039216808927683,0.01348934786726498,-3.1415888719150233,2.409501956437706e-05,2.167528357698285
7.7,-0.7458782451850323,2.039216719663265,0.013489760731400688,3.141577787388922,3.3239111033123096e-05,2.167528733442498
7.72,-0.7458779715195091,2.039216798199092,0.013489347867349549,-3.141588871929502,2.4095049756089787e-05,2.1675287190972186
7.74,-0.7458782574583691,2.039216708934503,0.013489760731459743,3.1415777873745614,3.323913853449144e-05,2.1675290948413015
7.76,-0.7458779837929018,2.03921678747049,0.01348934786742878,-3.14158887194401,2.409508025178482e-05,2.1675290804968
7.78,-0.7458782697317407,2.0392166982057294,0.0134897607315139,3.141577787360173,3.323916631657865e-05,2.1675294562407523
7.8,-0.7458779960663291,2.0392167767418763,0.013489347867503488,-3.1415888719585436,2.409511100557734e-05,2.167529441897029
7.82,-0.7458782820051466,2.0392166874769444,0.013489760731563893,3.1415777873457618,3.323919433478012e-05,2.1675298176408506
7.84,-0.7458780083397906,2.039216766013251,0.013489347867574395,-3.1415888719730987,2.4095141976740134e-05,2.1675298032979056
7.86,-0.7458782942785865,2.039216676748148,0.013489760731610378,3.1415777873313306,3.3239222553306084e-05,2.1675301790415964
7.88,-0.7458780206132859,2.039216755284614,0.013489347867642054,-3.1415888719876714,2.4095173133112548e-05,2.16753016469943
7.9,-0.7458783065520602,2.039216666019339,0.01348976073165389,3.1415777873168826,3.3239250943007366e-05,2.16753054044299
7.92,-0.745878032886815,2.0392167445559646,0.013489347867706978,-3.1415888720022602,2.40952044465159e-05,2.167530526101602
7.94,-0.7458783188255675,2.0392166552905175,0.013489760731694873,3.1415777873024213,3.3239279475812784e-05,2.1675309018450313
7.96,-0.7458780451603775,2.0392167338273026,0.013489347867769596,-3.141588872016862,2.4095235891624223e-05,2.1675308875044212
7.98,-0.7458783310991082,2.0392166445616837,0.013489760731733762,3.1415777872879467,3.323930813104828e-05,2.16753126324772
8.0,-0.7458780574339732,2.0392167230986282,0.01348934786783026,-3.141588872031475,2.4095267449830663e-05,2.1675312489078884
8.02,-0.745878343372682,2.039216633832837,0.013489760731770816,3.1415777872734623,3.323933688951953e-05,2.1675316246510565
8.04,-0.7458780697076021,2.039216712369941,0.013489347867889254,-3.141588872046097,2.409529910200405e-05,2.167531610312003
8.06,-0.7458783556462889,2.039216623103978,0.013489760731806352,3.141577787258969,3.323936573517068e-05,2.16753198605504
8.08,-0.7458780819812639,2.039216701641241,0.01348934786794683,-3.1415888720607272,2.409533083478447e-05,2.167531971716765
8.1,-0.7458783679199287,2.0392166123751054,0.013489760731840593,3.1415777872444695,3.3239394654439965e-05,2.167532347459672
8.12,-0.7458780942549587,2.0392166909125273,0.013489347868003243,-3.141588872075364,2.4095362635661383e-05,2.167532333122175
8.14,-0.7458783801936013,2.0392166016462197,0.013489760731873746,3.1415777872299633,3.323942363604795e-05,2.1675327088649516
8.16,-0.7458781065286862,2.0392166801838005,0.013489347868058645,-3.1415888720900065,2.4095394494001175e-05,2.1675326945282327
8.18,-0.7458783924673068,2.0392165909173205,0.013489760731905984,3.1415777872154513,3.323945267090423e-05,2.167533070270878
8.2,-0.7458781188024466,2.0392166694550604,0.01348934786811319,-3.1415888721046534,2.4095426400417703e-05,2.1675330559349377
8.22,-0.7458784047410449,2.0392165801884077,0.013489760731937406,3.1415777872009354,3.323948175029874e-05,2.1675334316774526
8.24,-0.7458781310762396,2.0392166587263065,0.013489347868167006,-3.141588872119305,2.4095458348545095e-05,2.1675334173422907
8.26,-0.7458784170148158,2.0392165694594815,0.013489760731968201,3.141577787186416,3.3239510867857333e-05,2.1675337930846745
8.28,-0.7458781433500652,2.0392166479975393,0.013489347868220236,-3.1415888721339593,2.409549033144944e-05,2.1675337787502906
8.3,-0.7458784292886191,2.039216558730542,0.013489760731998417,3.141577787171893,3.323954001778647e-05,2.1675341544925444
8.32,-0.7458781556239233,2.039216637268759,0.01348934786827293,-3.1415888721486174,2.4095522344273736e-05,2.1675341401589385
8.34,-0.7458784415624551,2.0392165480015887,0.013489760732028152,3.141577787157367,3.323956919501405e-05,2.1675345159010617
8.36,-0.745878167897814,2.039216626539964,0.01348934786832518,-3.1415888721632776,2.409555438239517e-05,2.1675345015682344
8.38,-0.7458784538363236,2.0392165372726216,0.013489760732057475,3.1415777871428396,3.323959839425837e-05,2.1675348773102265
8.4,-0.7458781801717372,2.039216615811156,0.013489347868377065,-3.1415888721779393,2.4095586440384595e-05,2.167534862978177
8.42,-0.7458784661102245,2.0392165265436413,0.013489760732086475,3.14157778712831,3.3239627614137023e-05,2.167535238720039
8.44,-0.7458781924456929,2.0392166050823346,0.013489347868428644,-3.141588872192604,2.409561851867351e-05,2.167535224388768
8.46,-0.7458784783841578,2.039216515814647,0.013489760732115193,3.141577787113778,3.323965685116913e-05,2.1675356001304986
8.48,-0.7458782047196809,2.039216594353499,0.013489347868479946,-3.1415888722072696,2.409565061118135e-05,2.167535585800006
8.5,-0.7458784906581236,2.039216505085639,0.01348976073214365,3.141577787099245,3.323968610148994e-05,2.1675359615416063
8.52,-0.7458782169937015,2.0392165836246496,0.013489347868531024,-3.141588872221936,2.409568271583259e-05,2.167535947211892
8.54,-0.7458785029321219,2.039216494356617,0.013489760732171912,3.1415777870847106,3.323971536369932e-05,2.167536322953361
8.56,-0.7458782292677544,2.0392165728957865,0.013489347868581912,-3.141588872236604,2.409571483126804e-05,2.1675363086244253
8.58,-0.7458785152061524,2.0392164836275812,0.013489760732199995,3.141577787070176,3.323974463442049e-05,2.167536684365764
8.6,-0.7458782415418397,2.0392165621669096,0.013489347868632666,-3.141588872251273,2.409574695659801e-05,2.1675366700376064
8.62,-0.7458785274802154,2.039216472898532,0.01348976073222794,3.14157778705564,3.3239773914950705e-05,2.167537045778815
8.64,-0.7458782538159573,2.0392165514380194,0.013489347868683261,-3.1415888722659426,2.4095779089342613e-05,2.167537031451435
8.66,-0.7458785397543107,2.039216462169469,0.013489760732255747,3.1415777870411037,3.323980320228229e-05,2.167537407192513
8.68,-0.7458782660901073,2.039216540709115,0.013489347868733749,-3.1415888722806127,2.4095811228940982e-05,2.1675373928659116
8.7,-0.7458785520284384,2.039216451440392,0.01348976073228346,3.141577787026566,3.3239832496037416e-05,2.1675377686068584
8.72,-0.7458782783642897,2.0392165299801968,0.013489347868784132,-3.141588872295283,2.4095843372971207e-05,2.1675377542810357
8.74,-0.7458785643025985,2.0392164407113014,0.013489760732311068,3.1415777870120283,3.3239861795082004e-05,2.1675381300218524
8.76,-0.7458782906385044,2.039216519251265,0.013489347868834432,-3.141588872309955,2.4095875523827698e-05,2.1675381156968077
8.78,-0.7458785765767908,2.0392164299821967,0.013489760732338605,3.1415777869974906,3.3239891097640336e-05,2.167538491437493
8.8,-0.7458783029127514,2.039216508522319,0.013489347868884678,-3.141588872324627,2.4095907677866736e-05,2.1675384771132267
8.82,-0.7458785888510154,2.0392164192530786,0.013489760732366088,3.1415777869829515,3.323992040537271e-05,2.167538852853782
8.84,-0.7458783151870307,2.0392164977933596,0.013489347868934843,-3.141588872339299,2.4095939836011745e-05,2.167538838530294
8.86,-0.7458786011252725,2.0392164085239464,0.013489760732393509,3.141577786968412,3.323994971581481e-05,2.1675392142707177
8.88,-0.7458783274613424,2.039216487064386,0.013489347868984963,-3.1415888723539713,2.4095971995446183e-05,2.1675391999480085
8.9,-0.7458786133995619,2.0392163977948,0.013489760732420891,3.141577786953873,3.3239979028554696e-05,2.1675395756883016
8.92,-0.7458783397356865,2.0392164763353984,0.013489347869035058,-3.1415888723686445,2.4096004159219607e-05,2.167539561366371
8.94,-0.7458786256738836,2.03921638706564,0.013489760732448229,3.1415777869393335,3.32400083443088e-05,2.1675399371065334
8.96,-0.7458783520100629,2.039216465606397,0.013489347869085086,-3.1415888723833167,2.4096036323144837e-05,2.16753992278538
8.98,-0.7458786379482376,2.039216376336466,0.013489760732475523,3.1415777869247945,3.324003766006818e-05,2.1675402985254117
9.0,-0.7458783642844715,2.039216454877382,0.013489347869135113,-3.1415888723979895,2.4096068489050275e-05,2.1675402842050375
9.02,-0.7458786502226239,2.0392163656072784,0.013489760732502794,3.1415777869102546,3.3240066978407426e-05,2.1675406599449385
9.04,-0.7458783765589125,2.039216444148353,0.0134893478691851,-3.1415888724126626,2.4096100656590208e-05,2.1675406456253423
9.06,-0.7458786624970426,2.039216354878077,0.01348976073253005,3.141577786895714,3.324009629866654e-05,2.1675410213651127
9.08,-0.7458783888333859,2.0392164334193104,0.013489347869235072,-3.141588872427336,2.4096132826696803e-05,2.167541007046295
9.1,-0.7458786747714936,2.0392163441488615,0.013489760732557294,3.1415777868811743,3.324012561928282e-05,2.1675413827859344
9.12,-0.7458784011078915,2.0392164226902536,0.01348934786928503,-3.14158887244201,2.4096164996529417e-05,2.167541368467895
9.14,-0.7458786870459768,2.039216333419632,0.013489760732584507,3.1415777868666344,3.324015494119396e-05,2.167541744207404
9.16,-0.7458784133824294,2.039216411961183,0.013489347869334964,-3.1415888724566834,2.4096197167694865e-05,2.167541729890143
9.18,-0.7458786993204924,2.0392163226903888,0.013489760732611714,3.141577786852094,3.3240184263986577e-05,2.1675421056295217
9.2,-0.7458784256569997,2.0392164012320984,0.013489347869384894,-3.141588872471357,2.409622933997557e-05,2.1675420913130385
9.22,-0.7458787115950404,2.0392163119611317,0.013489760732638906,3.1415777868375536,3.324021358699694e-05,2.167542467052286
9.24,-0.7458784379316022,2.0392163905030003,0.013489347869434811,-3.1415888724860306,2.4096261511796804e-05,2.167542452736581
9.26,-0.7458787238696206,2.039216301231861,0.013489760732666091,3.1415777868230133,3.32402429115593e-05,2.1675428284756983
9.28,-0.7458784502062372,2.039216379773888,0.013489347869484712,-3.1415888725007046,2.409629368552887e-05,2.1675428141607718
9.3,-0.7458787361442332,2.039216290502576,0.013489760732693262,3.141577786808473,3.324027223510255e-05,2.167543189899758
9.32,-0.7458784624809044,2.0392163690447616,0.013489347869534615,-3.141588872515378,2.409632585851164e-05,2.16754317558561
9.34,-0.745878748418878,2.039216279773277,0.013489760732720447,3.141577786793932,3.3240301560029755e-05,2.1675435513244654
9.36,-0.7458784747556039,2.0392163583156218,0.013489347869584516,-3.1415888725300523,2.4096358032245305e-05,2.1675435370110954
9.38,-0.7458787606935552,2.0392162690439646,0.0134897607327476,3.1415777867793917,3.324033088620953e-05,2.1675439127498204
9.4,-0.7458784870303358,2.0392163475864677,0.013489347869634398,-3.1415888725447263,2.409639020791473e-05,2.167543898437229
9.42,-0.7458787729682647,2.039216258314638,0.013489760732774754,3.1415777867648504,3.324036021270739e-05,2.1675442741758233
9.44,-0.7458784993050999,2.0392163368573,0.01348934786968427,-3.1415888725594003,2.409642238312095e-05,2.1675442598640102
9.46,-0.7458787852430064,2.0392162475852973,0.013489760732801906,3.1415777867503096,3.3240389538697075e-05,2.1675446356024737
9.48,-0.7458785115798963,2.039216326128118,0.013489347869734145,-3.1415888725740744,2.4096454557914547e-05,2.167544621291439
9.5,-0.7458787975177805,2.039216236855943,0.013489760732829058,3.141577786735769,3.324041886488111e-05,2.167544997029772
9.52,-0.7458785238547251,2.0392163153989227,0.013489347869784021,-3.1415888725887484,2.4096486732939985e-05,2.1675449827195155
9.54,-0.7458788097925869,2.039216226126575,0.01348976073285619,3.141577786721228,3.324044819204178e-05,2.1675453584577173
9.56,-0.7458785361295861,2.039216304669713,0.013489347869833884,-3.1415888726034225,2.4096518908573748e-05,2.1675453441482393
9.58,-0.7458788220674256,2.0392162153971927,0.013489760732883337,3.141577786706687,3.324047751874765e-05,2.1675457198863106
9.6,-0.7458785484044794,2.03921629394049,0.013489347869883749,-3.141588872618097,2.4096551084498643e-05,2.167545705577611
9.62,-0.7458788343422966,2.039216204667797,0.013489760732910474,3.1415777866921464,3.324050684604326e-05,2.1675460813155514
9.64,-0.7458785606794051,2.039216283211253,0.01348934786993361,-3.141588872632771,2.4096583260604495e-05,2.1675460670076303
9.66,-0.7458788466171998,2.0392161939383873,0.013489760732937603,3.1415777866776056,3.324053617326386e-05,2.16754644274544
9.68,-0.745878572954363,2.0392162724820015,0.013489347869983464,-3.1415888726474446,2.4096615435585694e-05,2.1675464284382975
9.7,-0.7458788588921355,2.0392161832089633,0.013489760732964729,3.141577786663065,3.324056549951065e-05,2.1675468041759767
9.72,-0.7458785852293532,2.0392162617527365,0.013489347870033341,-3.1415888726621195,2.409664761182482e-05,2.1675467898696117
9.74,-0.7458788711671034,2.039216172479526,0.013489760732991877,3.141577786648524,3.32405948270339e-05,2.1675471656071603
9.76,-0.7458785975043759,2.0392162510234577,0.0134893478700832,-3.141588872676794,2.409667978886417e-05,2.167547151301574
9.78,-0.7458788834421037,2.0392161617500744,0.01348976073301901,3.1415777866339822,3.324062415556189e-05,2.1675475270389915
9.8,-0.7458786097794309,2.039216240294165,0.013489347870133046,-3.141588872691468,2.4096711965512774e-05,2.1675475127341834
9.82,-0.7458788957171363,2.039216151020609,0.013489760733046136,3.1415777866194414,3.3240653482878345e-05,2.1675478884714705
9.84,-0.745878622054518,2.0392162295648584,0.013489347870182904,-3.1415888727061425,2.409674414183074e-05,2.167547874167441
9.86,-0.7458789079922011,2.0392161402911295,0.013489760733073267,3.1415777866049006,3.324068280977817e-05,2.167548249904597
9.88,-0.7458786343296375,2.039216218835538,0.013489347870232773,-3.1415888727208165,2.409677631791281e-05,2.167548235601346
9.9,-0.7458789202672983,2.0392161295616367,0.013489760733100403,3.141577786590359,3.324071213928053e-05,2.1675486113383715
9.92,-0.7458786466047894,2.0392162081062035,0.01348934787028261,-3.141588872735491,2.409680849539239e-05,2.167548597035898
9.94,-0.7458789325424278,2.0392161188321296,0.013489760733127512,3.1415777865758185,3.324074146582552e-05,2.167548972772793
9.96,-0.7458786588799735,2.0392161973768554,0.013489347870332461,-3.141588872750165,2.4096840671431923e-05,2.1675489584710985
9.98,-0.7458789448175895,2.039216108102609,0.013489760733154648,3.141577786561277,3.324077079455127e-05,2.1675493342078624
10.0,-0.7458786711551899,2.039216186647493,0.013489347870382319,-3.14158887276484,2.4096872849180162e-05,2.1675493199069464
