0.02,0.4,0.8,0.5010866491272224,0.013539429292247093,-0.013320653837791702,-0.01629013518174348
0.04,0.4,0.8,0.5009317339516597,0.03829309128341566,-0.037575759485451554,-0.020889350281925394
0.06,0.3999660912092999,0.7999666361282841,0.49936123819444117,0.052198903259192075,-0.05108540458253793,-0.013651984894433122
0.08,0.3997983275934821,0.7998023495165943,0.49735992758703035,0.0530457465682858,-0.05243346546941068,0.008061917576910481
0.1,0.3992692375617653,0.7992783202480699,0.49841335417958565,0.07238136514734833,-0.03532744838636937,0.01118151894223324
0.12,0.3983636874455091,0.7983666841262511,0.5027870319767329,0.07417621331694396,-0.03539751517347533,0.03286571881592013
0.14,0.3972610750308173,0.7970377584773783,0.5089693785490179,0.06465914134007202,-0.049908060027216844,0.03570356916404736
0.16,0.39598872920507333,0.7953187358145463,0.5164118343327117,0.06838529072679314,-0.0520063775389822,0.05545553193555681
0.18,0.3944898788976441,0.7932828879471482,0.524713836747278,0.05974369547293688,-0.03998769925054481,0.06013470912600709
0.2,0.39271626538239174,0.7908397781212583,0.5348258226182295,0.06664863182177605,-0.04111193295601362,0.046556443122392245
0.22,0.39082895889993047,0.788201471225315,0.5441937709722762,0.06218426952116329,-0.05357967555190265,0.018963442548848186
0.24,0.3888209402091949,0.7853440702420444,0.5528681503652925,0.07020901754496005,-0.052756022979147436,-0.02126406172851568
0.26,0.3865707370948992,0.7821945544290319,0.5622757065242494,0.09161441327365256,-0.060942585754281284,-0.0460792079283183
0.28,0.3841481294517184,0.7788253562828034,0.570977528442095,0.1001250383188902,-0.057786930249023157,-0.05650575929685122
0.3,0.3813704002649073,0.7749706922736268,0.5812403159707004,0.09347591709127935,-0.0701978719692706,-0.051235573343579505
0.32,0.37822813722931264,0.7705570149142543,0.5933710141110947,0.06976254647895744,-0.06818013905286155,-0.026367341072034544
0.34,0.3746296496837651,0.7655954032689564,0.6077015408144577,0.0599858150843248,-0.052870289640401205,0.017582982783323067
0.36,0.370629790901708,0.7602453465931912,0.6238897098395867,0.06618304256673556,-0.05093355451418405,0.04307608604943863
0.38,0.36640442456177014,0.7546306933115499,0.6405982254101914,0.05907020361882476,-0.06221006439631818,0.0519402807722481
0.4,0.36205171262125135,0.7488339628328149,0.6561443390586776,0.04265363374404978,-0.06285966740581943,0.04951099116474214
0.42,0.3575236806194814,0.7428539820777451,0.6708217312820763,0.03879861630571288,-0.05079687220122498,0.03461681511899696
0.44,0.35272043554746646,0.7366701335637916,0.6861968053462846,0.0489661158511206,-0.050773427014851,0.0036742714711020513
0.46,0.3477174796683399,0.7303256868132926,0.7018110917387317,0.07257326107796605,-0.05441100911147941,-0.04241279349296132
0.48,0.342526148271455,0.7238002259375207,0.7173505831101052,0.08197354084138195,-0.04527441853372636,-0.07290451657133783
0.5,0.337051190900843,0.7169276093810176,0.7340149675872821,0.10553555944671465,-0.052147423155922475,-0.08772478679197687
0.52,0.33144124854429,0.7098449378779379,0.7495373552359071,0.11713016955627033,-0.04857022998731243,-0.08900898222785744
0.54,0.3255255876989602,0.7022546923950568,0.7662434412919933,0.11405957273713874,-0.058074193423255656,-0.07512047466564951
0.56,0.3194350984209674,0.6943229963254393,0.7821299360324268,0.09833781580702904,-0.05699773817628404,-0.04664546597662708
0.58,0.3131383419742835,0.6860470476951986,0.7973113270034737,0.06976267048915807,-0.04479902575900756,-0.003785415660737078
0.6,0.30664051378030033,0.6774552411196736,0.8119702804021599,0.0537825346640704,-0.020084083134135972,0.03650456661088065
0.62,0.2999819836863481,0.668612535602591,0.8264707209798632,0.050429534286545855,-0.005899526216106306,0.06187616326051168
0.64,0.293264647999255,0.659575553416965,0.8408389129315768,0.059117840404341225,-0.002627139136777457,0.07261011723941538
0.66,0.2865461287353875,0.6503422177405684,0.8554073315214787,0.054301543873188744,-0.012300297491056184,0.06747130396882058
0.68,0.2798419653189889,0.6409813282217748,0.8684273149484271,0.05997032118915548,-0.01068035945232655,0.05137445346974998
0.7,0.2731172564171548,0.6314388836395629,0.8810591371214563,0.07824430058934628,0.004590031814894319,0.022142569494473765
0.72,0.2663707705177713,0.6216570028156112,0.8939434453337725,0.08294150217033083,0.006981141404574063,-0.023159963094105125
0.74,0.25965481195360046,0.6116373078326756,0.9061138044082249,0.09810641344303578,0.019216666260523537,-0.054490039375348534
0.76,0.25297204821620567,0.6012499366778098,0.9189400915058532,0.09967908033595402,0.02940517113461849,-0.07014537295172728
0.78,0.2463565291249863,0.5904678205253779,0.9319587366809937,0.08929125626833738,0.026044970219257443,-0.07235357816351526
0.8,0.2398084114266952,0.5794407170466168,0.943603958389969,0.06844970859048109,0.032392800186731595,-0.06161907115904273
0.82,0.2333197009508965,0.5681980318132237,0.9538559005570267,0.05865086281269515,0.02680463898538613,-0.03992241953228388
0.84,0.22691818737164277,0.5567770515243685,0.9629365983814198,0.05911264439698019,0.03006698570781912,-0.005681334110889527
0.86,0.22059147632500195,0.5452121083252262,0.9707678422587762,0.04998873967106113,0.023199838514528608,0.0396871491754307
0.88,0.21435834313435584,0.533494522668709,0.9775139659674097,0.05200616180722992,0.028511255354030107,0.07300989344718588
0.9,0.20820234957592232,0.5216598298426884,0.9830496866789765,0.042509754350734376,0.023343713271963808,0.0933795937581137
0.92,0.20215505145334733,0.5096864804455036,0.9877660104819859,0.044589705303418256,0.030823005954960903,0.10116551651286802
0.94,0.1961955130304479,0.49761215253792473,0.9914765798943874,0.03485454788288287,0.027245262935061767,0.09567122505432141
0.96,0.19036676284209325,0.4854102150170071,0.9947492861680635,0.037167259303147675,0.03695285778933401,0.07679362349205396
0.98,0.18470744725939506,0.4730545021216807,0.9994005943673206,0.023816509557287886,0.031619250205565205,0.0402378118438304
1.0,0.17919153957371853,0.46059876115712,1.0035405275458098,0.02216065686699574,0.039287231316964946,-0.009625588258801561
1.02,0.17380566609454354,0.44807529306210936,1.0075161294578574,0.034039425301367256,0.033748522411852146,-0.04517875939666766
1.04,0.16857334983842642,0.43548459644708726,1.0113059013863506,0.033428729902526,0.04096772628968351,-0.06589880929442558
1.06,0.16348177955982582,0.4227634975971675,1.0153210481580337,0.021110866837330496,0.03548206427412303,-0.07227582795873923
1.08,0.158486495009636,0.409976540873992,1.0177184365673926,0.017526898592016536,0.0378306234812419,-0.06787023585003846
1.1,0.15358125815635817,0.3971488502486737,1.0186503723212215,0.024929394803197627,0.029183433950629032,-0.05200083343063636
1.12,0.1488127746243148,0.3842670810128738,1.0192191959692714,0.020292058532828183,0.033108288167795985,-0.02181345937370044
1.14,0.14412735676742452,0.371329997681659,1.018618168349488,0.006074860919947329,0.027210102343577555,0.020017311274066397
1.16,0.13956055824150335,0.3583381303007021,1.017535086415541,-0.020287463899561136,0.017535563204506027,0.05742878326135223
1.18,0.1350789779953592,0.34534783993527246,1.0154252650097115,-0.0354304667498393,0.01979153402251934,0.08207608534095935
1.2,0.1306464452283333,0.33243107865992577,1.0120274567231515,-0.04127065332145913,0.012418830089338834,0.09527528815378625
1.22,0.12632144328169287,0.31975489473279906,1.010747803373475,-0.031254013958918664,0.0208066450420191,0.08958536303896474
1.24,0.12205911092503213,0.3073808864803534,1.012293836008967,-0.03847603636786223,0.010982641843938653,0.06526702098939546
1.26,0.11784009229492606,0.2950926287238735,1.0120182132586928,-0.05046755559142626,0.005423712055101569,0.03279760332220257
1.28,0.11364397900966272,0.2829008871743781,1.0098749478459323,-0.052833249944053716,0.00928440108163931,-0.010723278894970623
1.3,0.10946397215099479,0.27086732981911366,1.0066185329514763,-0.06673302092813983,0.024858775246906387,-0.04240626907414057
1.32,0.10534721860811339,0.259158939017394,1.005304681917692,-0.06446850752646173,0.02518036139087882,-0.055055224907916894
1.34,0.10130014712760108,0.2476185729739538,1.0023970884276037,-0.07050293083967057,0.017675880715331424,-0.056366451224775904
1.36,0.0973880747093842,0.23637842432228937,1.000093194916743,-0.06332281335337209,0.023780702884447055,-0.04316999972331906
1.38,0.09358380747929523,0.22548308697573824,0.9986242024315428,-0.06904950798034226,0.018080550596883727,-0.0133582630262596
1.4,0.08987249708411148,0.21480888632158865,0.9965631928622736,-0.06329528214618378,0.023826541390927367,0.02424277966951859
1.42,0.08624395311469096,0.20443133816184328,0.9946938311419188,-0.06973522820655198,0.04066258565732758,0.04625437939541391
1.44,0.08267947597643492,0.1942375965991107,0.991578525397384,-0.08503219711695463,0.048084054275422144,0.07522258981420797
1.46,0.07924353836810476,0.184294462360562,0.9878640912353492,-0.08999018783396458,0.043936070680178636,0.09180097195780418
1.48,0.07607613685643334,0.1749276189061977,0.98659084075753,-0.0792257195113405,0.05498299535589374,0.08819844655963596
1.5,0.07318512476694733,0.16629358969225286,0.9890779227891224,-0.08257415183311168,0.05077547970029988,0.06791652326134008
1.52,0.07038833779024552,0.15782935639116374,0.9895412670627755,-0.08477488847923519,0.044710492849319515,0.04190768829071665
1.54,0.06768993035869977,0.14955669913598776,0.9881947103802972,-0.0821695570635971,0.033021229965416184,0.00802744986657517
1.56,0.06515598318845023,0.14163427441562113,0.9868519684370485,-0.0904556486455646,0.010744060910071636,-0.010322311977085242
1.58,0.06277460619893341,0.13410310613748797,0.9862149642111355,-0.08517990565130393,0.0025941818745712215,-0.0143041435585708
1.6,0.06045819562736741,0.12706360433278144,0.9869930366451801,-0.08084999871452023,0.010425230913725521,-0.005149188960694472
1.62,0.0581575279446824,0.12032707865300987,0.9873098631588155,-0.06402522187750793,0.0067660710392122726,0.018904338566555108
1.64,0.05590912007184839,0.11396950958601364,0.9882959289350728,-0.06026930557358769,0.014537236825095872,0.026502171805684312
1.66,0.0536811620682386,0.10782740518891556,0.9886093103890317,-0.06716216103838098,0.012577793859014811,0.0477074798221792
1.68,0.05150529652791534,0.10192524376256792,0.9888470531173501,-0.06108864076744424,0.022923317068217347,0.05348542659179662
1.7,0.0493674188932188,0.09628795745605907,0.9889801486920075,-0.06823198899560674,0.019100604401049853,0.045547193009262785
1.72,0.04733657226672267,0.09098936816162627,0.9905338079560532,-0.060533730598198776,0.029772127602106856,0.019488194071916418
1.74,0.04537635088573225,0.0859929459908361,0.9924562958204651,-0.06502375757345764,0.0291124860521824,0.009202259565261465
1.76,0.043478421314863944,0.08113067969151129,0.9925648465580427,-0.06157510043477131,0.028513020623117752,0.008700068531476736
1.78,0.04171440450739622,0.07657604551418326,0.993381547456059,-0.07064537035930878,0.016155697159681816,0.024634476725326263
1.8,0.040066455493041636,0.07227890820702451,0.9943623009596512,-0.0670897480363401,0.016611672069677452,0.05432170822799541
1.82,0.038457903476080434,0.06817251162226204,0.9940432677260204,-0.054308684971620946,0.006625107401386084,0.07290188817529604
1.84,0.03690737049840616,0.06436677057986534,0.994166783489029,-0.054396426443592875,0.008027575639472026,0.07560854474210953
1.86,0.03536939505376797,0.060793223834891844,0.9945478323627746,-0.04229475468813376,-0.003493120818229231,0.06415322180540571
1.88,0.03384924119102203,0.05745376447910695,0.9952099441891851,-0.04265647083283923,-0.003685280081867355,0.03732214120832134
1.9,0.03231558414184142,0.05421875950163837,0.994362438730909,-0.032566934681303394,0.006393709253283381,-0.001426170629036955
1.92,0.03075828502132318,0.0511890625594226,0.9943526917893505,-0.035688055213373426,0.004080251544522123,-0.023835360337068234
1.94,0.02922324672615514,0.04826740708945636,0.993653073479187,-0.028125529508141702,0.012836799877626714,-0.033588956874861554
1.96,0.027714324418875166,0.04552668480058058,0.9940403167958202,-0.03403188600222283,0.008816187247260207,-0.026726048360327943
1.98,0.026281690955399527,0.04293903402932066,0.9959439183460945,-0.0255202000694413,0.019142517049839096,-0.003382208186742594
2.0,0.02487641502502324,0.04044423082226971,0.9966007922229151,-0.005884902030772975,0.01848545831341406,0.03255668563363388
2.02,0.023536400031471363,0.03803642681082942,0.9966635293410975,0.0014044045850303947,0.005513363580337769,0.061033415516225355
2.04,0.022272752700766663,0.035657463463929964,0.9969157576794268,-0.0037796140720317865,0.0045687511112777685,0.07482169401185142
2.06,0.021028982948029747,0.033277089852061764,0.9965990753418318,0.0032971722721534293,0.01601382042198805,0.07498860324545133
2.08,0.019808791387839725,0.03092047125858416,0.9976157122304815,-0.004841219414126378,0.01197605779247813,0.0580855542125706
2.1,0.018625762327119256,0.0285613635122902,0.9969342188626297,-0.0030929323076139136,0.018224549695897343,0.03007832335091068
2.12,0.01749708944076059,0.026229630679490086,0.9968968664486212,-0.01395379426239128,0.011695251272310575,0.017625517414325057
2.14,0.016434975134147746,0.0239131673558149,0.9965554165114376,-0.013209327428243935,0.01643803598968286,0.018827009165420135
2.16,0.015444240978892555,0.02168589688927897,0.9984456721453729,-0.02736948068037561,0.006596883256872028,0.03824548296673706
2.18,0.014504735248446437,0.01950270158969695,0.9995222854337574,-0.03078921079989687,0.00728273494963061,0.07014844680643365
2.2,0.0135779044618747,0.01738035613647418,0.9988103870135444,-0.03938820498292527,0.013044587220621904,0.0933201253293835
2.22,0.01267961451569051,0.015429413808963843,0.9996058092723978,-0.03406071589921894,0.004319491906717637,0.10004712742007511
2.24,0.011812835007150278,0.01361357183413614,0.999776958140757,-0.039732262626622245,0.005778684511458335,0.09331364477503339
2.26,0.010950925797742678,0.011956957098294186,1.0006188026674276,-0.03248360605209446,-0.005985484773311193,0.0715197995293077
2.28,0.010097236466900604,0.010447835222797458,1.001179839899407,-0.03671911919059759,-0.007087036519851912,0.03562336790910737
2.3,0.009222761277986572,0.00902307902352677,1.0004168804240683,-0.030125629536501337,0.002561827087104518,-0.012543326436021658
2.32,0.008314902353764248,0.007747945431037951,0.9998041072761069,-0.03570789986643869,0.0006287569594802,-0.045641960275975856
2.34,0.007421425919014972,0.006613126146191713,0.9998966789173344,-0.0284511929778589,0.012069153875061711,-0.06349173043807896
2.36,0.0065380735532120276,0.005627049807089673,1.0002133380827554,-0.03343601495347646,0.011915861064115345,-0.06625433048445531
2.38,0.005730131425228137,0.004790778228728934,1.0019995294810466,-0.02285502972386486,-0.0033257250255748078,-0.051378117925147154
2.4,0.004957161621983494,0.00403439578936449,1.002292872556202,-0.022690494938634263,-0.007486434375357139,-0.025197900947760924
2.42,0.004179118155608147,0.003339987955104659,1.0013327598539872,-0.012824411503588378,-0.0019716170837745847,0.012453270753213952
2.44,0.003373621962970458,0.0027392353151310172,1.000521421894848,-0.014678148568777232,0.015183583735086152,0.03518342963448174
2.46,0.0025585223958177524,0.0022007910962115115,1.0006188023312086,-0.003180930461404777,0.01890127683633575,0.04229739363712704
2.48,0.0018002587807461295,0.00172104601332535,1.0006266564012822,-0.004995572509038218,0.00916832332331469,0.034972417550338177
2.5,0.0011162733233746765,0.0012573245669732246,1.0006417635192335,-0.018982042781104352,0.011066226527833315,0.013364391048928052
2.52,0.0004687475830339097,0.0008152054392873372,1.0007298202648187,-0.020967307677315663,0.02483829851275549,0.0060997963871977845
2.54,-0.00013501422324565387,0.0004499410729192887,1.0008957324975707,-0.011087135402218918,0.02652473331003798,-0.015267155168997218
2.56,-0.0006543732621734423,0.00015670466946089332,1.0005362989854243,-0.011788758894103281,0.017633035970692806,-0.023111804784671234
2.58,-0.0010569557850888054,-8.972296147747932e-05,1.000615170403685,0.0004674429284449011,0.02135215508173939,-0.01603509163965432
2.6,-0.0013916598438412178,-0.000293009007537332,1.00054708976595,0.0012944960746477524,0.01376541229701814,0.005136590236220911
2.62,-0.0016448805631386967,-0.0004992105961051325,1.000363686486058,-0.00982110096858743,0.017842762762334968,0.012227472740914742
2.64,-0.001843896955680689,-0.0007100425665607249,1.0001810698880171,-0.009268046313571242,0.010228586737047225,0.005040936426084794
2.66,-0.0019696601128705313,-0.000879295797694403,1.000202644466105,-0.021203501578936673,0.014456407344123172,-0.016900202742710046
2.68,-0.002055531215363162,-0.0010119898121749662,1.0002120807061194,-0.0196987956297676,0.005473947348579215,-0.02390372339599646
2.7,-0.0020855797429911874,-0.00106568562014837,1.0000651254582096,-0.0063848129504714465,0.008302556793074636,-0.01718546459045379
2.72,-0.0020922653344062157,-0.0010425082385177498,0.9999251584548128,-0.004922955499244577,-0.00029931655684091717,0.004002983455881778
2.74,-0.002063729058779979,-0.000993217428919257,1.000052136325913,-0.015850300177597584,0.003259468669152188,0.01033896939745714
2.76,-0.0020364251391632735,-0.0009253085539913314,1.000049887601584,-0.015121456031676897,-0.00475241573216858,0.002713446724124492
2.78,-0.00199561486969724,-0.000788032021988314,1.0004980586729206,-0.001769870502227534,-6.375841395697343e-05,0.009982238155711986
2.8,-0.001968596758857956,-0.0006074980007629739,0.9998961729553165,0.0001692336820377819,0.016352461267332693,0.029759996671986238
2.82,-0.0019420192172438788,-0.00041802464115232483,1.000511894465602,0.01585743184236434,0.019051227576125308,0.033286777234490895
2.84,-0.0018642598003345882,-0.00022771371591773156,1.0003385115544283,0.02119751338651146,0.01136087778391341,0.04948484066786491
2.86,-0.0017204447837851002,-8.89724168879099e-05,0.9996236916370033,0.015349020159034934,0.014758023890548408,0.0526186625623611
2.88,-0.0015188469864738778,-4.6633774080449566e-05,0.9996604164198991,0.02236072241288464,0.005633173595257891,0.03985197463383705
2.9,-0.0012550401900880295,-6.272260394494425e-05,0.9997891786920658,0.01708788538229751,0.008543606657478555,0.012874880847216934
2.92,-0.0009678168535967107,-0.00015898059188886705,0.9996222827924228,0.0006393789646219571,-0.00030618220109207155,-0.0004938128800376186
2.94,-0.0006466984736921344,-0.0003212855070438231,0.9994301104888712,-0.0034001057986873372,-0.02130670543977744,-0.018640669642935127
2.96,-0.00032731791417132147,-0.0004865356008196043,1.000132764796465,-0.02143381299143519,-0.028334382787462115,-0.03305745114849651
2.98,-0.00010940829610578222,-0.000633556146667367,1.0016790456210385,-0.026627700231078813,-0.022359891425909374,-0.031783106634735714
3.0,5.233099235562406e-05,-0.0007351033224279057,1.0013310398155904,-0.028591850184621473,-0.012836733699155568,-0.023314400822449635
3.02,0.00013787470518370897,-0.0007398764132230008,1.000600215651424,-0.018721944731791614,-0.015194601449173208,-0.017148532916036935
3.04,0.00017370201188880014,-0.0006267520208662996,1.0000302764285842,0.003127044121290937,-0.005227064820716487,0.0033769736182802062
3.06,0.00014509582710270952,-0.0004315113830970387,0.9998712367443157,0.012148163449489128,-0.007378823950573807,0.03906604387264352
3.08,9.49932629723283e-05,-0.0002494017757399108,0.9999175940719218,0.009196369899135644,0.0026114905526416986,0.06006285792492695
3.1,1.852335539199033e-05,-0.00011501207342954489,0.9998717817262138,0.018061053107663795,0.001101107766536987,0.06682334695833468
3.12,-4.442847071856057e-05,-1.9169462876168742e-05,1.0001659378320216,0.014495747159300078,0.011970990727450012,0.05879209192041599
3.14,-9.952471334642527e-05,1.5815987965741372e-05,0.9999260398961868,-0.0011587732871730792,0.010727389993553,0.04146160763733922
3.16,-0.00010321957163406638,-4.460987694656187e-06,0.9997777232281152,-0.0048360982661311315,-0.0021687891691483732,0.009609191242495695
3.18,-6.279737096824147e-05,-1.8096542469964278e-05,0.999843716741924,0.0038722255464755427,-0.0028328419318823456,-0.0075929093255752145
3.2,-3.067025875461275e-05,-1.3760741303605723e-05,0.9997196865672857,0.0004256855213321424,0.008451768073201058,-0.028767251622748055
3.22,-1.0357570591683737e-05,-2.528824937268503e-05,0.9997945055033202,0.010468491849765576,0.0060623062947924725,-0.03477660259087954
3.24,4.4385389693285605e-05,-3.953663606320192e-05,1.0000324383537564,0.008528566957519183,-0.0082936869029454,-0.026203069733716215
3.26,0.00011887061293754399,-9.08592473524817e-05,0.9998247353733759,-0.004685709111143296,-0.011393661758197131,-0.02972319113699463
3.28,0.00016030426264045008,-0.00017433479692594993,0.999571924846457,-0.006213743679297199,-0.002986601369780093,-0.018985869393385004
3.3,0.00015151425490429865,-0.00023533486930239387,0.999860714539713,0.006054365848688649,-0.00881633575150728,0.0075544876379012565
3.32,0.00013135177410874305,-0.0002714105611565668,1.0001969118544478,0.006467805538964796,-0.0029396066630161194,0.019641716626456897
3.34,8.060072770131829e-05,-0.00032881654200797106,1.0001023418193606,-0.004431629817833933,-0.008086002458761758,0.04510800347462344
3.36,1.8729781055780846e-05,-0.0004120713828635026,1.000056798131395,-0.003310050989371938,-0.001564908963365546,0.08494125608493011
3.38,-7.530753748372394e-05,-0.00047944784473729577,0.9999831665186238,-0.015356836552186046,-0.008222971278954183,0.11004372133314283
3.4,-0.00017751871019536515,-0.0005325788851661812,1.0004728494603128,-0.013210055043922829,-0.0006830329070859773,0.11923089372396523
3.42,-0.00031064047782672035,-0.0005405188441311441,1.000185542397776,-0.0004353431184727249,-0.0038143055967709352,0.1158234837229766
3.44,-0.000452911172467682,-0.0004948098704703744,1.000093484686616,0.0001290994128811261,0.00486499208877609,0.09766366988076768
3.46,-0.0006089655027571683,-0.0004491680926771333,0.999701758210719,0.004978713927206404,0.0018486372274805,0.0656872849692404
3.48,-0.0007429868783793998,-0.00040200275938046296,0.9999028153649365,-0.003223354867862211,0.011303651770505409,0.018412685297984097
3.5,-0.0008689194816820598,-0.00037268745434979104,0.9998587669187962,0.00010529280055272029,0.009583224938694589,-0.04256828371446097
3.52,-0.0009524769442775446,-0.0003304944634969847,0.9996548011891566,-0.00969358572119847,0.02072414492853169,-0.08899812036801068
3.54,-0.0009917629305108643,-0.0002907052197504297,1.0001498340498216,-0.004965686814924936,0.017473040861970362,-0.11922870133397814
3.56,-0.0009620807011786329,-0.00022589801611363748,0.9999297633504611,0.012249301092520688,0.0024556466164513393,-0.13611504759889226
3.58,-0.0008548632758180216,-0.00014881151329592881,1.000112764170839,0.015900732842868026,0.0015971785208612269,-0.13748708125307432
3.6,-0.0007447767157083568,-0.0001196144888700509,1.0002110319729027,0.007855737558093353,-0.011008197846088232,-0.12481735578146862
3.62,-0.0006369202087263405,-0.00014769271700913376,0.9999739651261204,-0.012787387019916401,-0.010876105456656255,-0.09775580361409056
3.64,-0.0005818300013133489,-0.00020418670666041825,1.000243490271963,-0.02071523632647098,0.0016946708834066565,-0.05557786208899805
3.66,-0.0005614753133508739,-0.0002106826121927068,1.0002153250639698,-0.016083765125228723,0.0014238434664608842,0.00091489589615324
3.68,-0.0005304472250840795,-0.00013974508368474618,1.0000272759124456,0.0009096300602800399,-0.0016612509922054339,0.07149609237833075
3.7,-0.0004939285146495842,-5.898217404706193e-06,0.999833642503125,0.006247484273212604,0.006601652904371025,0.1274360762789617
3.72,-0.0004640127122477792,0.00012360411753061963,0.9998490769940355,-0.0020895938696741147,0.001369520769846886,0.1680224437986687
3.74,-0.0004045025258479626,0.0002313880320309145,0.9999784802564154,0.0030406102684005258,0.009698162698296079,0.19361162404149385
3.76,-0.00034127526127133534,0.00034769728261216105,0.9999499358371015,0.00019881686465999585,0.005238453168914129,0.20478962953083032
3.78,-0.0002389282538993529,0.00045957823116806926,0.9998788099746437,0.010386094713583748,0.014085172181597962,0.20134045652588253
3.8,-0.00011625701825506048,0.0005748058408966295,0.9998353023968969,0.007269829067381299,0.009482522623653249,0.18303549959545232
3.82,6.769450962986493e-05,0.0006614879802808071,0.9997372971855534,0.0158765031142816,-0.006509717565184268,0.15035726444549435
3.84,0.00029354741635040165,0.0007266840304963239,0.9996685977686515,0.012423207202954901,-0.010696474671023526,0.10357747414275123
3.86,0.0005031141839082876,0.0007256589465005066,0.9996482740854529,-0.003107118824644761,-0.003193665562875171,0.04269741245936546
3.88,0.0006725077920114375,0.0006670600164953649,0.9999841780092624,-0.005840447016787176,-0.0077829211044614325,-0.03301768661233219
3.9,0.0008300764348418519,0.0006189459476807942,0.999916356563066,0.00455901674369506,-0.024610330800672157,-0.0945557324031827
3.92,0.0009548556095777783,0.0005971108516013117,1.0002341767154552,0.0010581149981524942,-0.027402443455326976,-0.14042266598267358
3.94,0.000989842490558367,0.0005673228776627193,1.00022858895223,0.008370775037460974,-0.01888160854720231,-0.17241350090072227
3.96,0.0009282473837639378,0.0005474243295741745,0.9998413787065045,0.002384852778788049,0.002246978587889772,-0.190369386341171
3.98,0.000783449517151857,0.0005067348249386518,0.9996887724731282,0.009615012182971755,0.009513125804267341,-0.19307007141892335
4.0,0.0006468025494207572,0.0004534128683902471,1.0001936474581852,0.003969056923706818,0.004024544648314773,-0.18037173568020112
4.02,0.0005331032336226183,0.0003658053917514765,0.9998262288632077,0.008848693353541342,0.008616121791135242,-0.15504594039537192
4.04,0.0004337952917379665,0.0002578965107449797,0.9999424296997579,0.0010268039351638005,0.0007935425570241697,-0.11466042272082425
4.06,0.0003621960021166443,0.00011112937727326123,1.0000045892818468,-0.019625436437903477,0.006536893775596473,-0.059623932662990826
4.08,0.00029340405406723673,-4.007223605872654e-05,1.00024528556446,-0.02695729162233402,-0.0013029943008903853,0.010419223333247846
4.1,0.00025335511927341057,-0.00011955818093191495,1.0002938151582763,-0.022354872827675263,0.002347012586745941,0.09387181947176286
4.12,0.00020740857431445127,-9.808670638712872e-05,1.0001662009304504,-0.006490477676667168,-0.0064711287955154335,0.1632493173419258
4.14,0.0001624343368556048,1.064118205512523e-05,1.0000009347383882,-0.0024181019291070653,-0.0040115578341915654,0.21795973359789805
4.16,8.78730318718592e-05,0.00014059338313270904,0.9998973989114007,0.015439683618786441,0.011352108679299177,0.25774864952198967
4.18,-5.435643971462613e-06,0.00027676750179813633,1.0001103050715239,0.019637109341031616,0.012685426465753862,0.28207933755476056
4.2,-4.7018497850118616e-05,0.00037114068472797934,0.9998662888396186,0.011094356007037488,0.0017234659672285036,0.29233114629471
4.22,-1.9021799154767385e-05,0.00040502481750545605,0.9996423130751778,0.015608940165424435,0.004460019879803457,0.28798216295602497
4.24,2.9712247348985406e-05,0.00039551144240917876,0.9997809489117959,0.006370120155107854,-0.0066195976256842185,0.2681023937254351
4.26,0.00010983577644764727,0.00033656851854598787,0.9996078242205414,0.009715534212435012,-0.004551098959820181,0.23423699151830102
4.28,0.00017023636610998853,0.0002446157122102953,0.9997012745343418,-0.00025224381106899043,-0.016367046386972867,0.1851614905922445
4.3,0.00022199427299004145,0.0001111594765051162,0.9998317995165471,0.0030158827103003733,-0.014431592677167489,0.12146120318386774
4.32,0.00020886001876035943,-3.330429847417881e-05,1.0000614142543611,-0.005955306308483237,-0.0008788913090297506,0.04344065835113792
4.34,0.00014638427603323316,-0.0001944165246909358,0.9999058904560961,-0.0034996170970150496,0.0017651347900101528,-0.04780227477297683
4.36,7.936591546968612e-05,-0.00033151050558556146,0.9998713418994575,-0.015152106890878961,0.017529657284601777,-0.12386999284006321
4.38,2.0582171164566875e-05,-0.000454037295500423,1.0001547024477655,-0.01304826503595961,0.019481046788651733,-0.18417961235787256
4.4,3.1344229534282216e-05,-0.0005300352459760714,1.0001244384681245,0.0023059838195501952,0.009215978688677367,-0.23001230238373394
4.42,0.00012498781716635145,-0.0005703351127214253,1.0000216402008668,0.006606264136248814,-0.012355570972311712,-0.2615039744335747
4.44,0.0002572188261544302,-0.0006304954197881116,1.0005756300551831,-0.003045645646907746,-0.019652699057309316,-0.2767796805288301
4.46,0.00033416698921826085,-0.0007034967496262846,1.0012529318119303,-0.000820952165757093,-0.015117315754161855,-0.277477277764176
4.48,0.00036710490940990387,-0.0007562541123800082,1.0004410531702124,-0.007982481668255402,-0.019613473140473014,-0.2669583180756435
4.5,0.0003329152950712934,-0.0007858542034319035,1.0003971607522486,-0.00225001350578383,-0.011256606591510305,-0.24082790677888744
4.52,0.0002348216827268165,-0.0007664750017389185,1.0002353678152176,-0.00953753380193986,0.010513574035993447,-0.20044577653938453
4.54,9.463847246261696e-05,-0.0007273561531795667,1.0002101416344196,-0.0034672863295755084,0.018529281415236885,-0.14497748488529832
4.56,1.6568387710256025e-06,-0.0006602764512417916,1.000123836525324,-0.009141006961137406,0.015184564987135572,-0.0754296606411199
4.58,-1.463459414268142e-05,-0.0005901830962091959,1.000184661314722,-0.001657763701386156,-0.002081354323473554,0.008844281445805258
4.6,2.7209287051226277e-05,-0.0004908786397193092,0.9999967393378247,-0.006060295562294606,-0.007876877634809805,0.0789467602484767
4.62,6.037726447808972e-05,-0.0003848952660604544,1.0000122153903164,0.0033827805434731447,-0.00029391899907307465,0.1336413674012397
4.64,6.142679039229384e-05,-0.00025811572349031074,0.9999600145573029,-0.000343997890642436,-0.005976682701932385,0.17358760487287983
4.66,6.31099871639503e-05,-0.00014493659789534936,0.9999675496209851,0.009385497179914907,0.0016882152245604504,0.19862113334235523
4.68,4.157654238701231e-05,-3.455585942188294e-05,0.9999592042536214,0.005947892316848595,-0.00397555028315063,0.20884538500233452
4.7,3.337964095834172e-05,4.2055875841630005e-05,0.999828752317795,0.015519406922656184,0.0036359709348483737,0.20465928433438244
4.72,1.440567910408393e-05,9.163423557582883e-05,0.9998385488573792,0.011752343064598388,-0.0022958015683986264,0.18534116310407145
4.74,2.0723591624281918e-05,8.674582513719545e-05,0.999692857167847,-0.0037533542421882117,0.0033113836322916207,0.15222429068927923
4.76,2.665567116306258e-05,3.155895798151643e-05,0.9998280045310372,-0.00675921354538645,-0.0030731496272182,0.10429880001194423
4.78,4.263825716761852e-05,-7.9196608747511e-06,0.99976178277635,0.0028861707016448195,0.003792225923851212,0.042077405104800264
4.8,4.328560871215968e-05,-2.1276215856130724e-05,0.9998505319217335,0.0004972439637715465,-0.0013220363416734963,-0.005329895604469746
4.82,5.84373817588786e-05,-4.47269675701737e-05,0.9997286332169512,0.009536095274349541,0.00512711256370299,-0.03868722674371368
4.84,6.79375153725656e-05,-7.024570624902675e-05,0.9999440803012294,0.006222684092900243,-0.0007408436884228592,-0.05711465702637052
4.86,9.423809294740249e-05,-0.00013013334241111758,0.9997745778245956,-0.009634879800378637,0.005860904671451232,-0.06140356740414103
4.88,0.00011594774834868725,-0.00021572629683840085,0.9998590030080254,-0.011889340347613759,-0.0014426166250286752,-0.0504816342714312
4.9,0.00016306568736122295,-0.00026470753209369174,0.9999707243619077,-0.00209988702033256,0.003092184889671007,-0.02537174849448557
4.92,0.00020689116727050686,-0.0002674041106222171,1.00003303832413,-0.004228764949884528,-0.0037931571722138297,0.013994317967693414
4.94,0.000262402112208925,-0.0002625663039010628,0.9999026877010476,0.005357105056980252,0.0005681689411134953,0.06714883470752556
4.96,0.00030204715217064756,-0.00024058314838202994,0.9999597259922279,0.0024724095046243576,-0.006905302057160098,0.13480346975782356
4.98,0.00034514391542827795,-0.00023857466426089417,0.9998572551317066,-0.011855583905861309,-0.0023382867373959552,0.18830132257527596
5.0,0.0003605018389016343,-0.0002509426984583328,1.0000901893221597,-0.013828165788156032,-0.009953243200430128,0.22677547041633309
5.02,0.0003589010946853178,-0.00022124247904272012,1.0001551563709477,-0.0027333282374988,-0.00482760816161964,0.25054677739725384
5.04,0.00030988021851671563,-0.0001499591579744191,1.0000025100680534,-0.002849554144480875,0.011458554833778214,0.26026019614182766
5.06,0.00023818830564878652,-7.25788397131686e-05,1.0001713070441443,0.009518547659749686,0.015414009213271958,0.25525979061915616
5.08,0.00020494479416055165,2.5911862763978346e-05,1.0001328448123545,0.008880551157935117,0.006268862949633761,0.23589658270870684
5.1,0.0002318267237661845,0.0001058656992841839,0.9996444149716395,-0.0031210584822124066,0.008112969102240467,0.2032866905577091
5.12,0.00029705205440694966,0.00015208898286145784,0.9999317377549425,-0.0019411611328905701,-0.002747741804321978,0.15500722254371166
5.14,0.00038695042016996875,0.00021414212702633946,0.9996785640942207,0.011349981060727227,-0.0008479685302268529,0.09305595530763076
5.16,0.00046386119076811494,0.0002825441569174331,0.999789789008848,0.011263773890347661,-0.012996614072311738,0.015863822234739037
5.18,0.0005415444999638219,0.000305753795967606,0.9999472358622211,-0.0008586170354326083,-0.013593624060970571,-0.07517937847745551
5.2,0.000570168054076929,0.00028509715161239505,1.0000073710068589,-0.0018828512783939928,-0.00274816373150793,-0.15161459178201242
5.22,0.0005474699391206491,0.00027159522802651143,0.9999497361630775,0.01001544448299394,-0.004666086567796116,-0.21315754104903695
5.24,0.0005152047197723715,0.00026707492253519874,0.9999130452124763,0.008245135585142425,0.006790992925835487,-0.2597001076145831
5.26,0.0004561030928414444,0.00022715888771905298,0.9999780764584169,-0.005592016245437223,0.00588009291939478,-0.29183187943179617
5.28,0.00041465025412245677,0.0001488224967487734,1.0000819570844557,-0.0058157943896350005,-0.008587271519321713,-0.30913210080456593
5.3,0.00040546296520786745,8.685999270731699e-05,1.0007174358536197,0.006777927276481681,-0.010313273758372564,-0.3113443805126481
5.32,0.0003778788394853536,4.835389137263599e-05,1.000303154512547,0.00784541734894137,-0.0004186539755531308,-0.30093400140100257
5.34,0.00030173697188594497,-3.5706556300840517e-06,1.000053553811684,-0.0034044237135613534,-0.0025363832241266345,-0.2760802419404005
5.36,0.00021480380304798213,-8.479775629545203e-05,0.9998663816149301,-0.0025468453960710174,0.007008600780082125,-0.23681014033443748
5.38,0.00012160719088309415,-0.00014934543798765756,0.9999474348539631,-0.014099931276888633,0.004685568813186192,-0.18286060534885917
5.4,5.80691931954079e-05,-0.00021052147106879324,1.0001004665015314,-0.013245598263656965,0.014145127427888685,-0.11470909734238467
5.42,2.209816184658454e-05,-0.00022171744914944595,1.0001701008966744,0.0006106418418592271,0.010028249397605373,-0.031992993380917774
5.44,4.29999463103854e-05,-0.00019076636654930651,0.9999706809446127,0.0026078781886962423,-0.005252238938649302,0.06424319405641411
5.46,0.00010482093326662219,-0.00016365056627582432,0.9999434275521228,-0.007784004829706166,-0.007952885970219419,0.14555471607607362
5.48,0.00014640018408552968,-0.0001482552069950323,0.9999756981989664,-0.004313987384231506,0.002720529310749865,0.21168415904318066
5.5,0.0001523134971703977,-0.00010693953328614245,1.0000479920129925,0.01112053028941044,0.0009670777018903577,0.2633735915714333
5.52,0.00016492439078404184,-4.7349945606583064e-05,1.0000226990837142,0.013044622084306571,-0.014087984974710276,0.3003349502016401
5.54,0.00019341187303484732,-3.131448243082309e-05,1.0002265170673867,0.0026718972416190623,-0.01668106144544941,0.3227487260095044
5.56,0.00018937590008299537,-7.160323902118532e-05,0.9998961481489045,0.004934780014673688,-0.0066429693795912095,0.33153743307830963
5.58,0.0001227171305276,-0.00014458913185399645,0.9998284639471862,-0.006157694578967111,-0.010333436113141366,0.3249962147848165
5.6,3.7512933749345384e-05,-0.0002446828132662846,0.9998192451609478,-0.003897812363513976,-0.0004490338746437612,0.3036349093635928
5.62,-9.34119875060436e-05,-0.00033482050391920714,0.9997839620375173,-0.01457231536904047,-0.004121116521162045,0.2676411561681529
5.64,-0.00023107274188574034,-0.00040949668082816703,1.0001209374261948,-0.011639050922038943,0.006212806150387249,0.2162134048545347
5.66,-0.00039495638364736845,-0.0004404984763676442,0.9999016464155875,0.0023547246365617945,0.00588501588553122,0.1519448569441892
5.68,-0.0005440935790518588,-0.00041949801453847386,0.9998546855717427,0.003714623076677062,0.017330732642613967,0.07319413139359757
5.7,-0.0006687971259239231,-0.00040417319090038195,0.999825984503793,-0.008098928730652542,0.014827922908070442,-0.020125823200834128
5.72,-0.000723505571830881,-0.00039856500664061707,0.9998581527177632,-0.0055640343761992105,-0.0010865533987151205,-0.09817406040174569
5.74,-0.0007185901221511626,-0.0003619573008896341,0.9999452054526143,0.009232211840970766,-0.00445452790324092,-0.16176527829299286
5.76,-0.0007157321078463182,-0.00030375483636206266,0.9999436797774358,0.01057873320621566,0.005520132558868366,-0.21057032722870542
5.78,-0.0007356360433202702,-0.00027807306872131476,0.9998906055490467,0.0001290564388242855,0.00344841947354583,-0.24520614685117656
5.8,-0.0007433420433739231,-0.0002963672388705423,0.9997399661102152,0.0013362343058099316,0.012816087979253783,-0.2655697183753733
5.82,-0.0007370631089036642,-0.00031870588990705047,0.9998875912499098,-0.009727726716281472,0.009882682043371624,-0.27111201997153506
5.84,-0.0006902763185148302,-0.00035671481878850445,0.9994864714615344,-0.008275136769266311,-0.005518317826725904,-0.26295855123623174
5.86,-0.0005857736781701628,-0.00036265927489745645,0.9999279804686524,0.006525174684452833,-0.00783049744421335,-0.2393048217038217
5.88,-0.0004926549488882277,-0.0003350851303863142,1.000004803086029,0.008761203740785732,0.00275708253539109,-0.20168165123784193
5.9,-0.00043409193182709606,-0.0003244207026069059,0.9999282148392711,-0.000794958383933278,0.0019618884038362025,-0.1502818058733932
5.92,-0.00037185287370494703,-0.0003497164128461797,0.9998667694134125,0.0025439630762713076,-0.01249228730003236,-0.08436553897703111
5.94,-0.0003010314943112627,-0.0003729277448270004,1.0000782775332933,-0.0076599332681047206,-0.012703150939028568,-0.0033302667722543656
5.96,-0.0002764921511650217,-0.00040153164894973054,1.0000200249690308,-0.006110987848885927,-0.0017162321759092735,0.09115444701033958
5.98,-0.0003010091350561483,-0.0004003192506027346,0.9999095943627704,-0.007472358392213599,-0.003437983655344372,0.17082483260081494
6.0,-0.000334800187114892,-0.0003747820625842796,0.9999817678488976,0.005147267402762615,0.007939983755344824,0.23507252604206794
6.02,-0.0003868021872708122,-0.000322722791166997,1.0000491050481017,0.004489128447562136,0.005835959741052623,0.2843977133061373
6.04,-0.00040605446920426543,-0.0002822788884459413,0.9998629093064385,-0.0074968961975142604,0.015401273577478005,0.31978151265169136
6.06,-0.00039402983667811,-0.00025403942369244496,1.0003131275351775,-0.006731606917270965,0.012308821196606071,0.33966021594831636
6.08,-0.00034149626880931356,-0.00018631152749849062,1.0001466929604506,0.004521075397190087,-0.0016743489038760033,0.346373591038829
6.1,-0.0002550446319654225,-8.074085220080534e-05,0.9996873995065644,0.0041854343282543855,-0.004499776967510347,0.33932621387715145
6.12,-0.00016883380551741258,4.276818555804245e-06,0.9995537443973627,0.01752191545769778,0.006695688769470909,0.31707073163870125
6.14,-9.485601260884598e-05,6.598954589313246e-05,0.9997679627308289,0.01722531946482766,0.003973587907703295,0.2793391265225135
6.16,2.0974585193981956e-05,7.60386405222862e-05,0.9996061902502466,0.004513346533117918,-0.011499768208507288,0.22758797409138734
6.18,0.00017177798818439468,2.2801508638787448e-05,0.999616565792751,0.005181089147998724,-0.012948371046994308,0.16106896818918084
6.2,0.00028125684216730076,-5.867793045460507e-05,0.9997522631001697,-0.006431636539226758,-0.002759381048008921,0.08026645799925125
6.22,0.00034340102754447567,-0.00016852190077088104,0.9999213455782525,-0.005778642740476547,-0.004165537154703336,-0.014575181920150157
6.24,0.0003935726847788741,-0.0002556830995215597,0.9998204890493094,-0.01597587389376469,-0.017229408549054328,-0.09505535175414163
6.26,0.0004251657722733656,-0.0003162501014206967,1.0003423802832556,-0.013346670083076615,-0.01732066406251757,-0.15995652932465318
6.28,0.00040426549380444287,-0.0003179037117733362,1.0002992531606856,-0.0003796522358558881,-0.005988781630144341,-0.2114972455895068
6.3,0.0003290249526930475,-0.0002617032284820218,0.9999660064919788,0.0009272600996006243,-0.005738224062287877,-0.24905353433533892
6.32,0.00022978569208563043,-0.00019876501910592138,0.9998787459287987,0.014178227623594008,0.00685529507277491,-0.2716830642725403
6.34,0.0001050500784393469,-0.00013359922921301598,1.0002890356531715,0.014658045960402927,0.006939323650628639,-0.2791613142701115
6.36,-1.0546729610104704e-05,-0.00011853001973312977,1.0000077819708586,0.0035526376187818036,0.012426774020801902,-0.2733173819679267
6.38,-0.00011536970926453683,-0.00016842853893683435,0.9998654363665919,0.005933788495104563,0.004062204714569437,-0.25263034471241264
6.4,-0.00017528202508557968,-0.0002458799666607649,0.9998756764179627,-0.004859449331089323,0.009392663509129326,-0.21686823800302418
6.42,-0.00022548295326629215,-0.0003499343072923634,0.9999099273175128,-0.0025116372847516855,0.0011246391488327371,-0.16643049061208834
6.44,-0.000234157291310774,-0.00044284268997873966,1.0000840231586858,-0.013254623145893762,0.006820846490022315,-0.10116157664349203
6.46,-0.00023704038507356656,-0.0005269888583480069,1.0001304554827222,-0.01120706582741808,-0.0007623962189411344,-0.021528869236180106
6.48,-0.00020962524885350767,-0.0005644602980252032,0.999985687091683,0.002731564556098904,0.002706477387094696,0.0715383670197589
6.5,-0.0001843330656381679,-0.0005566490040736599,0.9999537511592816,0.002754996248468157,-0.007531734270787679,0.14932718185039573
6.52,-0.00014759104095833615,-0.0005588731352264802,0.9999641480303294,-0.009101053840158491,-0.005439623524747377,0.21253137292752025
6.54,-0.00013832339477109102,-0.0005760886644565369,0.9999539741471535,-0.007159828361194745,0.009952237012201987,0.26082652079549395
6.56,-0.0001592010412414815,-0.0005610197887442248,1.0001881674292918,0.007168898634094753,0.012727663242078259,0.29449759412604914
6.58,-0.00015212146666580766,-0.0005118544950037638,1.000098349791113,0.00848498341522679,0.0025446576182559305,0.31398993069078235
6.6,-9.041414378220777e-05,-0.0004748588290629786,0.9999194618531003,-0.002090155298587451,0.004149996415622543,0.31946658328243305
6.62,-8.40143967591982e-06,-0.0004673073122431432,0.9998586836018326,-0.0006507077778692409,-0.006013899250171019,0.3103576996788903
6.64,8.687158686965674e-05,-0.00044641865477027535,0.9999363855141497,-0.01139075740231089,-0.004323328590622073,0.2867479370302867
6.66,0.00015949224563364424,-0.0004301836974812795,0.9999040209589102,-0.010211979266101411,-0.014135399711740389,0.24913212971392257
6.68,0.00020358904260982393,-0.0003764770544142666,0.9998147175106745,0.004050193859182939,-0.01052625084575322,0.19677297501222693
6.7,0.00018410850236432965,-0.00029768962380594393,0.9997234353725317,0.006231272960577134,0.0046760015190080995,0.13023093755131462
6.72,0.0001253901741853072,-0.00024379979077159526,0.9998304639031583,-0.004929008083323212,0.005826736105064364,0.04863257347808463
6.74,8.801337409655152e-05,-0.00021173927327554457,0.9999277125873925,-0.0038318294337259303,-0.004562572425684837,-0.04694579189807826
6.76,7.202238949949735e-05,-0.00015977904257385438,0.9999318790273115,0.008951911139296175,-0.002655391246341415,-0.12808062218033903
6.78,3.956665398742684e-05,-9.264748282231945e-05,0.9997799779355399,0.00805974006684058,0.012356419787091179,-0.19444783148817027
6.8,-8.907499817645925e-06,-6.184531295428352e-05,0.9999560447808729,-0.005313486414677065,0.014508436178859468,-0.24593251886577785
6.82,-1.682374225526614e-05,-7.055004533721615e-05,1.000046548902377,-0.005118551223939493,0.003316192635211187,-0.28272911276946816
6.84,3.0201105403308847e-05,-7.345026583266519e-05,0.9997919123399225,0.00655606958719674,0.0035876099501017354,-0.30593713095301733
6.86,9.749182650610121e-05,-5.8783331957844415e-05,1.0000194058631722,0.005760205690559906,-0.008525192449875556,-0.31391451346091814
6.88,0.0001707264656893242,-7.453643089538279e-05,1.000473858408348,-0.008521675191529842,-0.007031469210585397,-0.3065453813321298
6.9,0.00021385889604578012,-9.892534867192193e-05,1.000046340413116,-0.012503848334602616,0.0046077528292917,-0.28664805448013997
6.92,0.0002381181396184898,-7.658035559522173e-05,1.0002580980837066,-0.002473985742966894,0.0018763765525726,-0.2506958087445504
6.94,0.00028915335673338746,-1.824129952917451e-05,0.999917946228242,-0.0035655367978998467,-0.011442894708657546,-0.20148098723366462
6.96,0.00035061008512067907,4.8360450580427086e-05,0.9999612556205645,0.007881932625556488,-0.012667701276232377,-0.1375465499324729
6.98,0.000371977417632576,0.00013696739264442646,0.9998984715044025,0.00649905769073173,-0.0004913546396703316,-0.059297567476187425
7.0,0.0003391276810355729,0.00020135975995153602,0.9998923806529842,-0.00709692632751264,0.00029195913236835754,0.032854570720711886
7.02,0.00030276131857374163,0.00023956797699091226,1.0000124373156312,-0.00903220439274365,-0.010713920109048794,0.11005588932891971
7.04,0.0002666506793056225,0.0003051575440478009,1.0000717334719686,0.002252118468393511,-0.008914988994194042,0.1721596840926656
7.06,0.0001874760952981382,0.0003995727055741513,0.9999126077329641,0.002525887229099878,0.004139209730172894,0.22010570471092203
7.08,7.409672621565437e-05,0.0004786242074376863,0.9999143887866413,0.01506148578498939,0.0049244787185214285,0.2534068947605994
7.1,-2.0477519309579782e-05,0.0005512479077153271,1.0000724823033769,0.01385987894031707,-0.00785705218566955,0.2715233508148185
7.12,-8.072720649752682e-05,0.0005703087228538374,1.0003191050173017,0.0005683088428858412,-0.008432597444703578,0.2754294802635958
7.14,-0.0001530631661302653,0.0005406451804790289,0.9997960332743965,-0.0006807082020251837,0.003241993881993351,0.2662104557725821
7.16,-0.00025864530370817726,0.0004991224550494427,0.9995373040458384,0.010509916040350986,0.0028476075243910274,0.24230087692645685
7.18,-0.0003513382801856329,0.00046418830804876096,0.9997008316137671,0.00894266449257044,0.014756923496781605,0.20339774928711124
7.2,-0.00042338788931467865,0.0003922403110146255,0.9998351698528851,-0.005759738612485693,0.01316578966656445,0.1496803821250477
7.22,-0.0004335422632325873,0.0002983754815311136,0.9998523220253592,-0.008610429455948048,0.00011773165869594538,0.08202334449565148
7.24,-0.0003965983318442481,0.00023424631541064792,0.9998218954276685,0.0014239828661554421,0.0006513460877179739,-0.0002202887503347844
7.26,-0.0003619438355620681,0.00020317810409588733,0.9997136703954141,0.00011720947055055266,-0.010375222106541782,-0.06791159703064674
7.28,-0.00032459073040180933,0.0001661707092057857,0.9998734890870182,0.011053810127318523,-0.008870061113709707,-0.12063596688625766
7.3,-0.0003260886851431199,0.00013139336017523902,0.999860505681794,0.008510274653332678,0.005644305775239915,-0.15876178316166856
7.32,-0.00036731232839649306,5.781576648500864e-05,0.9998468449906178,-0.006055924330067622,0.007980472135184716,-0.18276254039191117
7.34,-0.000391357445474675,-5.34006180569187e-05,0.9999685062478645,-0.00697158997694814,-0.0034195591432800484,-0.19177107352492018
7.36,-0.000379148600134986,-0.0001462858490340692,1.0002193389851632,0.004313345945730133,-0.0027559081751102996,-0.18638436392126165
7.38,-0.0003740604905031609,-0.00021281449147199838,1.000056148978714,0.0030621107286478272,0.010706048059472286,-0.16711056772094252
7.4,-0.00038394729586263614,-0.0002952014293184644,1.0002413352383233,-0.010673409449473228,0.01196521397688642,-0.1331060833671695
7.42,-0.00035706745640361854,-0.00039508351467164554,1.0001646966991535,-0.011664604415739117,0.0001975485338880312,-0.0849103556365927
7.44,-0.00028003469771622385,-0.000460902346453572,0.99994729217089,-0.0007872163196366533,-0.0001921039690488284,-0.023023793504138648
7.46,-0.00019819257674723957,-0.00047899805268902996,0.9999172828562832,-0.0024647492692051244,-0.012317653733494431,0.05341335319743949
7.48,-0.00011711424862552753,-0.0004939029945799157,0.9999805668296751,-0.01611197726528288,-0.012014330915651128,0.11517029965464956
7.5,-8.631133910409311e-05,-0.0005015110517909044,1.0001624886498879,-0.015713627089945986,0.0017936868774965638,0.16166600111792137
7.52,-0.00010773754582337908,-0.00045372830326877384,1.0002107116469305,-0.0034682514543451647,0.003556347551303951,0.1942858957879712
7.54,-0.00013191948908677014,-0.0003482813509012837,0.9999912465758954,-0.004221338518373309,-0.007822543914884334,0.21275831545130736
7.56,-0.00014373487116763875,-0.00022501284910736856,1.0002305622676446,0.008887950006366562,-0.005247196172186417,0.2155042131973558
7.58,-0.00018546462619027632,-9.3171417435667e-05,1.0000545971482748,0.010927109691745202,0.008287144222576016,0.20475608162085893
7.6,-0.00023939931591304264,1.357009839782493e-06,0.9997534902755706,6.525984144810325e-05,0.008697438184411528,0.1792980522511151
7.62,-0.0002489256283370296,5.7116502073758856e-05,0.9998247913378626,0.0017071465070477613,-0.0029775070699133563,0.13881549534597568
7.64,-0.0002258501341381596,0.00011848643303493806,0.9997793797405273,0.01614835280652497,-0.0011561143670966978,0.08382938977116407
7.66,-0.00021328352298028545,0.00017167540531012315,0.9996811939662631,0.0184180320520373,0.012325111071403232,0.01489838004947154
7.68,-0.0001998947286500982,0.00015751033474093706,0.9998207055457908,0.00838857136517205,0.01307356622849998,-0.03934711446308998
7.7,-0.00014047171483613755,7.67099338091744e-05,0.999694816065818,-0.012575222448028965,0.0017301743524174027,-0.07967453666669574
7.72,-2.500438138125357e-05,-4.321663537359624e-05,1.0000538868177193,-0.01884054073134081,-0.023960046572804067,-0.10420310220583716
7.74,0.00010496035364803784,-9.667074114997654e-05,1.0018461890761026,-0.01089812383186326,-0.03548666425129887,-0.11232455317353035
7.76,0.00016311503473742976,-8.046461023510268e-05,1.0029946200747986,0.0075170039743452845,-0.03603193868630624,-0.10767606881949542
7.78,0.00013460176189115087,-2.6588237403301035e-05,1.0027655401566304,0.014740512037725171,-0.02554477337975144,-0.09114419834171009
7.8,2.2655019551873472e-05,1.9035989352423184e-05,1.0008939455460821,0.011470704319261069,-0.004760615547497735,-0.06334715995862267
7.82,-0.0002194077361356058,4.53779309737557e-06,0.9999651737508046,-0.005480887644498026,0.0028814444895062363,-0.020109822736726873
7.84,-0.0004883148591274157,-6.499280764393082e-05,1.000055260310253,-0.008617828507456963,0.023566977248556487,0.03914687120985955
7.86,-0.0007450130896976563,-0.00011273165189017705,1.0002340636436515,0.0004472790754740618,0.03196176650037976,0.08399899962281655
7.88,-0.0009172940174246458,-0.0001258415043908248,1.00011992007091,-0.0036783091531039386,0.02741144613933139,0.11459095702694165
7.9,-0.0009634789249494522,-0.00013010893473650156,1.000034669979682,0.0034245841398221864,0.01101227950298554,0.1306729027455577
7.92,-0.0009070007758422302,-0.00010838675267295464,0.9998562788331095,-0.0016324392178294134,0.006193152481199379,0.13266424712622613
7.94,-0.0008069044567100324,-9.421471201841373e-05,0.9995999521800826,0.006222031878864095,0.014676933060171605,0.12009168484528725
7.96,-0.0006804029952877857,-6.915470118395646e-05,0.9998957020856387,-1.2346269594254105e-05,0.008817320531274696,0.09176814672520638
7.98,-0.0005009353512271603,-5.94265601678826e-05,0.999735748505064,0.004896610185435379,-0.007841634966167393,0.04996916784397792
8.0,-0.00028510991182414204,-4.629548570604138e-05,0.9998137766149585,-0.0025464659071530783,-0.01255943369024602,-0.006334626471537251
8.02,-9.843269455739919e-05,-5.3346481768940504e-05,0.999790375039717,0.0014335709814905764,-0.005647418079704877,-0.04832993801874551
8.04,3.674229019513705e-05,-4.964070189031407e-05,0.9999407959448747,-0.006819399527092364,-0.010876348056932413,-0.0756079596316229
8.06,0.00014962639608574594,-5.04405029330175e-05,1.0000556998979024,-0.0034089184170292652,-0.004412767825788457,-0.08862122801946712
8.08,0.00022460599372963225,-2.3340405624957024e-05,0.9999108638977889,-0.011568390618694661,-0.009205593816166207,-0.08776155208513797
8.1,0.0002827181312633198,1.9281856445495087e-05,0.9999516486377388,-0.007602278957479486,-0.0019545295423581506,-0.07233958334505584
8.12,0.0003090114290321212,0.00010990669138542125,0.9999677758986585,0.00931724375494237,-0.008005019325406062,-0.04209455158338647
8.14,0.00032985514583480836,0.00023040873736669085,0.9999415108920275,0.013184778698889368,-0.0006355925212406847,0.002735427841530822
8.16,0.0003181833676075044,0.0003160589184892313,0.9998686750903275,0.004990607310658194,-0.004842040133789695,0.06151323641572593
8.18,0.0003041418282524951,0.000349307803687296,0.9998443104977487,0.010378847248970521,0.0044514139586428894,0.1054299480414466
8.2,0.0002717916039037448,0.00036116299841378594,0.9999475706489237,0.0023314094843362022,0.00038626120411331695,0.13413266410532476
8.22,0.00025963829684643553,0.0003369968678035835,0.9997855632517652,0.007130170634311796,0.009344952231992762,0.1486516884367627
8.24,0.0002506333871370438,0.0003026432288780998,1.0002224227818135,-0.002221118801562816,0.004070938653866715,0.14724776898931716
8.26,0.0002727129249117249,0.00025121362949813637,0.9997566339721512,-0.001362910161723312,-0.011281740775277929,0.13327883374093694
8.28,0.00031165549021445744,0.00021257184477790284,0.9999324173897322,-0.01345213930589108,-0.01404853278159548,0.10399425954557427
8.3,0.0003036092480977125,0.0001733483305662167,1.0003204350329347,-0.011990806184768965,-0.003043408318617689,0.05957082167295864
8.32,0.00024568523064311755,0.0001728536950706833,1.0000336588938894,0.0004205990983393336,-0.0025345813126208625,0.002504311349390792
8.34,0.00017344434761635218,0.0002174922714859281,0.9996555072052519,0.0007994523646804928,0.009340146315624819,-0.06860180376774958
8.36,9.00196196684537e-05,0.0002601998295854179,0.9997952579387152,0.015222811355010267,0.007455414933261529,-0.12369662114028047
8.38,4.1645034803603635e-05,0.0002974430068617274,0.9997912544169161,0.018441688054815258,-0.005859474176473078,-0.1646775421969201
8.4,1.726555548474148e-05,0.0002650986759122548,1.0002070211333332,0.007906819239474666,-0.0055419775234143145,-0.18973667870403385
8.42,-3.4618871386617e-05,0.0001788996614737777,0.9998288918174381,0.0076992403375651,0.00491967848725755,-0.20185773447316865
8.44,-0.00011560663300470267,6.452433878382788e-05,0.9997344523562548,-0.004908154823524576,0.0030249885570301483,-0.19931052357433204
8.46,-0.00018473562401777655,-8.046300160795637e-05,0.9993198624931506,-0.00607850399079139,0.012204732345563808,-0.1830445752287061
8.48,-0.00023421443987604087,-0.00020436842469976886,0.9999625229662805,-0.020736993197667107,0.008284736552642242,-0.15063653154003617
8.5,-0.00023923321992065628,-0.0003154441050997412,1.0000733665757848,-0.023125244232702867,-0.008036995750470205,-0.10443577044609888
8.52,-0.000199095384958438,-0.0003494856125905163,1.0002586482742757,-0.01339160252979698,-0.012434589759273515,-0.04430965295023193
8.54,-0.00017840315972094705,-0.0003005839918648161,1.0000015029435332,0.007614665150169027,-0.006082819359063619,0.028851900645588718
8.56,-0.00020583183017713322,-0.00019507301626020757,0.9998909309351786,0.01722404677650892,0.011713077064094595,0.08719245980158678
8.58,-0.00025812738646612454,-0.0001227178287074753,1.000107219408951,0.01326597839694587,0.015787437014290757,0.12978977353049168
8.6,-0.0002634481385651109,-0.00010794587583133993,0.9999671200765601,-0.003639710393868002,0.0076537493358341865,0.15804043656650063
8.62,-0.00019852447951963415,-0.00013811717701586694,0.999950143810427,-0.008932614688126499,-0.012104794085144057,0.17167038077708618
8.64,-0.00010538940422293207,-0.00014884752994155038,1.0000591169953126,-0.0009916229344528239,-0.018352822732247382,0.17009471964198236
8.66,-6.368449160678056e-05,-0.00013386313891183198,1.0000652214320147,-0.0046024111205045575,-0.01318507582251321,0.15435275618543473
8.68,-8.950718903296187e-05,-0.00012676312916456135,0.9998480344696727,0.004747141474095119,0.00506242276435826,0.12441566725690413
8.7,-0.00017211132288192635,-0.0001092446653108571,0.9998460945699736,0.0007354476427155102,0.009405239997570567,0.07934653258683383
8.72,-0.0002329143616133872,-0.00010754944593459705,0.9997967536447876,0.008624422112099133,0.0023480406556851533,0.02014076865975857
8.74,-0.0002553580334614747,-0.000105805453089523,0.9998882573642122,0.004071359571119192,0.007064349854411375,-0.05338367177136313
8.76,-0.00026829399952598006,-0.0001363402372168828,0.9998235397976708,-0.011774402002281139,-0.0003964484193836409,-0.11268684871393314
8.78,-0.00025237099870070826,-0.00018559566958732893,1.0000582572839096,-0.015249198455213966,0.004216776368795546,-0.15698398387958182
8.8,-0.00023300029239566183,-0.00019111444769565565,1.0000932915536662,-0.005663230067385484,-0.003851762688328116,-0.18664676125444257
8.82,-0.00018946115882152796,-0.0001434408682488902,0.9999009476330966,-0.008943352402889921,0.0012653224775042403,-0.20208229885337925
8.84,-0.00015787232372419012,-6.8437656431114e-05,1.0001469351950378,0.0016492235343248548,-0.007533752212100683,-0.201881783365864
8.86,-0.00011575229787081986,3.6100811762069697e-05,0.9999514832433255,-0.0002116769235473448,-0.003550589501417168,-0.18783906239935785
8.88,-0.00010554958703049288,0.0001401200459944617,0.9999706468075868,0.011261036247715744,-0.01340341129889248,-0.1587253781543852
8.9,-0.00010906188916385975,0.00024751740656082596,1.0000443707885216,0.009459118837997623,-0.009704994514330939,-0.1147588066760968
8.92,-0.00016765931787607436,0.00032180207292816,0.9998666846361086,-0.004976861447805808,0.007127783684089236,-0.05667822288525806
8.94,-0.00027215204517175035,0.000360529669876965,1.0000529661406128,-0.005770269528663914,0.009783569175982021,0.01658772736017545
8.96,-0.0003491213864240956,0.0004161573925319711,1.0000278579275101,0.004537534259031946,0.0005949126521914716,0.07570166002581454
8.98,-0.0003885423596021765,0.00049469670760776,0.9999526153435472,0.0029657908327803822,0.0030550089740704754,0.12042060057292538
9.0,-0.0004243618297428232,0.0005560952666369427,0.9997697482569462,0.012880139741698713,-0.006188642017999523,0.1508505841951661
9.02,-0.0004446819760800393,0.0006056795996682594,1.0002316729307719,0.009899260971466406,-0.0026236180185750554,0.16587051947426523
9.04,-0.0004773704763190743,0.000614761475398648,0.9997342372116632,0.017156560670444083,-0.009036784306114702,0.16835612162990343
9.06,-0.0005147778896745685,0.0005730617872978849,1.0002965601293825,0.010951680690639945,-0.0019979235493198565,0.15486085738566333
9.08,-0.0005686662903976698,0.0004809625330139083,0.9996748398759252,-0.006242084586801249,-0.006140422066137693,0.12885162512827691
9.1,-0.0006238684712229265,0.0003358493722002737,0.9999039406683702,-0.009063278579518831,0.004606840027080422,0.08670716693398448
9.12,-0.000703918903343707,0.00021036432210401948,0.9998248853671929,-0.0003776574717776299,0.004230617603255788,0.031096279966909553
9.14,-0.000768845137330335,0.00012230042361583457,0.9997840876535449,-0.004014001990632346,0.015348235975358403,-0.038814022004073245
9.16,-0.0008169040768661213,3.6337123131132583e-05,0.999810903059448,0.005833110698259852,0.013268527301923124,-0.09352525184443164
9.18,-0.0008042755798394141,-3.618596678444718e-05,0.9998321233541326,0.004366443496306772,-0.0005159098498794585,-0.13374906304026662
9.2,-0.0007422630487446262,-0.00013613277767006584,0.9998329141369806,-0.010058581188105835,-0.0012845227623459459,-0.1589768469625735
9.22,-0.0006848812061169511,-0.0002538380006555929,1.0001025256693006,-0.012297576113847353,0.00998846110592803,-0.1693858138439122
9.24,-0.0006264354555760511,-0.0003367177176565401,0.9998785038099328,-0.002169694225822731,0.008887980888723515,-0.1657890090021755
9.26,-0.0005178686485389242,-0.0003755922684966158,0.9999437262542599,-0.00426334535428745,-0.004173304164363104,-0.14724452131933735
9.28,-0.0003744300168023029,-0.00041185620075207685,0.99992028895116,-0.0192410376065485,-0.0038147422643913,-0.11407933532349308
9.3,-0.00024606832634989096,-0.00042746191241485647,1.0002482760207936,-0.020735464024590738,-0.017339121375992812,-0.06546368563619402
9.32,-0.00012372544006070582,-0.0003707538064508315,1.0003537498559791,-0.010725568460202912,-0.01944074684600065,-0.0034315812730852644
9.34,-5.59561892993614e-05,-0.00023951442462518107,0.9999551654067066,0.010385310061025376,-0.010928081932462664,0.07157878646416428
9.36,-6.910255467734357e-05,-6.340405232665362e-05,0.999803614425595,0.020134094919376087,0.009208169223950645,0.13161255787556392
9.38,-0.00012653610522968397,6.397665842099395e-05,1.000093183275476,0.016278499961975113,0.015482363556793475,0.17563564183622382
9.4,-0.00014294888738001122,0.0001259715451273169,0.9999432988357587,-0.00030871298115102235,0.00972708554145825,0.20539272444399495
9.42,-8.422566976065132e-05,0.0001325789053910979,1.0000261675350788,-0.005089111423098121,-0.007786151292661373,0.2202725854138294
9.44,1.0438964306634757e-05,0.00014787819682729296,0.999993278467361,0.0029662313680752575,-0.012142313196733097,0.22046379462818183
9.46,7.190238477823026e-05,0.0001755823608783068,0.9998434539809147,-0.0005620801603277415,-0.0050507514036565275,0.2065493260505847
9.48,8.839131238353216e-05,0.000181002469294283,0.9997847988927822,0.00815382459465621,-0.009704413954686235,0.17818471425450969
9.5,8.4432117171458e-05,0.00018445623694393566,0.9998457353571003,0.004744350360855479,-0.0025232576934031826,0.1353885356710826
9.52,5.004447960019387e-05,0.00015131993295758786,0.9997409463142654,-0.011300480169955728,-0.008668848924956899,0.07816544747281944
9.54,7.31860909949625e-06,9.553187405556033e-05,1.00021453235545,-0.013444300471078589,-0.00041333744533199687,0.005316558368752462
9.56,-6.614321435165864e-05,7.400055735459967e-05,0.9999982511905009,-0.0045156883753037095,-0.0026371165754306277,-0.0782355235477977
9.58,-0.00014146174775525909,0.00010561709383367595,0.9998145009658795,0.015869366363015922,0.007927443147784033,-0.14711145348037602
9.6,-0.0002263138602617907,0.0001570536013195966,0.9999261498420976,0.023846337744159632,0.006558361858967178,-0.20092074408115837
9.62,-0.0002913423686444149,0.0001480542842548754,0.9996994345779111,0.018957689091827927,0.017639276619921682,-0.24026681052473792
9.64,-0.0003492099705736184,3.37882912460292e-05,0.9998183841235934,0.0017958343090355296,0.015758844631627328,-0.26495134302405837
9.66,-0.0003611756442492494,-0.00016254948696830672,0.9996502245211577,-0.002170302638148423,0.0006703469664081739,-0.27552884312576753
9.68,-0.00030815268592051945,-0.0003845628969567234,0.9999705766035869,-0.019809602643162512,-0.00035970804819386733,-0.27029519878010694
9.7,-0.00025094272040854584,-0.0005998689862449974,0.9997945728382578,-0.02507689247307832,-0.013904186082997778,-0.25114623608973785
9.72,-0.0001715788430093819,-0.0007288270394942811,1.000189502180857,-0.01753142380907711,-0.014625334868252552,-0.2170569651319518
9.74,-0.00011756489476050905,-0.0007606865747683149,1.000158950217113,0.0011881614379259055,-0.004272945400719277,-0.16973061345436244
9.76,-0.00010419485634359999,-0.0007141798156600662,1.0000726101937831,0.00783227056436604,-0.005389197299792196,-0.10819319445053859
9.78,-0.00010829513753702852,-0.0006694884357850944,1.000023386791304,0.001522811108378123,0.0071614442711967945,-0.0320436448892807
9.8,-0.00013684398466309045,-0.0006532314831554017,0.999995817283124,-0.016791132350006795,0.008477788117020813,0.057939241833619995
9.82,-0.00013621233047280418,-0.0006441713048380719,1.0001497186485482,-0.02339109678687188,-0.00198379857760292,0.1329817727894458
9.84,-0.00010678932836130093,-0.0005687970852322369,1.0002268595649966,-0.016864767631445784,0.00034903424281215305,0.19284971706258988
9.86,-9.640995561131618e-05,-0.0004074488953446062,1.0001366772247773,0.0009816522076856972,-0.009612505361083384,0.2387087145473221
9.88,-9.74686265500356e-05,-0.00018049785998007332,1.000081487502917,0.0068857063811196915,-0.008126997302956917,0.26994831568828354
9.9,-0.00013200326115875367,3.4409429125571044e-05,0.9997818418417285,0.0016376931630329658,0.00476892619097699,0.28727575594989174
9.92,-0.00019346941581809622,0.00020955935496146165,1.0000583643056835,0.009307538225074954,0.0050935035762964586,0.2892506113682289
9.94,-0.00023759800100607621,0.0003838140496513194,0.9998463996926314,0.004505387584513636,-0.007117775082299806,0.2774024879718539
9.96,-0.0002466094133109629,0.0005231647968411572,1.0003692304412577,0.013888977135471532,-0.0045737138602966534,0.24956741138494412
9.98,-0.0002720403865794635,0.0006440108891659029,0.9998987976521428,0.013025958357472162,0.008011674088594852,0.20953923324152254
10.0,-0.00030169674189712333,0.000702896568632455,0.9997489275524095,0.02461402129380935,0.008805324231506066,0.15465072508190636
10.02,-0.00028910776369434874,0.000717394452990253,0.9996825889503564,0.023027874909393013,-0.0038375816078788133,0.08482160008247852
10.04,-0.00022441833199099296,0.0006360681271898841,0.9998675527673382,0.008897762477703517,-0.004479710131891305,0.0009027146355931748
