0.02,0.5,-1.0,1.6979243794846133,-0.000284845327999387,-0.0002833795837997088,0.005159016924469843
0.04,0.5,-1.0,1.6937471196628406,-0.00850615736593535,0.007447978575602363,0.014899058514556666
0.06,0.49999775663212476,-0.9999977681758557,1.6935296398781432,0.00046894017333407116,-0.0017485144765626561,0.004303988448445652
0.08,0.5000412331873476,-0.9999417258936362,1.6956375065891653,-0.005971626798421945,0.0038183230751829677,-0.024451670226116357
0.1,0.5000760150414831,-0.9998880947073542,1.6987799033965836,-0.02577513301888141,-0.004166652306426269,-0.03699695314209936
0.12,0.5001221345856128,-0.9998176540109657,1.7008682534413724,-0.033990651020085756,-0.023643210297139384,-0.036647110489537144
0.14,0.5001555529206027,-0.9996450620694894,1.7029785535698767,-0.03031823886883648,-0.030987727253059354,-0.022371899764367126
0.16,0.5000113037343737,-0.9991960201449114,1.7091023785015034,-0.04339351549530771,-0.021992278953154695,-0.029136458500335624
0.18,0.4997916353141631,-0.9986700906522052,1.7137929451340894,-0.046797533497980874,-0.022529466950592682,-0.046923208676169066
0.2,0.4995045741765859,-0.9980009415764314,1.7178217077631501,-0.039710140965762405,-0.013332867042659671,-0.052004406292939016
0.22,0.4991107856056994,-0.9970803582116822,1.7231948104464108,-0.04693251223049606,-0.01706100695516176,-0.03988909763417163
0.24,0.4986840751288748,-0.9960411250990909,1.727604436854688,-0.04403374468086898,-0.010238531790301793,-0.0158317053794218
0.26,0.4981746258436628,-0.994741989999775,1.7335693526316867,-0.026055524529160864,-0.018515866539080262,0.026277545542711046
0.28,0.497630060202611,-0.9932789689341049,1.7393447937252597,-0.020156342301496516,-0.037617186221571806,0.08260445462259924
0.3,0.4970174906002891,-0.9917261308983242,1.744766241876251,-0.025494339206723875,-0.0456789982096766,0.12496779159449974
0.32,0.4962822480901248,-0.9901213775492456,1.7494098994873852,-0.04081492336285419,-0.04323212998991054,0.15425312929037582
0.34,0.4954273664221408,-0.9884695430527977,1.7526090043494855,-0.044715715666886695,-0.030279423229812787,0.17134285289874876
0.36,0.49438339495116324,-0.9866885675231818,1.7557585604972197,-0.03620755797626387,-0.029638807208191946,0.17475128003950335
0.38,0.493149446744993,-0.9847108350538949,1.76008062005728,-0.040851453828332905,-0.01628428238743205,0.16121314399427908
0.4,0.4918282927132779,-0.9826590047325149,1.762969746188565,-0.03586610736325645,-0.01248845349323053,0.13676535923928676
0.42,0.49044736624406166,-0.9805073889566568,1.7646321929553577,-0.041627345807525896,-0.02046082136054595,0.10055649863479531
0.44,0.4890309396207908,-0.9782856658360342,1.7645030523663248,-0.03731540767533393,-0.018674694592100513,0.05313919194441262
0.46,0.4875122125674811,-0.9758996836446667,1.7646745958226815,-0.04548404086320991,-0.02880631938378031,0.019563634843266085
0.48,0.48593264277594694,-0.9734064190328021,1.7639419087193884,-0.043562934697166454,-0.028230014610549598,-0.0018612744157452366
0.5,0.48422683714259596,-0.9707221407783424,1.7635893459579737,-0.04336024845675625,-0.013792695647983796,-0.008610474715983642
0.52,0.48239025912676187,-0.9678351176116823,1.7640178472967305,-0.029265493119378243,-0.013217423300355576,0.0015376737253107481
0.54,0.48048407843092555,-0.9647195503406895,1.7658410168627032,-0.028875817721915404,0.0003680533423329762,-0.00554925375593286
0.56,0.4785428556879651,-0.9615256379609383,1.7665229251628538,-0.03852818945879168,0.004509911898395433,-0.0004519068883251658
0.58,0.47660546689638333,-0.9582262027301239,1.7670431263515212,-0.03629689450385474,0.016368489225205635,0.01849886836902112
0.6,0.47468588838050507,-0.954794024871227,1.7671683109988934,-0.022911941884816656,0.016498454307730913,0.024389737763040206
0.62,0.4728286905980107,-0.9512238975637645,1.767230757690542,-0.02152878764206552,0.027708976585872475,0.015731787630296225
0.64,0.4710288851792195,-0.9475758467747019,1.7668625539478255,-0.031082122656259082,0.02816986371155891,0.02073725582501385
0.66,0.46935488086727567,-0.9438317181372253,1.7671070414722247,-0.0282343388093095,0.015655157630672795,0.010629253373481268
0.68,0.4677412248650326,-0.9400235987626733,1.7655650354525005,-0.01659583049995135,0.011974014103357116,0.004756780324254742
0.7,0.4662162833028441,-0.936057976162478,1.7657793465691172,-0.019124563617482795,-0.0054402446025910685,0.01653386399178724
0.72,0.4647406768455059,-0.9320291964166691,1.7660964566163184,-0.009435725496647014,-0.010785257245506838,0.04243430436520853
0.74,0.46324823302756213,-0.9279439074815756,1.7656677647650882,-0.01022788096289242,-0.0058873508560776,0.055291079031511724
0.76,0.46170873621879804,-0.9238236666804958,1.7656597411326314,0.0016359051095507537,-0.013570861711892057,0.05317980028125679
0.78,0.4601454339332665,-0.9196686134903441,1.7656592876795785,0.0016732887778892834,-0.009682181991533357,0.03669797075627896
0.8,0.45855360108707705,-0.9155228795137401,1.7639711104474827,0.01188100502745655,0.004554218589884836,0.009208582081688805
0.82,0.4569373768651291,-0.9113867258732274,1.7610654375038688,0.012195586844382768,0.009144783096107476,-0.006473780110993982
0.84,0.4553351707214979,-0.9072861936375277,1.7568978142340108,0.023602635667711855,0.0025558539212085685,-0.01012271875194341
0.86,0.4537948591206372,-0.9032713498462832,1.755457487757665,0.01906200269367174,0.011622905313182547,-0.03221059772158887
0.88,0.4522630708357547,-0.8993319674031008,1.7531250606291782,0.026280281331188354,0.008620273751435356,-0.04152414035424196
0.9,0.45078158977401306,-0.8954826446179783,1.7513086738903658,0.01965221563041655,0.019487720077622506,-0.034879461063725845
0.92,0.44933983002337385,-0.8917725437168841,1.7506618119375448,0.028049266699446594,0.014700455707804708,-0.011791183480349547
0.94,0.44795084161201076,-0.8881215875062046,1.7488298840731162,0.026712852608008646,4.9757389749539925e-05,0.022945343932768494
0.96,0.44660993467295357,-0.8845659904770683,1.7463317719547031,0.013561720061575435,-0.025749564215203385,0.058289533241229305
0.98,0.4452726287668172,-0.8811059501848737,1.7433628337185196,0.012660720756529843,-0.03852290422931864,0.07998083602972784
1.0,0.4438509189413054,-0.8777010878197002,1.739916801967267,0.0010184595230532767,-0.04004614630590125,0.08849473153788331
1.02,0.4422681287480478,-0.8743678843345698,1.7368985264791839,0.003883639486495819,-0.02732044595568626,0.08160929372515555
1.04,0.44053765598119865,-0.8710550608103971,1.733711307752912,-0.005573533674797551,-0.027723335204780163,0.060199575772706106
1.06,0.43871319970085787,-0.8677672254402363,1.7301625906870048,-0.0021724160243798015,-0.015221602230047877,0.024817002053613448
1.08,0.4367423374639999,-0.8644620781202994,1.727988873892485,0.01568487759810411,-0.016208972324261495,-0.0269702059848768
1.1,0.43470861740196587,-0.8611525480898448,1.7261392210756887,0.019218900357517856,-0.003196616766797717,-0.06319415737600989
1.12,0.43260012966900624,-0.8579166003844191,1.7249868743849268,0.009547057082851865,-0.003404491743888192,-0.08409342010033212
1.14,0.4304764292048203,-0.8547580627555604,1.7238300304388499,0.011799786363515124,0.00468134142179171,-0.09046772956859492
1.16,0.4283386688945526,-0.8516379674385628,1.7225919665143028,0.0022704343051187566,0.0010184474290070153,-0.08284261939125351
1.18,0.42621696151764715,-0.8485682718561703,1.7213288417156172,0.00590209646992302,-0.016176437873232096,-0.06070001382355304
1.2,0.42409919077940217,-0.8455069211921755,1.7184501215831696,-0.0007894276655064159,-0.022886697133878326,-0.027129997169867828
1.22,0.4219261364804181,-0.8424656656563021,1.7151303099079873,0.004458712079459698,-0.042378858203819265,0.02014546311380317
1.24,0.41966163673527657,-0.8394216759374226,1.711988960295511,-0.0022812858069777803,-0.04965986331045234,0.05280432145147318
1.26,0.41717459393100276,-0.8364089690861316,1.710244461344957,0.007088871028579887,-0.04151830559153501,0.06824739956789658
1.28,0.4144892805561218,-0.8334005686172022,1.7086153799369093,0.005253536940711129,-0.021521421335607138,0.0690941211236752
1.3,0.41162023276932924,-0.8304401895155507,1.7076172610015108,0.016944859844774302,-0.014116288715603288,0.0546124480480261
1.32,0.4086778393884168,-0.8275069441830221,1.7063062422204114,0.016999972971654852,-0.017995580933365576,0.05374308326213884
1.34,0.40568126759474565,-0.8246531887978892,1.7054075943570768,0.004726124798977065,-0.009278306154966462,0.038015252144587536
1.36,0.40264025227577405,-0.8218520142828305,1.7033655258750064,0.0025518864827957723,-0.010095996633673094,0.010204335037055876
1.38,0.3995819130435102,-0.819064939384663,1.6996400826370508,-0.008949310240745563,-0.012815796019785532,-0.006648437640009446
1.4,0.39648415663624853,-0.8162919319181,1.6962234675717813,-0.008297898398708203,-0.003383087830996818,-0.008635056714509318
1.42,0.3933328778445209,-0.8134816034955009,1.693332485105,0.0061351772376501195,-0.00801227882760541,0.0052335514097710655
1.44,0.390169885653738,-0.8106366809315952,1.6910179188068255,0.007872427896052088,-0.00019161902126604423,0.0037192793840558265
1.46,0.3869783118208169,-0.8078191428048552,1.6887610739871488,-0.0024742375620919496,-0.004267524893907439,0.01649796092776676
1.48,0.3837890055534629,-0.8050480917811023,1.6881356425209917,0.0015572206479350862,0.005546452146819845,0.046391110777034124
1.5,0.3805904460624065,-0.8022728405988829,1.6864576097607495,0.015643420594423366,0.00519655060150448,0.06412845069029009
1.52,0.377414472133569,-0.7995048130824314,1.6843254630152704,0.01707326116217768,-0.007754722198853815,0.06788507149937983
1.54,0.3742693943336038,-0.7968080524371008,1.6827604293987468,0.005647655415473149,-0.007859708821947784,0.05662259008743121
1.56,0.37110786497094206,-0.794166048879371,1.6802447839730452,0.00477380754071997,0.002525171166309411,0.0506255157833678
1.58,0.3679201646246218,-0.791550357215434,1.6777053751820747,0.01585749093307391,0.0013492408728712911,0.030389052884220016
1.6,0.3647436147432088,-0.788950667980901,1.6741371348124066,0.01673009819473917,0.010166162253079137,-0.001957277540081048
1.62,0.36157557621812464,-0.7863992210935897,1.669536493205882,0.007588931084546884,0.008683996631799076,-0.022216877201615755
1.64,0.3584568863858492,-0.7839265456810169,1.6655635109907185,0.011368618512848962,0.019644806101085103,-0.02684198550797087
1.66,0.3553771431666771,-0.7814890764424901,1.661873842113182,0.002945069277746358,0.01832149811931781,-0.016816549045549096
1.68,0.3523774926015965,-0.7791014298057182,1.6582485125745237,0.006158047959724801,0.005348223159301775,-0.021346336066401492
1.7,0.34946088609583414,-0.776730443455825,1.6550858843979586,-0.003765199185917145,0.005331295966011657,-0.031448169932432705
1.72,0.34657036387119444,-0.7743896876389966,1.652450357381123,0.00046985636592346736,-0.008972631191147454,-0.0259259290505308
1.74,0.34370710151728107,-0.7720351107005601,1.6503806091549542,0.017554289657479807,-0.010674148104075477,-0.0052879687688892835
1.76,0.34081400865596173,-0.7696836780888889,1.648023156251448,0.021878717649612266,0.0005119268255442548,0.029605231034646885
1.78,0.3378855542471032,-0.7673966074011351,1.6452945463503044,0.03757899780765665,0.0005387191447045357,0.050732318753642425
1.8,0.3349635457163485,-0.7651789592078146,1.641721764313379,0.041891265583109405,-0.010669981782581031,0.06899004258297164
1.82,0.3320512688297861,-0.7630678418706278,1.6370124149092944,0.03632348498141038,-0.011620087913673086,0.07565586129294616
1.84,0.3291160296672768,-0.7611014805318004,1.6317382011781951,0.04319779650079529,0.00039006703228102965,0.06921963871692012
1.86,0.32613672306221075,-0.7593351937454961,1.6278841884295823,0.03586426287249226,-0.002010137733333888,0.07892448501402657
1.88,0.32317141338124056,-0.7577109343132391,1.6233685150179364,0.040676264159633185,0.008390827209334461,0.0756995704500364
1.9,0.32021314586838073,-0.7562625723241615,1.6197871372736412,0.03213164040527523,0.005102545877057826,0.08786882688186479
1.92,0.3172967369477629,-0.7549514882993817,1.615689591864675,0.035888954043030295,0.014854888728022087,0.08677372903668876
1.94,0.3144265709976721,-0.753814702737004,1.6131551032619835,0.024406190481204362,0.00957143796347391,0.07542104344909364
1.96,0.31161094555277224,-0.752778710329342,1.6095941585332654,0.02289779842425432,-0.005212555964310288,0.05154117874823782
1.98,0.30883296135318566,-0.7518160825489837,1.6051793078692287,0.010882909553495286,-0.009547788973927947,0.01548798270926973
2.0,0.30604632235868706,-0.7509203388505632,1.5996971991102606,0.010213713227989816,-0.025189829121778657,-0.013431727312364004
2.02,0.3032203102041328,-0.750075280041626,1.594810703061264,-0.0031214845950804,-0.028200249327508694,-0.057366674764083254
2.04,0.3002738813813481,-0.7492791823514571,1.5908778505182422,-0.0037005256386791387,-0.018224566574631423,-0.0851350557858107
2.06,0.29717015267088687,-0.7484567651430407,1.588755542071519,0.011077637066631644,-0.024072271128736823,-0.09496194163579863
2.08,0.2939726220543317,-0.747606733482511,1.5881373984249862,0.010103698644922289,-0.01421162467769231,-0.08743037671018149
2.1,0.2906957999280241,-0.7467862670367877,1.5868885126439285,-0.0019994074435014052,-0.015119427487239366,-0.06701494387423466
2.12,0.2873845970814151,-0.7459885639853973,1.5842123342999201,-0.004877468257141234,-0.006939689965489175,-0.03525377720588826
2.14,0.2840354558374686,-0.7451833578856745,1.580371505726239,0.0031683153667023773,-0.010180880400813224,0.008879609395636074
2.16,0.2806683876437,-0.7443628425750574,1.575763384528906,-0.0005820231014849974,-0.0011713639999196227,0.0660867929213119
2.18,0.2772631245304187,-0.7435565464147966,1.5713438620119153,-0.01778182330371995,-0.005344322652051826,0.10796377988145256
2.2,0.27385440820985396,-0.742748181058302,1.568761865266807,-0.01884947101978068,0.00657599362225537,0.1317956730012434
2.22,0.2704206961943896,-0.7418736096489509,1.5661790930320867,-0.007977610511319795,0.00638801286240028,0.14158588469729816
2.24,0.2670108150544459,-0.7409008036902952,1.5647465309592226,-0.012193252156385023,-0.009231767809636063,0.1348920055351989
2.26,0.26362648642575215,-0.7398911714499535,1.5636857026403563,-0.0027523622258595797,-0.010947179834167767,0.11255514711551269
2.28,0.2602213768851426,-0.7388583883225072,1.5609294003549292,-7.045163715562734e-05,-0.006039553635648335,0.08066916984614005
2.3,0.2567932444531146,-0.7378230700829211,1.5566120025047367,-0.0075540736949199095,-0.01179663977922576,0.037408966287153164
2.32,0.25334995757302664,-0.7367901024897234,1.551476798453416,-0.003282347283022754,-0.005448841125570854,-0.018893321757734432
2.34,0.2498628908081321,-0.7357303102412459,1.5463534240582875,0.014198093476845261,-0.011922968855971106,-0.06018850204777066
2.36,0.24634936056980003,-0.7346526971580926,1.5429096837835838,0.015729589379445255,-0.0024357007297858787,-0.08374192211060015
2.38,0.2428042009783777,-0.7336132428126044,1.5383047784355592,0.007317266769766654,-0.0029312865989232725,-0.09550559681923114
2.4,0.23924621602618212,-0.7326430650065073,1.534192554195627,0.01146013222672356,0.008813427431401889,-0.09189054757719159
2.42,0.23567244002041937,-0.7317115058926088,1.531536490928067,0.001473674577032984,0.006621522424265958,-0.07168312049093603
2.44,0.2321279950884535,-0.7308217144365724,1.5283057495065355,0.0025991152249503244,0.015001689728112423,-0.038237519482449044
2.46,0.22860835327582807,-0.7299391730730368,1.5244319258914676,0.015834952376543678,0.01083347258912487,0.008632010502381283
2.48,0.22513602049089376,-0.7290668399310988,1.519579482955756,0.018783300861956398,0.01676168458667233,0.04412905860236527
2.5,0.2217033968391655,-0.7282472123768223,1.5141022519736507,0.03229414894040639,0.011981307233937886,0.06630790234971136
2.52,0.21832992912060073,-0.7274854051902576,1.5078694512033413,0.03346127322442327,-0.004617117859787235,0.07491305143594894
2.54,0.21504993660265667,-0.7269247633175207,1.5040949432628146,0.019002908329439315,-0.005429125185382383,0.06585706648785195
2.56,0.21176493665022858,-0.7264979151886184,1.5003546733848914,0.017798022110296324,0.007696878705391563,0.04239955144810523
2.58,0.2084673424739372,-0.7261451263120202,1.4965090383300395,0.004816188047985904,0.008845770498784463,0.032752531233902614
2.6,0.2052143715269764,-0.7258781055437645,1.4936397654791027,0.005152953445222811,-0.002866665923413807,0.006935917346634493
2.62,0.20198877036939125,-0.725623512112993,1.489542696972228,-0.00429572081986977,-0.005059535292733859,-0.03049638781079745
2.64,0.19875822408829005,-0.7253841577410298,1.4844261193125325,-0.003819621901881199,0.0026715059222043526,-0.0555748677124418
2.66,0.19550867876559824,-0.7251248577413036,1.4799350561745486,0.010789695658488788,-0.0037202217097824703,-0.06467791183020814
2.68,0.19227982994458132,-0.7248437055482261,1.4775626873098204,0.009217998289229788,0.006429484853449947,-0.05548829220320537
2.7,0.18903614707061459,-0.72460563982458,1.4753398200175138,0.02097534646044355,0.0027307084417255534,-0.0313857179573107
2.72,0.18580941422001812,-0.7243902039455559,1.4715421668812663,0.023789245174400866,-0.009820800583366573,0.0034415526903485067
2.74,0.18259122924355659,-0.7242290926400712,1.4663983484338663,0.015778925689609515,-0.011500874758157682,0.05045765807924013
2.76,0.17933573003106845,-0.724167655763381,1.4615158284215062,0.019913995206329634,-0.025039113177005985,0.08230104813631235
2.78,0.17604187926756978,-0.7241700532919164,1.4566207985612374,0.012339214132978438,-0.02651830621755824,0.10008639337488874
2.8,0.17263204021027126,-0.7242846432432594,1.4529305549276588,0.020278956115986492,-0.012524392242494147,0.10132590816616888
2.82,0.1691009687723382,-0.7244731018296593,1.450278451056071,0.013934238049111987,-0.013315575051296505,0.08571356702593047
2.84,0.16555066547196168,-0.72470810688401,1.44588790104279,0.017669605439349312,-0.0037103434753201743,0.05930667729448397
2.86,0.16196200623995266,-0.7249951334081673,1.4410601835019263,0.00981997030023771,-0.0057815311255904585,0.03838791715724495
2.88,0.1583689171848359,-0.7253367602065095,1.4353912735027403,0.013673504058888206,0.004354650201708551,0.004631854565244922
2.9,0.15474929894861178,-0.7257344545433331,1.4314319491232799,0.0030965538045137583,-4.442707451346279e-05,-0.012074940263404518
2.92,0.1511529591176673,-0.7261923328824224,1.4279939503319414,0.005231612670525701,0.00787452591576596,-0.013403161927377888
2.94,0.14755990620756895,-0.7266614416387457,1.4244148985302558,-0.0042761580512748676,0.004261793595461279,-0.0007785492124081961
2.96,0.14399979113449057,-0.727150138665928,1.4206780151546359,-0.0019997747269019425,0.011997556255222716,0.02584779813135986
2.98,0.14045531718832738,-0.7276262667116411,1.41585123675328,-0.006653335763481175,0.00945443914363573,0.05906611362447853
3.0,0.13695972794601888,-0.7280931594879655,1.4108940854741594,0.00016847427239378635,-0.0017357048899452,0.07808658171795232
3.02,0.133505182454767,-0.7285297970830016,1.4061564102661555,-0.005370964976184254,-0.0009073654773243868,0.08237872658149174
3.04,0.13004561217659494,-0.7289675020338063,1.4025120860378153,0.0026386181341765628,-0.013414442191601357,0.07044230147083541
3.06,0.12658327547247258,-0.7293803348043855,1.399580637836186,-0.002348382632064028,-0.01324467793923534,0.04297786749256976
3.08,0.12309180539344537,-0.7298015797101308,1.395197477977276,0.0032898569329753405,-0.0022075417934205306,0.0038992339226539907
3.1,0.11955035574215542,-0.7302152541121698,1.3909153886422558,-0.0032794637222506953,-0.003161494521738872,-0.020655563495663106
3.12,0.11600466477795862,-0.730640324060615,1.3863007728750671,0.0013223699726271534,0.007061762337676805,-0.03147587156991744
3.14,0.11245155296333968,-0.7310529702646242,1.381354703781701,-0.005436478080450412,0.006118613624927769,-0.028650015277011068
3.16,0.10894028848961476,-0.7314735774569039,1.3779289716993723,0.003048087444442406,-0.004316305940634169,-0.008631640202418595
3.18,0.10544917795560914,-0.7318798011167191,1.373241889210357,0.0018252122363389069,-0.005277116896266449,-0.0003652389283213065
3.2,0.10194545615334545,-0.7322968519155879,1.368375365980085,0.012157206649496063,0.005087991778227147,0.021922373377068143
3.22,0.09842306406823331,-0.7327211781168511,1.3638221015134122,0.009982177377127331,0.003270018950020254,0.058940657307869466
3.24,0.09492195448481679,-0.7331847774559097,1.358650790373768,0.018335670694978448,-0.009217603526878832,0.08259976672205718
3.26,0.09143734621409622,-0.7336804198156244,1.3528936083365086,0.015745732382348946,-0.010784753340955366,0.09323683469159373
3.28,0.08792375552818843,-0.7342566818619629,1.3474854464008275,0.02708543786916053,0.001798414343188922,0.08880437516873263
3.3,0.0843643350042456,-0.7349214916822612,1.343507042232391,0.023714278501642868,-0.0003659184465436228,0.08224809164171698
3.32,0.08082308753351061,-0.7356787518969712,1.3390841525736479,0.032734282524118884,0.01050425408947209,0.06218798480183765
3.34,0.07729139271540687,-0.7365235446966251,1.3344769800094216,0.03005949332243743,0.00950076445061866,0.05330485642795172
3.36,0.07380436702843077,-0.7374724017790859,1.3292306581931106,0.016417566624140564,0.019503178181601685,0.03166770585032219
3.38,0.07037220204515729,-0.738556507170757,1.3246852035957337,0.015631905780405946,0.01720070240463921,-0.005778460923936216
3.4,0.06703702087571493,-0.7397132375987239,1.3208928479190511,0.0006222207770990379,0.02891510648671499,-0.026906374528212183
3.42,0.0637794846874451,-0.7409371101650796,1.317525515484832,-0.0020620202737092765,0.028469988267480362,-0.06318764780287402
3.44,0.06060032544005379,-0.7421634080707596,1.3128418915378868,-0.013730211414362722,0.018407974881142326,-0.08771369704697732
3.46,0.05755502398997329,-0.7433872494302747,1.308816579159034,-0.012072954211983707,0.021131273112622282,-0.09682195778178086
3.48,0.05461280264500481,-0.7445480981704841,1.3059929905205148,-0.023766494311073135,0.010549183741891063,-0.08931575431627635
3.5,0.05179727709894864,-0.7456521739139,1.3048299377156007,-0.020711809134512364,0.01425192513111594,-0.06496125570977507
3.52,0.04901471888931504,-0.7467005782791871,1.3021513664163096,-0.007121231758587632,0.007445849464889133,-0.028869990574320624
3.54,0.04627124304260865,-0.7477017880786895,1.2978942437415781,-0.0024204201226842898,-0.00786978274913639,0.01808741544650175
3.56,0.043551785356711246,-0.7486828033104242,1.2925006397078214,-0.008392761223246115,-0.012374246393520636,0.06573989230018062
3.58,0.04080057938327598,-0.7496528362571413,1.2875642103314582,-0.00028095347339036214,-0.005408003550545705,0.09769364783701913
3.6,0.0380046257242703,-0.7505939764689818,1.2824013386566324,-0.004930679268524795,-0.011496307672660208,0.11534362362802221
3.62,0.03519030698945235,-0.7515351143786526,1.277255090325496,0.003775318501838935,-0.004257175941113016,0.11817845646226736
3.64,0.03232924539946787,-0.7524604648348591,1.2723369380571001,-0.0008928743691719335,-0.010839134327437829,0.10587576587712409
3.66,0.02945491432413242,-0.7534030889391309,1.267791644779696,0.008207721334244963,-0.00332168713451607,0.0782078298702125
3.68,0.026541795409908905,-0.754345741271338,1.2631674726283086,0.004491604203361225,-0.009136204118339502,0.03596456785033916
3.7,0.023621144292208605,-0.7553206555974599,1.2585635547811607,-0.011221691839189914,-0.0033974381199180317,-0.020407473616301658
3.72,0.020668847643586008,-0.7563131739343665,1.253905301380563,-0.013686738400387739,-0.011064991142761028,-0.061960874961975776
3.74,0.01770964048364771,-0.7572692726198106,1.2484678343784301,-0.00573090339511993,-0.008003824072999948,-0.09080526280179495
3.76,0.014704562231734683,-0.7581554486389501,1.2439196310784135,-0.011072181635763928,-0.017850837110793112,-0.10358065386142754
3.78,0.011662682585125896,-0.7590062974256799,1.2408067134023961,-0.0025353389156566857,-0.013740966195560993,-0.09972888132649636
3.8,0.008552046571430163,-0.7598007819801458,1.2380947681218124,-0.006804397444127404,-0.02177110237408208,-0.08075281318347005
3.82,0.005396487888781544,-0.7605805998866796,1.2350369956118157,8.621969364587607e-05,-0.01867487821411408,-0.04824440335339887
3.84,0.00218606957020421,-0.7613362606090582,1.2308014519353492,0.0005579170637530026,-0.004548131112745841,-0.0036147090004417385
3.86,-0.0010778506111999674,-0.7620886767031068,1.2256920688018103,0.012494348041840533,-0.0025539104294744585,0.054014019365671115
3.88,-0.004353631869945331,-0.7628421241397102,1.2200239204870802,0.011881785885911022,-0.01294116868007879,0.09776448903257205
3.9,-0.0076345552525089715,-0.7636527871301179,1.2150409535996245,-0.0015556979464438042,-0.010069476612754017,0.126111367649712
3.92,-0.010968957046687045,-0.7645261484473158,1.2109974802706,8.630824735507443e-05,0.0077835605611725365,0.13814557034661043
3.94,-0.01434431406915913,-0.7653974204221784,1.207390492615775,0.014474053910191026,0.013122587249784334,0.1352867346201546
3.96,-0.01768576366902462,-0.7662639205040519,1.203821019523924,0.015504562605373425,0.005007647112507415,0.11755264617925898
3.98,-0.020974627675105467,-0.7671709606629418,1.1996280387942448,0.005509254134327694,0.007665006493691583,0.08696245620950668
4.0,-0.024241793856704618,-0.7681171098406065,1.1942219691797633,0.005277455718254603,0.0009176231651946536,0.044501997187067745
4.02,-0.02746501763182881,-0.7690863276432718,1.1898918012221014,-0.008759719134903294,0.007265640725531458,-0.013938179179964363
4.04,-0.03068194678106866,-0.7700682276333219,1.1842591204366533,-0.012260386689572704,0.003147528745097584,-0.0702932298187725
4.06,-0.03386833105578993,-0.7710172903007405,1.1783846265875275,-0.002388248996756153,-0.013524096928216761,-0.11218525787295275
4.08,-0.0370295384881208,-0.771899997528546,1.1740370093374508,-0.00788816636019365,-0.014398101974834338,-0.13669504739148072
4.1,-0.040238179895518984,-0.7727668575136697,1.169619079205928,-0.0019482754018815996,-0.0035742159186732928,-0.14701682152833043
4.12,-0.04352154596015238,-0.7735750090479224,1.167199439947159,-0.01105211415680416,-0.007208671287799148,-0.13966432522674932
4.14,-0.04681682664672482,-0.7743710030695092,1.1655040232445228,-0.007159859883869982,0.00196850600423901,-0.11679566584269009
4.16,-0.05012298111115909,-0.7751363467825635,1.1623919695850904,0.007296488422237849,0.00029505699020296956,-0.08200031722698754
4.18,-0.053418827685858136,-0.7758835343290986,1.1578918036858663,0.0122002634396506,-0.010601197200928865,-0.035865042074097665
4.2,-0.05671213844535985,-0.7766502112327244,1.1522523699447396,0.0059045787245379415,-0.010037208694558193,0.022719126877143777
4.22,-0.06004737746891944,-0.7774647194007716,1.1468167621836065,0.01338818591672176,0.003804534809159581,0.07194105152348472
4.24,-0.06341440353573954,-0.7783002353480288,1.1410335714469162,0.008375440383168072,0.005028804388660409,0.10679378066746371
4.26,-0.06675639880613031,-0.7791937821980341,1.1358411755144544,-0.0109841226204938,-0.007511397079635059,0.12572346361908873
4.28,-0.07006025299329173,-0.7801321853090764,1.132611298837981,-0.014393421503392833,-0.0035903618597248163,0.12662075552666296
4.3,-0.0734067968238159,-0.7810178412710093,1.1306693145522668,-0.003854226542505114,-0.013451152493685415,0.1111373015222206
4.32,-0.07677192695730145,-0.7818466321078023,1.128860726998052,-0.005387516476504327,-0.011618613703412889,0.08102987543988702
4.34,-0.08016683016695392,-0.7826690373886737,1.12552515866675,-0.01599892557670723,-0.0009957937493512985,0.03977425230908385
4.36,-0.08359386801041731,-0.7834775373712204,1.121227557847965,-0.016215445897876445,-0.0004915876785667277,-0.013651819359380795
4.38,-0.08702428895833986,-0.7842178855382418,1.1172358912925309,-0.03047908581013154,0.013740688079904896,-0.051973422936819294
4.4,-0.0904523659480367,-0.7848896504232363,1.11350982982442,-0.031109714801793184,0.01438559792167783,-0.07467426869981275
4.42,-0.09383517366529345,-0.7854794860457812,1.108600010728496,-0.020318094164039614,0.004258194907007918,-0.08471374728032069
4.44,-0.09712477090306688,-0.7859074766010312,1.1051563398527633,-0.024642652195991904,0.01024132363302175,-0.07789816880846791
4.46,-0.10037512528592785,-0.7862150223537644,1.1038309343834918,-0.012749110362916493,7.738869866884532e-05,-0.05250167343300399
4.48,-0.10359246256975474,-0.7864635479359259,1.1010568240871033,-0.011331424488234619,0.0009637646642705833,-0.015641506631050104
4.5,-0.10680444945571134,-0.7866738218236382,1.0973517390820382,0.0015057024599732466,-0.009976997463409604,0.034087494849518965
4.52,-0.11001057604811557,-0.7868575028121267,1.0920619707451629,0.005610556740482522,-0.012528340042480154,0.07283268320127002
4.54,-0.1132479053488686,-0.7870474190112003,1.0863416627470697,-0.002921684394782354,-0.027531881549175945,0.09763654045480478
4.56,-0.1165493373233389,-0.7872734990248382,1.0822953721665092,0.004391203534411362,-0.026637033557937718,0.1047814823403997
4.58,-0.11998038138082111,-0.78749827385596,1.07913385171441,-0.0010578062322876424,-0.012741613857392439,0.09600547658201462
4.6,-0.12349831215995237,-0.7877476342741685,1.0755224384249684,0.004974683245715759,-0.009733505487112755,0.07385128357239071
4.62,-0.12706077183573877,-0.7879973779186418,1.0717532223237516,-0.0005875345965290356,0.004640361574635025,0.03769972203079193
4.64,-0.1306564144853835,-0.7882692307569883,1.0680048521784344,-0.018202371176559994,0.0068575814790670245,0.01575848375172187
4.66,-0.13423178844379294,-0.7885380612698244,1.0639468210298244,-0.02438931840423811,-0.0021747044946915537,-0.01974857969256347
4.68,-0.13778296664414605,-0.7887493145882014,1.0591024612148372,-0.01999604305771944,-0.00048644664640727647,-0.04267114748332408
4.7,-0.14133691001947826,-0.7888670991476623,1.054159752461507,-0.02580958961776528,-0.010163053379588036,-0.051138035570317604
4.72,-0.14488498264894037,-0.788866966608756,1.0511915405760959,-0.016877504856716786,-0.004937534416075253,-0.04236244667019996
4.74,-0.14846528449921353,-0.7887604262924751,1.0483518088963504,-0.0202117977850413,-0.011217363798477544,-0.01880235661605214
4.76,-0.15205892047214237,-0.788585779559423,1.0455900670443212,-0.01151697903366071,-0.005521842513559639,0.018924599291175938
4.78,-0.1556767814421354,-0.7883589977346395,1.0414721720450952,-0.012451439119102455,-0.008872657732229493,0.06821903999094207
4.8,-0.15931107938707925,-0.7880924303600928,1.0369452984793244,-0.0024754637866089045,-0.02364777272528839,0.103903678622601
4.82,-0.16297730757883122,-0.7877826664739903,1.0321812905551402,-0.003924482281903547,-0.02720156977272729,0.12560021710885738
4.84,-0.1667582879593052,-0.7874731767317572,1.0284879733894814,-0.01839081909995235,-0.0173423305945297,0.13100558847262248
4.86,-0.1706369008552778,-0.7871622037911125,1.0245696882125221,-0.020963265069276107,-0.018877618574869186,0.12263588108715677
4.88,-0.17459431256015068,-0.7867841019911991,1.0209580956185036,-0.009653372669118181,-0.006769295228089958,0.09878240905898007
4.9,-0.17861310613492914,-0.7863495823336935,1.0165000204363421,-0.008760083296647281,0.015329504786157319,0.062182074217124315
4.92,-0.18265149658799426,-0.7858878672621571,1.0112194299384252,0.0025212429437393344,0.027142322802299883,0.013318139602055346
4.94,-0.18662058130841946,-0.7853839318502828,1.0064291750167935,0.00138929559210577,0.026542070047456387,-0.02019778022718396
4.96,-0.19047203032176035,-0.7848895444151246,1.0018986659073927,-0.011409251347950055,0.013587259175336937,-0.03879369264468142
4.98,-0.19418547619003423,-0.7844054026593823,0.9985067432158381,-0.010150674562449669,0.014039078027179436,-0.041150293765377086
5.0,-0.19783028642077244,-0.783871393985357,0.995828204651794,-0.021650679056718337,0.0018715744838585914,-0.027728887432801913
5.02,-0.201393862557519,-0.7832864879187188,0.9946078702924637,-0.018799551855199888,0.003675301597322506,0.002234175213509947
5.04,-0.2049460969844066,-0.7826326927176082,0.9926847123950924,-0.005051969472710128,0.016087543470512028,0.04493939697950652
5.06,-0.2084852580404787,-0.7819295675088731,0.989499436613452,-0.0008554085656427259,0.019118641709432636,0.09940349639715541
5.08,-0.21197777386870495,-0.7812114330881905,0.9851193555547767,-0.008210921163766555,0.011020474521670369,0.1414511489237524
5.1,-0.21537858743626057,-0.7804812471367731,0.9814759033700607,-0.0032521220473101923,-0.010001571473818529,0.16772954658277578
5.12,-0.21873420694246287,-0.7797103035846206,0.9782006716043893,-0.011030117284407212,-0.018722003287542987,0.1790653221090959
5.14,-0.22214515405560065,-0.7789314598816934,0.9766456643504275,-0.0029290344784214553,-0.011600546901644597,0.17262167627056055
5.16,-0.2256166420000826,-0.7781298277585181,0.9743007611172722,-0.006428079289240572,-0.016666381350462136,0.15308735782718574
5.18,-0.229117367009358,-0.7773265332579975,0.9707708770619872,0.0012882614949514056,-0.010399752553238235,0.12121181200507324
5.2,-0.2326752140552461,-0.776510800828219,0.966798230784646,-0.002165548212067,0.006692313674390611,0.07587359405927667
5.22,-0.23626222303121477,-0.7757040729716066,0.9621330515587321,-0.01755245068912383,0.011238532746234452,0.017082721613804686
5.24,-0.2398219637503497,-0.7748885354951702,0.9571702248209436,-0.021369211495218598,0.00444207363688117,-0.05515238254751079
5.26,-0.24333546580163237,-0.7740048782868039,0.9521795458526395,-0.03021084012754043,-0.014449416676907316,-0.11242278116195166
5.28,-0.24681692911439612,-0.7730155657443161,0.9483264098477793,-0.025221531310993642,-0.01937495842397972,-0.15366501672355412
5.3,-0.2503454984006153,-0.771881151625784,0.9451728397232381,-0.0076803483404314895,-0.010696155237842652,-0.179588727322026
5.32,-0.25397404998940915,-0.7705589840521143,0.9448723085926777,-0.007975564339993645,0.01584393822947962,-0.18649453080815123
5.34,-0.2576298135158376,-0.7692063444098821,0.9440038170714631,-0.019391754146757662,0.03162736395872781,-0.18038483251602905
5.36,-0.2611993464014177,-0.7678312265372854,0.9440680287536247,-0.015957441159591055,0.032669625782231475,-0.15766166902689016
5.38,-0.26467511356583046,-0.7664223948252991,0.9428234136074806,-0.0013417670047658117,0.022724933675445893,-0.12279797990341874
5.4,-0.26806911503067077,-0.7649909240809415,0.9399149964091676,0.005958647431520087,0.005559975713917869,-0.07812923442322856
5.42,-0.27140495866595354,-0.7635643695519659,0.9355014425078064,0.0029033003053368684,-0.0008624570502226991,-0.02191646460962885
5.44,-0.27471756779095335,-0.7621641423471968,0.9310722957535548,-0.012399292286007715,-0.018619140804544552,0.04852239873337599
5.46,-0.27803181597795573,-0.7607810683544959,0.9281767487719036,-0.01222610868675512,-0.02060686981930581,0.10128514619496062
5.48,-0.28142477087365586,-0.7593503290507676,0.9256331022589832,-0.023927121481100107,-0.0102056861197992,0.13875163657639364
5.5,-0.2849029018271795,-0.7578799475880578,0.92324255277924,-0.023223674517503762,-0.011980263682698198,0.16176763441601316
5.52,-0.2884458547031361,-0.7562976612644693,0.9220190047647584,-0.007294391728615797,0.0008233667685438909,0.1677057575338567
5.54,-0.29204416795389426,-0.7546376223336145,0.9206522969270398,-0.004170367221399948,0.00011262352965799915,0.15939924548699386
5.56,-0.2956400084602497,-0.7529609602324111,0.9178540178975014,-0.010369867423046977,0.008462815298284142,0.13969282008958478
5.58,-0.2992339440736851,-0.7512734248422673,0.9141709323522494,-0.006188768894717793,0.006590534149241489,0.10756782857708312
5.6,-0.3028034585138034,-0.7495533308947955,0.9095654974474638,-0.013514113090851529,-0.00731786405475066,0.06278435495795168
5.62,-0.3063465769884625,-0.7478086126034937,0.9048955085776997,-0.007852048471407014,-0.007870102205849062,0.003329775697373145
5.64,-0.3099385108847454,-0.7459817738867884,0.9027529276780756,-0.019514756991158875,0.00847765313750997,-0.03737516413242146
5.66,-0.3135577036881374,-0.7441262155260177,0.900591484570837,-0.01814623307951114,0.01158998527816992,-0.06308065111321416
5.68,-0.31713406536658845,-0.7421905951951249,0.8987799574933382,-0.002790442212942825,0.0012554368987918482,-0.07315243567587837
5.7,-0.3206302041642327,-0.7401519489744572,0.8990860367101086,-0.0034468198476334147,0.0077370357262888986,-0.06514574737530333
5.72,-0.32411852135585395,-0.7381070263828741,0.8985329673648623,0.004439483735053531,0.002553797654674652,-0.044124081191495385
5.74,-0.3275828692524547,-0.7360564579563365,0.896654356253739,0.001612078691574203,0.008455315657828201,-0.01112653390607424
5.76,-0.33103674153654655,-0.7340215805005125,0.8938669420595861,-0.011557941355489059,0.004327803921941797,0.034237232655023035
5.78,-0.334457801350183,-0.7319946684540665,0.8906439452482082,-0.013993126117354109,-0.010725667124192895,0.06606664822528227
5.8,-0.3378574137434622,-0.7299161703422912,0.8880873397367343,-0.029429346598357196,-0.012960990251058981,0.08234793124271482
5.82,-0.34131088762111583,-0.7277744829701311,0.8865351648141795,-0.029881077920361383,-0.0004994078560349256,0.08180998672389923
5.84,-0.344828084399595,-0.7255112241003449,0.8854379824767874,-0.017529276386110723,-0.0008951681494908743,0.06661954839680628
5.86,-0.348351248807522,-0.7231551648428224,0.8836153132782384,-0.015883167827411632,0.008813218559740646,0.038316559398902626
5.88,-0.3518782621310838,-0.7207395072537061,0.8814262888295072,-0.0029054121791389203,0.007335407435476239,-0.003266565113629281
5.9,-0.3553778488332826,-0.7182789338168909,0.8782379618712908,0.0002517313479878085,-0.003899977680764912,-0.032349490183981984
5.92,-0.3588404328083765,-0.7158077287382566,0.8756878320648381,-0.009950376505466164,-0.0021131459848715193,-0.0678101735558083
5.94,-0.36231747918999413,-0.7133395664466619,0.8738077974045723,-0.005763099038191839,-0.014680462372238875,-0.08723671749972482
5.96,-0.3657972931248758,-0.7108303162064996,0.8723311713553568,-0.015440231553735135,-0.013146081311612393,-0.09120860762644786
5.98,-0.36934166391221,-0.7082897387400707,0.8717486959767035,-0.012111975375180264,0.0015265672191296918,-0.07938662493689087
6.0,-0.3729279018893199,-0.7056873453543648,0.8711256079727241,-0.020777885079939096,0.004816756907399987,-0.053292442974773604
6.02,-0.3764993585972234,-0.703033228299458,0.8711233859310518,-0.016339341503978214,0.02086064809225241,-0.01197636576167142
6.04,-0.3800431410388581,-0.7002979471027606,0.8712880011574707,0.0016558251744373436,0.02314929202365529,0.04472765936109295
6.06,-0.38349287512250335,-0.6974961206234402,0.8718338457353679,0.005143921581444102,0.011111170092887104,0.08593040376501675
6.08,-0.38687639286092756,-0.6946987146881247,0.8711672151961453,-0.00140024244517584,0.008868586457665526,0.11528383796144875
6.1,-0.39022326576766797,-0.6919161238924451,0.8694770534311796,0.0018386979692770293,-0.003317664858352028,0.1322709158656496
6.12,-0.3935311527908411,-0.6891263309138501,0.8679943333899967,-0.007263310458893027,-0.003397323168516329,0.1346261843686348
6.14,-0.39684816503998843,-0.6863484634740382,0.8666560954738626,-0.0028799184346732037,0.010163667593821302,0.12199187454020081
6.16,-0.40017488804973206,-0.6835531882414987,0.864385524537594,-0.010053906242021363,0.011805920436568617,0.0964881017124838
6.18,-0.4034648447538647,-0.6807466282262662,0.8616324704863729,-0.0061657436724850846,0.0025480282559152017,0.057711888560489324
6.2,-0.4066939152272589,-0.6778833724321087,0.8603020989704846,-0.01658666120459511,0.0066926230401191085,0.002206139493881102
6.22,-0.40991118263959553,-0.6749980486663346,0.858999976928952,-0.015442120288709288,0.022713539728997367,-0.03888147959021427
6.24,-0.41309356812573217,-0.6720364122448231,0.858545770192347,-0.027426180652935533,0.0257187144301069,-0.06400658614663902
6.26,-0.4161660596790189,-0.6690109657060889,0.8587551919881523,-0.024683672528683087,0.01458514983565624,-0.07287427781625029
6.28,-0.4191459016169314,-0.6659043140737261,0.8583134912649593,-0.03372028893459719,0.01606924913361479,-0.06852343471934579
6.3,-0.42204631103395795,-0.6626903535649914,0.8586344922846353,-0.02819107995733321,0.003355901459332081,-0.04771341500461732
6.32,-0.4248819900645207,-0.6593696410022409,0.8584101311267596,-0.011477125285536694,0.0017444158492515532,-0.014185255284271373
6.34,-0.4276936620475279,-0.6559255050850049,0.8587885267297546,-0.00859407918210294,0.014899555532265579,0.034786037786491
6.36,-0.4304951814214999,-0.6524402939717974,0.8591276394978171,0.006074366838663489,0.015846096083430423,0.0696380496250994
6.38,-0.4332347761287615,-0.648921557468545,0.8596019330411022,0.006859074481487178,0.0030607653744648433,0.08946033225489507
6.4,-0.4359080096495278,-0.6454257168595695,0.8600788217685373,-0.004467641318200705,0.0022112968614072825,0.09511473732975138
6.42,-0.4385643386418974,-0.641958893345483,0.8605388955986069,-0.0026302015375780155,0.014817833561242564,0.08610598957530737
6.44,-0.4412122042053229,-0.6384800625576613,0.8603828128615609,-0.012978196532305988,0.014963158996311579,0.06352891799717675
6.46,-0.4438205206753204,-0.6349947187391081,0.8588497341505757,-0.013656214214684326,0.01140124617551766,0.02942927445833082
6.48,-0.446364679819903,-0.6314521157758259,0.8577630892601158,-0.0281171723730545,-0.006706867618150788,-0.019783192889267883
6.5,-0.4488492756906655,-0.6278403797547023,0.8579481367012392,-0.02845941563043514,-0.01093779482004303,-0.0526454324280808
6.52,-0.4513483955236331,-0.6241543021562871,0.8569690486187722,-0.019164138493669623,-0.004974084901996798,-0.07376350475598777
6.54,-0.4538839109954752,-0.6203522847821169,0.8561930107119292,-0.023771334347966,0.015060113924991292,-0.08015794861555227
6.56,-0.4564394621865907,-0.61643028672987,0.8578488542533186,-0.01192143457649672,0.01858524969732457,-0.06729191890721684
6.58,-0.4588937377444465,-0.612380922017092,0.8614188471152804,-0.014573608880445517,0.00811261282632302,-0.036648817194304587
6.6,-0.4612814586714713,-0.6083005314155647,0.8643735926477687,-0.0060996356501795725,0.008357780062383226,0.006849280290177745
6.62,-0.46364157993150545,-0.604182777471922,0.8663165413997183,0.012802972692880556,0.01836655194122883,0.06250044448791497
6.64,-0.4659724188591486,-0.6000492386636539,0.8675734784723499,0.019381718213699266,0.01589315330724174,0.10458165363405005
6.66,-0.4682403841791074,-0.5959566363874709,0.8680739835737241,0.01530103052866092,0.024128317595777292,0.1338913612861237
6.68,-0.47041380742230804,-0.5919592922741846,0.8698302907512205,0.024670438158030446,0.018969920543417333,0.14645058174702355
6.7,-0.4724429097128394,-0.5880313535861319,0.8731408299702532,0.01947675478635055,0.028074587142336432,0.1422933292156653
6.72,-0.4744093941450779,-0.5841660132876607,0.8752345033786176,0.002971526292501532,0.026217771702912285,0.1255467784405083
6.74,-0.47629627452980966,-0.5803434037475016,0.8759469310284477,-0.004273380684870328,0.016689056013482466,0.0972726196730466
6.76,-0.47811519712516887,-0.5765236750088967,0.8752442769743939,-0.0011611683349108907,0.01806804465817347,0.05721830870328934
6.78,-0.47986497563445185,-0.5726832186037412,0.8747822433977728,-0.01160483473892384,0.005360230012715426,0.002192742466380178
6.8,-0.48153528879830915,-0.5688369990164148,0.8747273670170875,-0.009232377020455127,0.0051337644846167416,-0.037726399677967815
6.82,-0.4831713938670904,-0.5649235291163971,0.8768617761975757,-0.01788811291085165,0.0212008296237693,-0.05951511263098066
6.84,-0.48478043745303423,-0.5609719858101334,0.8797181060377184,-0.012174611281638206,0.022938725397001026,-0.06497579237117468
6.86,-0.4862900066883243,-0.5569513395370327,0.8830534141123405,-0.018754062512207688,0.012483403622492137,-0.05503123846821679
6.88,-0.48768397209408026,-0.5528834308733483,0.8872813486029167,-0.011669382981761438,0.015234586529848342,-0.029449504118616358
6.9,-0.4890321557270707,-0.5487604969322536,0.8908693664432955,0.00759702780032076,0.005688931928330249,0.00971189857012889
6.92,-0.4902885568605193,-0.5445766715373345,0.8963387149957235,0.011990137229178573,0.010301090421857291,0.03125433788544495
6.94,-0.49152585149397127,-0.5404205944406262,0.9009623430611446,0.005794239127598502,0.004441980702836398,0.06286753043155427
6.96,-0.49272155992003197,-0.5363129250082423,0.9054360134148901,0.01254237528125148,0.01180177076376877,0.0800806596014964
6.98,-0.4939007697422017,-0.5322270502627684,0.9091630489310099,0.007230954135764981,0.00716663413736046,0.08386758618942076
7.0,-0.49502959159700205,-0.5281898920414156,0.9128179266993464,0.01484602197881675,0.015976698155584997,0.0731922080190928
7.02,-0.49611800394528427,-0.5241903313931929,0.9176160200417646,0.008963364733673967,0.011223429775758836,0.0786693166025423
7.04,-0.4971352656168263,-0.5202510862469023,0.9226018201003596,0.016360282922849547,0.020373968169796884,0.069232133578584
7.06,-0.4981089994232384,-0.5163447550700233,0.9272316606451649,0.012616172879209912,0.018238006567760034,0.07328575072864273
7.08,-0.4989981924263735,-0.512500562200172,0.9318286743925996,0.021747196501470098,0.02966263044306445,0.06288859677058344
7.1,-0.4998352301044297,-0.5086905251010173,0.9351809078545302,0.021402161416870576,0.03137187498845417,0.06411383668620131
7.12,-0.5005820558648111,-0.5049415890528357,0.9374945140169083,0.009248399129925196,0.02179513076200336,0.052470722055387796
7.14,-0.5011886669112807,-0.5012789347549629,0.9401527438814851,0.010008960938565731,0.024164598760037934,0.0559738339839453
7.16,-0.5016633907443471,-0.49766763705020384,0.9447880900939281,0.02513972351398152,0.01214770368555536,0.04165173684933189
7.18,-0.5020274970959746,-0.4940986344174902,0.9499586879759765,0.027122670968880873,0.01281537689699556,0.01227494076382506
7.2,-0.5023500480514843,-0.4906102639331378,0.9543265516122683,0.018254734876396134,0.024022482595721907,-0.029561936607259445
7.22,-0.5026305678307317,-0.4872110109436776,0.9579415613049085,0.019749007932800013,0.04534589721979453,-0.05818407857888341
7.24,-0.5028394381800726,-0.48387280418027606,0.9606729475289122,0.011041036813080215,0.056044178907015,-0.07454830847249701
7.26,-0.5028046163746068,-0.48066125430420076,0.9649966591761082,0.018675162153465263,0.050677563142417316,-0.07362397800656521
7.28,-0.5024747903470104,-0.47753435670913974,0.9707483225488225,0.01318923057469462,0.03132467656055088,-0.05602565710602909
7.3,-0.5019467010811743,-0.47450111725389693,0.976610084580333,0.020475449068102638,0.023526057486773347,-0.023858270726000316
7.32,-0.5013133660352803,-0.4715228237110144,0.9820094075099679,0.016062886269708625,0.027501461760681013,0.0061906818504833955
7.34,-0.5006228042890322,-0.46860052657347,0.9859962179548779,0.02143062052197697,0.04034344111536784,0.04781400860312021
7.36,-0.49985057905184693,-0.465728580240132,0.9890420815797769,0.01482346627444773,0.04174288862579539,0.07617293725608636
7.38,-0.4989517541463477,-0.4629194766625747,0.9912451808686698,0.01801988310760934,0.03306375199512591,0.09160493713825864
7.4,-0.4978766698105067,-0.4601611301602765,0.9936667004194344,0.008400610701883715,0.036750509806298286,0.09252610209286459
7.42,-0.4966489218876196,-0.45747175671598306,0.9966094855720681,0.010985366035508499,0.028198181600835946,0.078007835455423
7.44,-0.49527916082157364,-0.4548040331876479,0.9994596899839079,0.02602687330411541,0.033104034450827345,0.049005222401381186
7.46,-0.4938070484750645,-0.4521702229575009,1.0019650200373007,0.030202439586683515,0.026746721996932177,0.0335328300431903
7.48,-0.49221361278204556,-0.44962608480402444,1.0041206961899611,0.0225666031369515,0.0318146045896635,0.0047562805873823995
7.5,-0.49051027006914066,-0.44720202727310776,1.0063691775278472,0.027152830901956183,0.04836387049666872,-0.009110679874115379
7.52,-0.48865745996191956,-0.4448863950412971,1.0094268809776392,0.019054157287413918,0.051548022876810214,-0.007624499083021325
7.54,-0.48666313329695715,-0.4426552484588156,1.0115379186084328,0.020586804507864508,0.044956667277492375,-0.018826042191404647
7.56,-0.48453520412645196,-0.44047750200153,1.0123605576609347,0.01178134952790541,0.04917946725761799,-0.017655697427952612
7.58,-0.48223539870706017,-0.4383854142915136,1.0131611360789836,0.014179555936915732,0.04201450595886769,-0.030968726954349057
7.6,-0.47964441122553064,-0.436371067105979,1.0160266434484284,0.032310042212428225,0.04941376893852381,-0.02632602364844338
7.62,-0.47684421931785087,-0.4344375489219442,1.020061487516635,0.037394169820553706,0.043124521151071564,-0.005616671353690859
7.64,-0.47387441858707835,-0.4326254226076851,1.023721494864044,0.03166689519136453,0.02532871536789962,0.02834239156391925
7.66,-0.47077141692075464,-0.43093463274164573,1.0266291385850133,0.03725821181574509,0.019903390947153963,0.05097205865973185
7.68,-0.46755864030812067,-0.4293787038719583,1.0299166314991055,0.03050224195476035,0.001778929756971512,0.08821891900284097
7.7,-0.4642852638426378,-0.427930412279797,1.0322098977957042,0.013259951864193,-0.005509843539805262,0.11364169986733522
7.72,-0.4610009132683452,-0.4265794458639659,1.0337532871512902,0.008045139827666331,-0.00022618779714894034,0.12603789104649654
7.74,-0.45773593046748207,-0.4252861838130424,1.0354631389361837,0.015026169010813098,-0.0067682845163912694,0.12367628451474977
7.76,-0.45447113026691127,-0.42402407838789097,1.036986714827977,0.010419612394685735,-0.0017928095114024475,0.10749925193487911
7.78,-0.4512387990627553,-0.4228582499056038,1.0406261544055924,0.02097422376006965,-0.011152019663730597,0.07331602929944182
7.8,-0.4480117836690726,-0.42172666340265313,1.0434764535411312,0.020943104502054895,-0.009988795869016423,0.026612513925960334
7.82,-0.44483065053123616,-0.42069307958879987,1.0468611688370824,0.033511151925751555,0.004217453661145001,-0.011268978788023938
7.84,-0.44169373448011856,-0.4197528852046964,1.050678260304681,0.03331425757813527,0.005674307386138396,-0.0343122452851159
7.86,-0.4385455150715466,-0.4189399201228134,1.0543335281741597,0.020089854274137064,0.019613733029551918,-0.0425476224637703
7.88,-0.43538195270962965,-0.41826448647819625,1.0581461453515535,0.020404733731742137,0.01938934363121932,-0.03610424174628904
7.9,-0.43216849547756897,-0.4176489263136984,1.0608656845810744,0.010959033148795316,0.00911124383060707,-0.01771114472925738
7.92,-0.4289007685378524,-0.41709891020454254,1.0627409161128494,0.012200708928787227,0.008845117135433686,0.013446982658189376
7.94,-0.4255934267033939,-0.4166027046853417,1.065486524530756,0.02704037168031418,-0.005462629100403528,0.0432053523748135
7.96,-0.4222520162264326,-0.41615698873899054,1.0684484915700387,0.02946899675890804,-0.00753421357076378,0.058413679897208144
7.98,-0.41893053381474776,-0.41581754983341057,1.0713704610806005,0.020233457025496004,0.00249810634309279,0.05966132988212782
8.0,-0.41563587307845967,-0.4155998343137619,1.074433850762914,0.02323387737220796,0.001020928836529866,0.046060089054069164
8.02,-0.41232865720683465,-0.4154678660910527,1.0778399858846965,0.013679058081136715,0.012018861420031505,0.017767929366646933
8.04,-0.4090160432506438,-0.4154321626593222,1.0814724689451172,0.01638073041208467,0.011327656044201554,-0.025397682558136184
8.06,-0.40566627986164283,-0.4154409199829422,1.0844805921795027,0.006830085489809678,0.022569170894572943,-0.054798399170335806
8.08,-0.40227491126031123,-0.41551824793184217,1.0876807729838769,0.011010634342003339,0.01991135985812697,-0.06918365414452539
8.1,-0.3988340630158341,-0.41561470416582363,1.0893410828420504,0.006455380388708383,0.00818618125242465,-0.07249651894809903
8.12,-0.3953092776774491,-0.4157675089167062,1.091644880745159,0.015107516579684654,0.009005779213591485,-0.06029585195520464
8.14,-0.3917472743277683,-0.4159572842512078,1.0953052025276224,0.009873466171090091,-0.003939231352101297,-0.03157224033417125
8.16,-0.3881659643340842,-0.4161911257525805,1.0978743692635735,0.014683929262569019,-0.007287297435323424,0.009279879215533807
8.18,-0.3846048245822871,-0.4164629765181666,1.1004450107546564,0.007226906798289047,-0.022306761245344035,0.06428214925046218
8.2,-0.3810693529851454,-0.4167803455150002,1.1021966153837075,0.011654732780990053,-0.02523456091653316,0.1060771817608737
8.22,-0.377631485051712,-0.4171347813816057,1.1043483500470312,0.004090370797455313,-0.015548537828226938,0.13281053534579074
8.24,-0.3742909216347924,-0.41754506633305594,1.1065168284362124,0.008781992963319135,-0.01752385725169109,0.1450841532352206
8.26,-0.37100869312357615,-0.41797762191165233,1.108470235569474,0.002217561370306171,-0.008036653679176697,0.14348286260208373
8.28,-0.3677920392781862,-0.41845337846516156,1.1103871482777183,0.00773796157220028,-0.010075295586907992,0.12760579574421482
8.3,-0.3646087243387189,-0.41894194112507044,1.1123470632331292,0.0013362194543099267,-0.0003564565160295115,0.0973972061329789
8.32,-0.3614756195409981,-0.41947695505511556,1.115622530863214,0.00905252703285558,-0.004026539067453309,0.050638849637851986
8.34,-0.3583463684204256,-0.42001614819805444,1.118422727929161,0.028929602797791658,0.005361617014598891,-0.009722738177346996
8.36,-0.3552385947854866,-0.42060267417539604,1.122476544637199,0.0350136031986366,0.0011443943071900642,-0.0536378191080918
8.38,-0.3521177632611525,-0.4212809584295139,1.1257919270776,0.02901120101088474,0.008534128876716587,-0.08377130901338539
8.4,-0.3490029425348168,-0.422098672838086,1.129182391503907,0.011117657531533017,0.0033075526597982703,-0.09981568386377096
8.42,-0.3458726355129984,-0.4230060986080689,1.1317041886712167,0.003708840413519661,0.007916638828134108,-0.10301932496245425
8.44,-0.34273694106207414,-0.42395652245146825,1.1341546687811364,0.009443387517479964,-0.0009047272597923973,-0.09173081480054704
8.46,-0.3395803533046843,-0.42492040307415524,1.1358742655507243,0.003332507153367824,0.0024069011045562993,-0.06704830144241201
8.48,-0.33643566672119635,-0.4259303761250816,1.1387153108879073,0.011902804221364624,-0.009661817950737004,-0.02585634482734223
8.5,-0.33328666248539585,-0.42695117932247956,1.1410223190757283,0.008204366259210633,-0.009161653491686522,0.02906540799714943
8.52,-0.3301773533108425,-0.42801386238349576,1.143086142051782,0.017818578848605226,0.004225381842080614,0.06974705788039572
8.54,-0.32711523158947636,-0.42911750750405725,1.146185327200479,0.012781108996183722,0.002847442217927815,0.09354555939221225
8.56,-0.3240417838150337,-0.43026596838482795,1.147986742895704,0.017136041577593297,-0.007819251928456726,0.10547519055497909
8.58,-0.3209563967430778,-0.43145928937227584,1.1495543165632154,0.009959124405394015,-0.006919365608095407,0.10374114849825157
8.6,-0.3178937795523551,-0.4327108683841628,1.1505244114109727,0.014547140379156914,-0.0029371102546557914,0.08865701485315483
8.62,-0.3148694546578289,-0.4340255805912086,1.1536273402370179,0.003157931859482109,-0.015356740788343051,0.05516832927172638
8.64,-0.3118518484291271,-0.43537279771073406,1.155098219794225,-0.00022884682379700853,-0.020076959231377214,0.03215888381632168
8.66,-0.3088853976954213,-0.4367314882158532,1.1558339510460067,0.006867675479500073,-0.014140336293929637,0.020289734835446365
8.68,-0.30602450555727856,-0.4380910442014179,1.157768805372373,-3.287518858535919e-05,-0.021729036564330152,0.024787840648424354
8.7,-0.30322450479231633,-0.43947904151887623,1.1599376808356676,0.00513557175487928,-0.017350488165846993,0.04404832378279575
8.72,-0.30050743883949416,-0.4408675858134803,1.161878984430413,-0.002301742047300979,-0.025919192757138096,0.04895354293228642
8.74,-0.2978590145313595,-0.44227758651413224,1.1637604029655735,0.002596875354295084,-0.022177063606705447,0.05608503928117811
8.76,-0.29531247090004453,-0.44368231884658554,1.1655416458412213,-0.00490951425974804,-0.030726580236852978,0.06445049197216489
8.78,-0.2928556068931586,-0.44510095981700715,1.167369135775461,0.0012037443195595356,-0.02579014226850153,0.05794682420093385
8.8,-0.2904952151343225,-0.4465093941633263,1.1683139225985857,-0.0026968615950417308,-0.010711518450700914,0.03881749571462783
8.82,-0.288240696013142,-0.44792742505074074,1.1693759468520328,0.005843268516103745,-0.007429309979130938,0.005303117806339855
8.84,-0.28604267529382443,-0.449332679449068,1.1715534142702089,-0.0009616555951125718,0.010859537888237712,-0.011528042796516483
8.86,-0.28386935668936714,-0.45075462478761813,1.1728696504707563,0.0038394257535751576,0.01718710796296376,-0.015246502619102221
8.88,-0.28165913520730224,-0.45217227407015576,1.1738427366005402,-0.0025159517271687373,0.012359540594144923,-0.0053326583475201165
8.9,-0.27936744579221423,-0.45360862188863543,1.1757689674461513,0.004803914675998416,0.020559877101317337,0.020578357287280517
8.92,-0.2770172039682531,-0.45503161190686414,1.1786782843834764,-0.0011628628354523097,0.015683964005005345,0.062445804314896824
8.94,-0.2746073650699321,-0.45646635314543,1.1806590755263269,0.004395061147813261,0.022527895918168377,0.09134879776036482
8.96,-0.27213779856155207,-0.4578912381682185,1.1826960651450324,-0.003670396215711986,0.015984202677682066,0.10532191023846661
8.98,-0.2695923856560193,-0.4593227325441206,1.1842337455510263,0.0003807462722931057,0.022028332018132337,0.10550267743258716
9.0,-0.26700152458774984,-0.4607364571251871,1.184932985540427,-0.007557096522833845,0.0160802142368672,0.09261540279800302
9.02,-0.26432447605410775,-0.46214104495115377,1.1857469581008715,-0.002503674525379895,0.023748102131150514,0.06475094673111094
9.04,-0.2615685717577171,-0.4634964636027698,1.1879512914917012,-0.012813017889257441,0.015612951777493115,0.019888808211955208
9.06,-0.25875439645925047,-0.46484015293716296,1.1888202118991467,-0.013377732702092837,0.016900159176180585,-0.013361862083070448
9.08,-0.25587608805108886,-0.4661255505830858,1.190115009705418,-0.001413913224565906,0.005801906342392497,-0.06150204819185697
9.1,-0.2529365216753329,-0.46736049135050706,1.191233124171403,0.023140228753661504,-0.0038689143829980597,-0.09561063464800879
9.12,-0.24997002582018102,-0.4685889521442344,1.1934793406431985,0.03276378958577338,0.0017592915716744628,-0.11282712934121018
9.14,-0.24703189447104926,-0.46991171559893713,1.1960151492416682,0.030034484888966227,-0.005147615574100166,-0.11551473414024596
9.16,-0.24410519055178967,-0.4713782166486379,1.199054322901404,0.040008047380751324,-5.4510607970224943e-05,-0.10261239926108016
9.18,-0.24120715891540415,-0.472931304845073,1.2011797947006624,0.039554652123177256,-0.00548772618856219,-0.0775861339756051
9.2,-0.2383233851506265,-0.47459297488590946,1.2021478276715467,0.02905399583681205,-0.020969143970216257,-0.040924819269266034
9.22,-0.23546939933135966,-0.4763768758811571,1.2023665114770852,0.006472798897915352,-0.024442606490799403,0.009568043471408114
9.24,-0.2326978274622516,-0.4782606143517331,1.2022662329915879,-0.004684869660260432,-0.038659813344053606,0.048360507748834006
9.26,-0.23002668202970064,-0.48016950946276826,1.2022583459307046,-0.00211739791700915,-0.03927820931929152,0.07228109042456381
9.28,-0.2275160724365909,-0.4820651856577724,1.2023975291080984,-0.010970482523661257,-0.027919362325615944,0.0814710964191816
9.3,-0.22520632848313524,-0.48396276240551184,1.203662244634767,-0.0055814308081337085,-0.03001478151185808,0.07448706902946942
9.32,-0.22299518779274238,-0.48582947704480395,1.2043634285362828,-0.010781199292155562,-0.021487921965593883,0.0541815441368353
9.34,-0.2208843573689099,-0.48768368149031055,1.2043814727072435,-0.003707323024299662,-0.000731471787439308,0.020544280849154627
9.36,-0.2188804748490116,-0.4894904361898612,1.205243763464729,-0.010290950889085226,0.0070432282850738945,0.002754673463450774
9.38,-0.2168814288314188,-0.4912817966777008,1.2059084084831966,-0.005256630001722471,0.0034197360890657123,-0.028844277970328756
9.4,-0.21485169924847095,-0.49302375012806143,1.2072859576844424,0.012887496171908442,0.010264712022367945,-0.04482042127726525
9.42,-0.21280981640507013,-0.49474385001391424,1.20866985244181,0.019199581635877535,0.005504525679001698,-0.04647190513112148
9.44,-0.2107218721136842,-0.4965284319643938,1.211086407863663,0.010945758348574393,0.015502986303479693,-0.03136144711818772
9.46,-0.20861806735992763,-0.4983865844157527,1.2134525946661208,0.01584002860847701,0.01185056664904214,-0.0018115509825673266
9.48,-0.20647216055273465,-0.5002762321570361,1.214806398625046,0.010598722047137113,-0.00184174655724273,0.03987641458888442
9.5,-0.20429131240368117,-0.5022136831224714,1.2153626466531484,0.01705625679067052,-0.003418903575807734,0.06839272890400722
9.52,-0.20212000308362593,-0.5042060323258847,1.217313240547955,0.008072483265459375,-0.020167106657161822,0.07960852686037047
9.54,-0.19995973012979223,-0.5062656024827741,1.2193471777457283,0.012454430821196308,-0.023139110227300336,0.07602744097429481
9.56,-0.19787932729645452,-0.508361825615451,1.2214578771357034,0.0050975269710945926,-0.014173651013629418,0.05809841808612319
9.58,-0.19585448538242858,-0.5104904089891549,1.2220683723531691,0.00837498344593966,0.0056203519143291575,0.028761040940524802
9.6,-0.19389694993033837,-0.5126449623563872,1.2234818832324152,-0.0017850634489048527,0.012215291675140636,0.01496097034794668
9.62,-0.19192666041761766,-0.5148179352374412,1.2234614733362223,-0.002694141794355167,0.009726829958496103,-0.01018610799235575
9.64,-0.18989709479349623,-0.5169790526992832,1.2245329298068004,-0.016752449886952653,-0.006231044469032946,-0.018912210524585173
9.66,-0.18783202898978918,-0.5191282239372436,1.2255156126949003,-0.018897679952458342,-0.01057277574125657,-0.013580582430339721
9.68,-0.1857940800798147,-0.521203499073338,1.2268400092397698,-0.00867979345695135,-0.00245070793244346,0.006464905369426167
9.7,-0.1838043146655138,-0.5231913908015472,1.2287308447837264,-0.011454115457708093,-0.006573526887953987,0.04197252258670225
9.72,-0.1818244672975642,-0.5251495775904274,1.2299137960585302,-0.0020330720294674635,0.0012021438036037473,0.06393865377918287
9.74,-0.17987720420929004,-0.527057217622421,1.2315398325745461,-0.006473019141948537,-0.005250616916230278,0.0704258347491093
9.76,-0.1779275653443865,-0.5289548599345014,1.233152457420031,0.002260467262486244,0.0016093470317507868,0.06213560275554848
9.78,-0.17599610369825197,-0.5308332387395388,1.233719123414646,-0.00032338160925066877,-0.0031858570643250607,0.041242581456837575
9.8,-0.1740607265312853,-0.5327169117576706,1.233613509781539,0.007784598736040586,0.002674402128344029,0.03338613619426862
9.82,-0.17214003303458894,-0.5345980987740857,1.2336318412467848,0.0037830494717329168,-0.0033816733629005416,0.0400292932311675
9.84,-0.17020720919259372,-0.5365139615515129,1.2344606453877494,0.012989287683756255,0.003339594236373556,0.062477992204274704
9.86,-0.1682909743976891,-0.5384460552501036,1.2359612437928167,0.009114234610610136,-0.0026745443282670243,0.10028755900429792
9.88,-0.1663644088210821,-0.5404136144404024,1.2364607012269215,0.01680581770534208,0.002974319662334438,0.1254019061434868
9.9,-0.16444779294525189,-0.5424231246793768,1.2377251170546295,0.010072189298707672,-0.005728870140030866,0.13420184755859849
9.92,-0.16251146318727308,-0.5445000887800696,1.239319405268332,0.017023061525314753,-0.00028146504889467824,0.12782616467776545
9.94,-0.16058899152280645,-0.5466050522536929,1.2397768838907226,0.01282756753121252,-0.006105137888863203,0.10886915488392566
9.96,-0.15866144693557852,-0.5487692297051961,1.2399271201949489,0.021241401091080175,0.0012778657993938708,0.0759858297244673
9.98,-0.15676403312219261,-0.5510128206033849,1.242224340741826,0.01438034356811513,0.023479192405422237,0.025431682092217366
10.0,-0.1548578999792907,-0.553331123436682,1.2442435246445644,-0.004089630241494179,0.033592307246224515,-0.011744008896631821
10.02,-0.15289423376451325,-0.5556815385159188,1.2448294549344903,-0.013508028700660518,0.03449928005254951,-0.06028246285514676
10.04,-0.15081268355778712,-0.5580166292705456,1.24505197313185,-0.009531676904099602,0.02278110705605723,-0.09453987982335135
10.06,-0.1485847331388009,-0.5603015544870078,1.245560386704694,0.007248867724660736,0.02373330136651758,-0.11414602485205697
10.08,-0.14624821560610343,-0.562549917403966,1.2468396671672708,0.01139170660498553,0.011999238734537312,-0.11801331449338773
10.1,-0.1438105643238352,-0.5648411527858104,1.248738191673549,0.0017785750921007176,0.014505707476277108,-0.10583199919753701
10.12,-0.14133417285409794,-0.5671796236057173,1.2505981775719957,0.005405861310478283,0.0034800165187097824,-0.07912035014042562
10.14,-0.13881819697894773,-0.5695255873893899,1.2514827929034376,-0.0022902755398755787,0.00423115154447464,-0.039572833425371136
10.16,-0.13629352702353817,-0.5718899433307865,1.252083918359782,0.0025592641991961885,-0.00813177219286585,0.014015795836894622
10.18,-0.13375636778023658,-0.5742447752013307,1.2522063341826468,-0.004235942913827768,-0.029798529204844118,0.0809989665838173
10.2,-0.13124974924187083,-0.576606695243811,1.2518871371444302,0.0013385962177864521,-0.03887963716906339,0.13374775467185424
10.22,-0.12887990873093208,-0.5789582928017271,1.2521212744957315,-0.0052900203982755275,-0.03523663035704575,0.1710342915787126
10.24,-0.12664706911937273,-0.5813305779492047,1.2519477430974062,0.0014660277299280353,-0.01901133439882899,0.19430691942925826
10.26,-0.1246456668425332,-0.5837056994308153,1.2542902242150036,-0.007812893199329648,-0.019805926248983512,0.19862787254147532
10.28,-0.12271377429151818,-0.5860973519370152,1.2563896846892153,-0.003984682093939775,-0.00759902623600205,0.18865881541675872
10.3,-0.12082797667860237,-0.5884788116835752,1.2566787707093467,-0.009816559553959797,-0.005503326428503234,0.1678595570095117
10.32,-0.11897066416615731,-0.5908499687913863,1.256304702288653,-0.003592011441159204,0.008865709210661736,0.13363611008356222
10.34,-0.11714992921918159,-0.5931757192602851,1.2569452163463897,-0.011920966442111106,0.00794493079598776,0.08299876151111227
10.36,-0.11530255369329535,-0.5954831676534975,1.2570734623896667,-0.008282363623055936,0.019593795144669558,0.018685677667768807
10.38,-0.11342124444067476,-0.5977240197902349,1.258423501964744,0.010598660387551839,0.016733731012930936,-0.028277900052258578
10.4,-0.111459380094941,-0.5999261704330356,1.2600863764168728,0.01767156966161692,0.0019392751785701637,-0.0602618645080967
10.42,-0.10944813198651769,-0.6021607715066346,1.260945311894271,0.013140438700934053,-0.0010399235476720187,-0.07879879651957268
10.44,-0.10743552085707034,-0.6044590004916689,1.2615828837413219,-0.004275044643745867,0.008589762767909346,-0.08283351995374905
10.46,-0.10543467565375102,-0.6068173614819832,1.2630820731579546,-0.007196602994515144,0.0032572618616557867,-0.07069184530963225
10.48,-0.10340337246739274,-0.6091606355705375,1.2642870538389768,0.0014363138861687638,0.009163654707769734,-0.04488594142074733
10.5,-0.10135908882495835,-0.6114742131856674,1.2655299141697829,-0.0019179694644925406,0.0034510370206947724,-0.004716455258087807
10.52,-0.09928697993317984,-0.6137916703375297,1.266122469527254,0.006621339297038326,-0.014736529748318595,0.0487066268023644
10.54,-0.09720414251124244,-0.6161000283974681,1.266450056299161,0.0034995744975736343,-0.02150231446455133,0.08825567188937014
10.56,-0.09517451276421315,-0.6184323652287481,1.266419084329201,0.013324759184448247,-0.015567592405297046,0.11370856195722061
10.58,-0.0932492162910829,-0.6207886668403133,1.2673209145790798,0.008786573049623245,-0.024353341402557516,0.12262693310887862
10.6,-0.09138185221265822,-0.6232031621232264,1.2683250605128342,0.017853065541627237,-0.019420097481081488,0.11673029721796671
10.62,-0.08958667297451689,-0.625651107029301,1.2684580813673325,0.016801665683939076,-0.004149496344007972,0.09836604108992873
10.64,-0.08785388337146938,-0.6281673714161118,1.268199950248496,0.0034649668607937265,-0.0014901077362835407,0.06567915624341875
10.66,-0.08613158217607436,-0.6307427349864403,1.2676076938295366,0.0025917082886448032,0.014246076795511485,0.019117923183262366
10.68,-0.0844184773658889,-0.6333371703791157,1.2691311943219439,-0.01325548090811568,0.014807910632828306,-0.009714197249241226
10.7,-0.08266637920262788,-0.6359357582989754,1.2695736958311703,-0.017391928529139733,0.0038099973758259492,-0.02586329174191948
10.72,-0.08084141857619391,-0.6384665472801427,1.2710824358257056,-0.007796427767032567,0.0064162932573086475,-0.026077622963087653
10.74,-0.07900359230692185,-0.6409357725264101,1.272093131311375,-0.009198850637841805,-0.0016335535071756242,-0.012795272213096164
10.76,-0.07714297501093939,-0.6433744663202917,1.2728851107517791,0.0010411659218900117,0.0017192415772215935,0.014226134509234467
10.78,-0.07529079312421365,-0.6457700800425349,1.2741840474672357,-0.0015603026216336232,-0.007221905354279399,0.056485078209088775
10.8,-0.07343474387947443,-0.6481667409391854,1.274787612056908,0.007934899339649299,-0.004131148022845919,0.08521946889765991
10.82,-0.07160866287480562,-0.650556735860231,1.2753417620831577,0.004258051071964059,-0.0143132810836239,0.09923975309260286
10.84,-0.06979843278784928,-0.6529785268770465,1.2760926941694297,0.014168202753619723,-0.010730844661749256,0.09818119065579678
10.86,-0.06803851303105289,-0.6554179802099863,1.2764417339255478,0.013051087060952935,0.003951351972157257,0.08365910029333927
10.88,-0.06631164288488268,-0.6579064487275164,1.276253284990282,-0.0002227362830277931,0.006242440944937973,0.055154869482230647
10.9,-0.06456763199816595,-0.6604398475196287,1.2758703772652418,-0.0018512723341468443,-0.0026825341765933236,0.012688216651139929
10.92,-0.06279199720030178,-0.6629678787209797,1.2769104803418798,-0.0177188428263634,0.001855519601218672,-0.046377479518857685
10.94,-0.06102732954447373,-0.6654873022834957,1.277472245019935,-0.02090051265932324,-0.0062345536093711355,-0.09133502767416532
10.96,-0.05925341918348243,-0.6679327811625911,1.2781788540810333,-0.012038067517057719,-0.001902575351483604,-0.12186001606041733
10.98,-0.05749969223846949,-0.6702838170259883,1.2792753577517508,0.010636413597060237,-0.010925649656528983,-0.13667370143217827
11.0,-0.055749612807232785,-0.6725746527022679,1.2812145326341935,0.018739604813770298,-0.004985299703432837,-0.1352848429993148
11.02,-0.05404213407060119,-0.6748935362893621,1.2825689385712247,0.01579497889403674,-0.009926089161258403,-0.12088078792965863
11.04,-0.05236069313168723,-0.6772688824302056,1.2832768416274654,0.023602076025713528,-0.004526430025734955,-0.09326814054622048
11.06,-0.05072787696225384,-0.6797000353973992,1.2840677155910611,0.01911945573176388,-0.01111365155183394,-0.05147837619336075
11.08,-0.049117744551814946,-0.6822018564731932,1.2840964404004238,0.0027614063159303336,-0.0055827526605336155,0.0037183438145656517
11.1,-0.047552452903627564,-0.6847678577786924,1.2837936268366057,-0.0013188003971437755,-0.013085486375783661,0.07270273352006403
11.12,-0.046012148226196994,-0.6873432518690212,1.283796408052984,-0.017465600879576233,-0.007774266133364917,0.12662672912893894
11.14,-0.04452434883790907,-0.6899148587308805,1.2837649657797878,-0.021724525868582277,-0.014067554438564115,0.16625106171441817
11.16,-0.04307988734117005,-0.6924149301947635,1.2840452619083342,-0.01202817341062923,-0.006925757554193087,0.19020113378029216
11.18,-0.04172314291136212,-0.6948182481637782,1.285350419581633,-0.01694021322165309,-0.015054554191721296,0.19784202328016537
11.2,-0.04040635924848755,-0.6971745509364153,1.2869998405063843,-0.007998853188555095,-0.009458184029137012,0.18989082963934817
11.22,-0.039134537179518675,-0.6994956595611473,1.2871454137000569,-0.008083636978050146,0.004968465747452479,0.1706526542873263
11.24,-0.037898741159169455,-0.7017950609212046,1.2866003999115823,0.0026413213221753522,0.008817312966903407,0.13869950550416552
11.26,-0.036643524761667476,-0.7040410162602063,1.2879655818375024,-0.0016963804637199712,0.026839181311417652,0.08918522205301098
11.28,-0.035354472558785606,-0.7062902852466779,1.2892549740048371,0.00550271841855306,0.0334154724377644,0.0257438163433288
11.3,-0.03394584543653873,-0.7085189579718439,1.2911649493329804,0.0004405164718383935,0.027127812846870488,-0.02207299202116441
11.32,-0.03243408092130177,-0.710760010140377,1.2922655496759317,-0.016005492989645403,0.030753511354770138,-0.05657304269276774
11.34,-0.030842449877750127,-0.7130021223013817,1.2924413811411084,-0.02028657928253711,0.022531418328197977,-0.07800333489785578
11.36,-0.02912637249421806,-0.7151854588823434,1.2926786168162632,-0.012191042476591975,0.026452371554656216,-0.08521491144684815
11.38,-0.02730750322186583,-0.7172866261243621,1.2933351009039942,-0.016278081528491115,0.018308844282651376,-0.07713367848406563
11.4,-0.025378288578644576,-0.7193454042513853,1.2941587937299044,-0.007800972258601664,0.022276772860533804,-0.05464123180867559
11.42,-0.023368529488639395,-0.7213397577910851,1.2952805901261406,-0.011501877434650669,0.01434834231106546,-0.017178801863794183
11.44,-0.021280466493785972,-0.7233090299055468,1.2960166259745323,-0.0026731178571747843,-0.006401034096483989,0.0341548951781141
11.46,-0.01914228941154751,-0.7252362286764389,1.2964093438488207,0.00844253017660107,-0.015379807264814966,0.0711546183500124
11.48,-0.01703054490055987,-0.7271524095422577,1.2966534374601413,0.008042604526213049,-0.012881521855281108,0.09407558980327686
11.5,-0.014981225549818967,-0.7291058871584671,1.2970808794661843,0.004339968443950555,-0.02324402734754739,0.10195587197765305
11.52,-0.012989330608042951,-0.731100003675731,1.2981903866398152,0.015081615473080281,-0.01905533915921422,0.0939126823033677
11.54,-0.01106283996859482,-0.733111015389702,1.2981810598423096,0.016132336213406453,-0.005037247016633667,0.07391788810754714
11.56,-0.009216675998584353,-0.7351953962532942,1.2987264122677207,0.0034635826028945505,-0.005176537658834385,0.03788959795141627
11.58,-0.007384074190938711,-0.7373288894541198,1.2984503275501023,0.0010440646151406077,0.004780200245266998,0.01473461870539231
11.6,-0.005578990306290046,-0.7394791825518336,1.2993807156592012,0.012479426303347465,0.0014294055306693213,-0.024754414737070178
11.62,-0.003756745911794801,-0.7416313215955198,1.3003146981792566,0.01055856492392923,0.01141004182757403,-0.0493405921615739
11.64,-0.0019303171117407748,-0.7438469280367599,1.302558537000149,0.023847566422635934,0.005955532819171562,-0.05701596078523005
11.66,-6.035534664917031e-05,-0.7461066720311346,1.305041801259131,0.023702697766859678,0.014120939577188286,-0.04928237222600841
11.68,0.0018211868771993605,-0.7484346340173297,1.3065163221173017,0.013490887810452185,0.012032003013399238,-0.029554707484564572
11.7,0.0037409266796499174,-0.7508357071587753,1.3071578741298615,0.015116613023508219,-0.0023495602563613424,0.0029723421800399124
11.72,0.005696062812591274,-0.7532788077903676,1.3070755392017286,0.0059035432997519175,-0.005870939233401035,0.022794364492129356
11.74,0.007639834337464225,-0.7557823600792885,1.3072196063999633,0.008987230123929758,0.0024058216489472,0.057444238742232014
11.76,0.009556077729931025,-0.7583106688079604,1.307929464523902,-0.002003062838412247,-0.0033278501560893912,0.07613660027454779
11.78,0.011481452944407554,-0.7608696710315602,1.3084590811702894,-3.893710220128787e-05,0.004142015904330603,0.08046143464289517
11.8,0.013393085949566019,-0.7634202873418091,1.3085119864390258,-0.010017487986651938,-0.00037174840467849404,0.0809476333449941
11.82,0.015319060997571889,-0.7659670858712596,1.3085510545685908,-0.007522686068285271,-0.003822319959745579,0.06690936689043606
11.84,0.017238646655931087,-0.7684727108099761,1.3085687299480857,-0.016922171913111916,0.0041914493260672295,0.038505985799466326
11.86,0.019139670714075244,-0.7709478249883357,1.3085543886020103,-0.014345310327939828,0.00048739095293271286,-0.003937183903300458
11.88,0.021055229836175356,-0.7733420011930231,1.3092267527309083,-0.02432285731228997,-0.015908286157682604,-0.030438986972082138
11.9,0.022971713932434086,-0.7756628048900399,1.3109391213859212,-0.020769111101628917,-0.01873018279300782,-0.04106710790865777
11.92,0.024850199533329464,-0.7779222099028263,1.3111174570562334,-0.008356046144541093,-0.012241972300489833,-0.04077378269853886
11.94,0.02664893461234875,-0.7800855122362144,1.3117435313317967,-0.008835750421751748,-0.017832751760292625,-0.025174857293047328
11.96,0.028398532149902737,-0.7822114951411325,1.3124426525427648,0.002566999988243215,-0.011554273882985125,0.004730488714573727
11.98,0.030075087073525707,-0.7842978648334327,1.3132789540631193,0.0015001356372641283,-0.017020812319643374,0.04918391106106425
12.0,0.031710511919736416,-0.7863913264739049,1.3136253552994892,0.013143643592746413,-0.010132767099365244,0.07975148447399633
12.02,0.03326728838277663,-0.7884935348051871,1.3146098247722287,0.010754329063906986,-0.01757885576598602,0.09428557138187715
12.04,0.03478839545134287,-0.7906464498133964,1.3154563814349365,0.021524712580737224,-0.011747486828855272,0.09446053845785671
12.06,0.03624697304947647,-0.7928432486123512,1.3160901395961655,0.02100544094126968,0.005585215889504394,0.08088310893358988
12.08,0.03767332796101876,-0.7951101140339966,1.3160001808746573,0.008857516914448516,0.011194711248418455,0.05969865478625145
12.1,0.0391211428831147,-0.797439099361613,1.3151225531868493,0.007222179747626833,0.006675199366029401,0.02563437761274769
12.12,0.040630406251978037,-0.7998097979078056,1.3156892615230398,0.020359939864763348,0.017778526925788945,-0.02019323693382686
12.14,0.04217869423899772,-0.802219857033556,1.3182269300726444,0.018901090940109375,0.014157987988994215,-0.04850014711364505
12.16,0.04378189589522479,-0.8046949037757933,1.3200893741674014,0.0054989475508781666,0.022318645794323997,-0.063112032134793
12.18,0.045415940429148885,-0.8072154904988946,1.3204759892519264,0.002877113013651667,0.019533679443521,-0.06617958989966123
12.2,0.04714342285326278,-0.8097636149741193,1.3212714206113936,0.013109649208069386,0.029021124871981708,-0.05410862981741374
12.22,0.048973925811203016,-0.8123319419591698,1.3235660863340524,0.009486800772492776,0.024584502188197743,-0.025303031633173517
12.24,0.050884058504910526,-0.8149400228956314,1.3248164597949044,-0.004034400475603395,0.010226321023440451,0.01566080839149754
12.26,0.05287392775211823,-0.8175795150247626,1.3254950644192363,-0.007418250544426656,-0.014685407939877264,0.0432974415581026
12.28,0.05490260394102745,-0.8201997545040953,1.3262548515894075,-0.017428598745830217,-0.027243945813414668,0.056468409871436163
12.3,0.056859963662864096,-0.8227861677706225,1.3277236745811953,-0.014078569631334196,-0.026440371966792237,0.07516259250890404
12.32,0.05872250879920778,-0.825317803710983,1.3285689293374936,0.0019138582733027353,-0.013699639331062184,0.08020002846901185
12.34,0.06048000998468092,-0.8278016662890056,1.3292598343076714,0.00532472877202998,-0.014327088619363543,0.0708868946445579
12.36,0.062182595637216245,-0.8302950929669313,1.3299766098103671,-0.003043371844180122,-0.003215992880507414,0.047229221970625394
12.38,0.06384004297249826,-0.832806023320507,1.3299035319457422,-0.0006888288164571383,-0.002387495070047015,0.010869882472129373
12.4,0.06547764575262069,-0.8352988777630475,1.331368959119839,-0.012720097044244115,0.012108017028854716,-0.04245973671377019
12.42,0.06710498763519031,-0.8377869894210714,1.3325596559396184,-0.012005358672995894,0.013674604552686771,-0.08132179236808834
12.44,0.06878613126418892,-0.8402194117407914,1.3342060026173312,-0.023496711179835917,0.0027942521807568887,-0.104756430456733
12.46,0.07051726064328291,-0.8426112351370985,1.3354608366000862,-0.0235689842452646,0.003175231602648424,-0.11478670073860059
12.48,0.07226345840071392,-0.8449273381035611,1.3359790668921752,-0.011587940632371072,-0.008190883475361368,-0.11129403417100768
12.5,0.07404146688046871,-0.8471097310970048,1.3382843055961522,-0.01528568728466914,-0.0030794673842119338,-0.09033089946870729
12.52,0.07579736480361407,-0.8492530164600705,1.3396483281626765,-0.007556829999969348,-0.00965414537697641,-0.05638339105167859
12.54,0.07754571841191935,-0.8513399263291633,1.3405999696177286,-0.012258999783111856,-0.003204639624566947,-0.008709032374470604
12.56,0.07926127868699105,-0.8533975379286866,1.3410164134710212,-0.004916557596596299,-0.009319205345935016,0.05266778397691839
12.58,0.08096355129836337,-0.8554067570998266,1.3412988175103084,-0.009029576681494999,-0.0039371457855934,0.09969741780900937
12.6,0.08262939137070034,-0.8573980360509326,1.3413085307753174,-0.0017279430488438118,-0.0100845264535823,0.13289571416839255
12.62,0.08427319963232972,-0.8593508933415748,1.3416599704942465,-0.006700901042732185,-0.0040254748088873575,0.1510313516531951
12.64,0.08587585231914223,-0.861300526304065,1.341970939347622,0.0002340570058124703,-0.009708624618183318,0.1549650709487721
12.66,0.08744773538368611,-0.8632130141645845,1.344240754448139,-0.007502842729609956,-0.001001223714724199,0.1412546556791992
12.68,0.08899708989414382,-0.8651275271012248,1.3447921803792036,-0.0051680587889206524,0.017907698208858503,0.1165067985013925
12.7,0.09053784828658125,-0.8670146894812283,1.3449395921366214,0.00832424266873335,0.025788461291327586,0.07856069521466452
12.72,0.092168395802402,-0.8688618810677278,1.346471481069799,0.0064428538770749015,0.017978119562274294,0.023577652353525633
12.74,0.09388228041056002,-0.8707275753276946,1.3472991354490593,0.01547903115847733,0.02086595268475331,-0.018269561367722034
12.76,0.09569633196675356,-0.8726253502607829,1.349817607011943,0.010647558210630782,0.00937672759456421,-0.04295401357745104
12.78,0.0975596395986398,-0.8745606125640183,1.3508901196419814,0.015342403683617627,0.006949542983770992,-0.05620942339549603
12.8,0.09945707858971999,-0.8765385071668962,1.3520633306317316,0.006755178021794672,0.017857576384644882,-0.05439079198480348
12.82,0.10137840939271126,-0.8785808612619763,1.353534237447633,0.011918644995235218,0.014645097222261082,-0.03742302915504687
12.84,0.10335483944962781,-0.8806464551808323,1.354340419606071,0.006444614117241984,0.000787930291616513,-0.007515111556421155
12.86,0.10537907205972435,-0.8827537211303962,1.3547226120871478,0.012317750910746494,-0.0022987014674006726,0.035862647600025846
12.88,0.10740440868748385,-0.8848848904794971,1.3551900082220707,0.0058440509852834025,-0.017154930609602964,0.09355187802540907
12.9,0.10941910511736322,-0.8870727328899731,1.3564680503382518,0.01386510406867763,-0.01734940508120503,0.13494930551117076
12.92,0.11136760623288702,-0.8892874134238757,1.3577148608027976,0.010517323019777012,-0.0057166885172411945,0.16207103361335112
12.94,0.1132496444285995,-0.8915678517647478,1.3592586958353527,-0.006235897346315978,-0.007535121660689739,0.17357939697936534
12.96,0.11511265307292448,-0.8938956529956821,1.3612598933630606,-0.01035437768687064,-0.021577694154334616,0.169911005868356
12.98,0.11693138037645887,-0.8961970365166934,1.3643424951696608,0.0004398514763245366,-0.020638381244465997,0.14940276046283674
13.0,0.11869437089984544,-0.8984808107213369,1.3658465222406269,0.0024897615219664684,-0.011022123051665028,0.11795872708977448
13.02,0.12038712323486435,-0.9007742864463345,1.3668007584215767,-0.006437991420660043,0.009262884142727653,0.07321250030796965
13.04,0.1220393444738187,-0.9030794433177474,1.3674925747293951,-0.0038900174081703074,0.018338667838970205,0.014853819763137896
13.06,0.12373439340879305,-0.9053465842167824,1.3693214099876578,-0.014662291497962446,0.013761954015293832,-0.02700455699734152
13.08,0.12547490063682182,-0.9076008938232762,1.3698018665335077,-0.01584589691716008,0.01857512489566031,-0.05730935011222781
13.1,0.1272770791350472,-0.9097892758303145,1.3708316995265586,-0.0026400711936767963,0.009559138047230768,-0.07162546091305375
13.12,0.12918368969062607,-0.9118951535976386,1.373393852010264,-0.004596601741113251,0.016502382689808564,-0.06871949888475778
13.14,0.13112128148426105,-0.9139924494429131,1.3754065306571932,0.0058531547915544576,0.011000499247511153,-0.052078150097575784
13.16,0.13312140137514059,-0.9160745324661954,1.3773320389728025,0.003552880749520572,0.018841344376227524,-0.02088657734898869
13.18,0.135155913530999,-0.9181764550500164,1.378731386758148,0.013631522802801237,0.01391157379761233,0.02392925268717153
13.2,0.13725422578967564,-0.9202902382906926,1.3797101391177993,0.012407592827125074,-0.0020570323818620466,0.08205782367671625
13.22,0.13939886156316905,-0.9224471509466909,1.3801586647763902,-8.465856500439046e-05,-0.006592336906400632,0.12701603413141868
13.24,0.1415381022274805,-0.9246435180963124,1.379993112401181,-0.00015318303524066267,0.001376114314344789,0.1584053339796948
13.26,0.14363791956981237,-0.9268421528232038,1.3816251027313027,-0.015992847840689776,-0.006470914414474893,0.17195084509109795
13.28,0.1457408424871199,-0.9290373245778247,1.383138040367042,-0.018873531477813822,-0.002462576618437092,0.1709061743173767
13.3,0.1478194407873331,-0.931194495377866,1.3831830158789087,-0.012464774569733723,-0.007736522414783473,0.15876917500942614
13.32,0.14986852949450852,-0.9332606667902447,1.3842037323366987,-0.019447063555903428,-0.0001917051924361631,0.13041572510428845
13.34,0.15188585558349768,-0.9352904734551245,1.3844117078244664,-0.014734448490522184,0.019243207200441453,0.08888591915754561
13.36,0.15388802404007904,-0.9372241435141748,1.3855947496357413,0.0033189986944403426,0.02550398246718844,0.03195480597488605
13.38,0.15597677168299226,-0.9390749009087772,1.3878072430266148,0.008359476051123504,0.018825655674684246,-0.00858366479040334
13.4,0.1581535123641244,-0.940932710366277,1.3896114236284216,0.0010873320288513233,0.024667146179396766,-0.03498832169248522
13.42,0.16039506032890738,-0.9428191557160873,1.3910578593593208,0.0067999377705053885,0.01767263235746149,-0.04734803251779718
13.44,0.16275027635760037,-0.944713014200542,1.3932847744911907,-0.0015093936882906592,0.02522392777636329,-0.04350609697948518
13.46,0.16516849082162055,-0.9466337907385266,1.3953533279897106,0.003362774058405756,0.01952328823655454,-0.025257807822513356
13.48,0.16765900670479694,-0.9485515313910183,1.396451733927039,-0.0017812383753469433,0.003827839099712565,0.0053897261578424085
13.5,0.17021538435253006,-0.9504810093052197,1.397137594216389,0.00449441296118544,-0.000970942566120203,0.04941647372252298
13.52,0.17279239382975944,-0.9523978312513061,1.3999297000815656,-0.004770767035180661,-0.0028340357475352693,0.07540197012466991
13.54,0.1753646981933075,-0.9543261710986645,1.4017477177514728,-0.002845399293302068,0.00021214157980571706,0.0886762744911945
13.56,0.17792151141742116,-0.956234063570739,1.4037418868946612,0.0071691309966056185,-0.009136211306790126,0.08725499695034217
13.58,0.18047571850145408,-0.958127805178994,1.4061385119156207,0.004640986091775377,-0.006195425902496449,0.07083347202791382
13.6,0.18299982898426623,-0.9600456205140756,1.4078742140994955,0.014208284638204791,0.009181573140927712,0.04115608909437941
13.62,0.18549263968182483,-0.9619866680019998,1.4106298489847084,0.010190537859009127,0.011152012758812013,0.027461703355846363
13.64,0.18801198553819015,-0.9639668317255371,1.4124291338779131,0.016327603645061837,0.0032524148550285513,0.0012403289093187823
13.66,0.19056699626883808,-0.9659780212253071,1.413636284574615,0.011368690545134716,0.006145878181924673,-0.03793192611146314
13.68,0.1931359844105793,-0.9680690106233676,1.415926124796538,-0.00684258326877563,-0.004902876351865516,-0.060936880504439024
13.7,0.1957179209845957,-0.9701892937993615,1.416993660082798,-0.0152270932449232,-0.006559611982301018,-0.07199551818067396
13.72,0.19827608928702897,-0.9722736038953542,1.418906783371835,-0.010553129097004281,0.004898253494786235,-0.06734686905783902
13.74,0.20080425891478318,-0.9742766876916661,1.42195783796272,-0.019619649212103737,0.0032227673876361967,-0.04630114786214994
13.76,0.20334687544697536,-0.9762469830149633,1.424108458841528,-0.0170662200440003,-0.010181097322858755,-0.012198536439123244
13.78,0.20590221078620136,-0.9781440156414076,1.426006635341657,-0.002985600853103094,-0.012215843784040354,0.03530687620340032
13.8,0.2084204816040541,-0.9799795305586423,1.4274567196088543,0.0002721535239487881,-0.0035428709115874037,0.06911564735552068
13.82,0.21088092361996802,-0.9818018262231263,1.429489821587628,-0.01046641221858378,-0.009058841532716641,0.08706168255378836
13.84,0.21332729066433304,-0.9836241205839164,1.4309417635201358,-0.00884459507434691,-0.0021806414038336064,0.09131368110606221
13.86,0.21573243178189713,-0.9854069289920988,1.432391678137386,-0.02028697372515,-0.008820198007364296,0.08094604375754134
13.88,0.2181228879428428,-0.9871521096867922,1.4340976840907906,-0.018134486529201646,-0.0017649620189949013,0.055197581778354717
13.9,0.22047102208928585,-0.9888206901414355,1.4357243333907783,-0.004019768709096706,-0.006407148153439894,0.01560136907061589
13.92,0.2228058775051473,-0.9904154207209465,1.4374432450276018,-0.002064792524844884,0.0005590489714157556,-0.03851862035234563
13.94,0.22510670082208434,-0.9919893645870472,1.440164706481943,0.0146811495216883,-0.006915998331177675,-0.07592429449281082
13.96,0.22740774145930917,-0.993554072429025,1.4427503430906152,0.01829913133381662,-0.0011303115578910259,-0.09869669264911363
13.98,0.22966584909200724,-0.99518909062913,1.4465000578452984,0.008238929706794991,-0.009144400073029281,-0.10531432215231068
14.0,0.2319126146161809,-0.9968788320712406,1.4494384767599604,0.008656754874793527,-0.00703203009477797,-0.09907433913923105
14.02,0.23412467187714625,-0.9985905796389486,1.4517216361343723,-0.0018387350936442974,-0.015618161346590099,-0.07986771358755107
14.04,0.23630653382173042,-1.0003290501262172,1.4536612399543105,-0.0010745434135405482,-0.01317488978753427,-0.04700252538620332
14.06,0.2384363946847615,-1.0020559189916283,1.4549183011012663,-0.012336342817971028,0.001713497816000312,-0.0009282340256901957
14.08,0.24051567956057301,-1.003774922047618,1.455962279850534,-0.011117733410095592,0.003913195825963469,0.05209578780358759
14.1,0.24259925291864792,-1.0054480673927548,1.4566752657925404,-0.0014689010392144786,-0.005675267313419905,0.09134106188343061
14.12,0.24470122669322159,-1.0070507466791216,1.4595649470144816,-0.006846482676716099,-0.0005479629134779332,0.11250794465594337
14.14,0.24678237376551354,-1.0086488190452678,1.4617840182791604,-0.0014657051484506022,-0.0061059886721151315,0.12068296915025284
14.16,0.24885468919114453,-1.0102100681600494,1.4653207388255416,-0.009923780747982832,0.001904573234156725,0.11220242947814775
14.18,0.2509093238853372,-1.0117679870543268,1.4674442685971987,-0.008963889562750777,0.0006839169994737128,0.09240414361604272
14.2,0.2529644895237235,-1.0132928739199778,1.4687800714075907,0.003738055425176872,0.01148537114522125,0.05939420861390822
14.22,0.25501707147643604,-1.0147731717676864,1.4709997520678748,0.0030361932990057515,0.009057459033645366,0.03794168479438983
14.24,0.2571075087141749,-1.0162624652631238,1.4727004499183594,-0.008916873544340327,0.017405541123776267,0.0032228734826910952
14.26,0.25922722336145676,-1.017759544010301,1.4738841141144632,-0.009894262704009522,0.014911597456923298,-0.044703764590989147
14.28,0.2614268832871697,-1.0192129686645919,1.4758584408977546,0.004192568439393367,-0.0017145704616507373,-0.07634820928078571
14.3,0.2636894166425057,-1.020626020350958,1.4781431857017602,0.004826824689772346,-0.0042671852603888925,-0.09266123602206179
14.32,0.2659430098607713,-1.0220513369598472,1.4798626206934002,-0.006901428660252602,0.005458440347020408,-0.09528886958933994
14.34,0.26817432519685513,-1.0234942995899439,1.4819600809184712,-0.004909126422175622,0.001106482150679593,-0.08247325360166362
14.36,0.27043253782033566,-1.0249056877698621,1.4848946344078515,-0.0172026707118849,0.01163482802532795,-0.05357254119559633
14.38,0.27269492076514934,-1.0262955420548445,1.4881095986876023,-0.015889943774602757,0.008331880640628387,-0.009324395881487655
14.4,0.2749960859346106,-1.0276299564241993,1.4906685668286688,-0.0034619889072813144,0.015593197278893555,0.04768096844556582
14.42,0.2773314045591043,-1.0288953496874373,1.4935898516794186,-0.005167177885113939,0.00868506725467385,0.08925696793802568
14.44,0.2797136617963976,-1.0301461237952296,1.4957791385697008,0.005011362899072155,0.013668049524001918,0.11735536876173795
14.46,0.2821307881260451,-1.0313688983026872,1.4985768962173436,0.0007778837687778788,0.004282715436695681,0.12958856392311519
14.48,0.2845922887400471,-1.0326016363763477,1.5007485111991752,0.008538795847678351,0.007253184359709161,0.1282838057244575
14.5,0.2870658908801026,-1.033833938012922,1.5023141147197137,0.004053158799273854,-0.0021327953476395164,0.11338429776190208
14.52,0.28956665547575977,-1.0350919044374387,1.5035130655182254,0.012020538423390839,0.001447970460965136,0.08451657396988634
14.54,0.29205572631757176,-1.0363728450482714,1.5064448764692164,0.004515017384289355,-0.010986114183010025,0.037955566429239154
14.56,0.29455080025286556,-1.0376930670228295,1.5088710265551748,0.009300973688664558,-0.010549373910437657,-0.022183295906562362
14.58,0.2969855810296729,-1.0390384548344682,1.5127347330523633,-0.00023003077924742637,0.003506654295818545,-0.09887366582919237
14.6,0.29937959504197587,-1.0404148445560766,1.5162413845431653,-0.0018365438991209085,0.004860992373976668,-0.16135962936545
14.62,0.301785880287326,-1.0417903752597193,1.5199854331830887,-0.017404086410188892,0.019502168077185723,-0.2086083119512399
14.64,0.30420932257744626,-1.0431605927302674,1.5236405903971144,-0.01980326813394217,0.020847081601332185,-0.2410482868124339
14.66,0.30671332920836125,-1.0444819598447157,1.5270283329154108,-0.0089709313639315,0.009669137877318124,-0.25898905988193793
14.68,0.3093250332281676,-1.045739151369478,1.5309026447239795,-0.01180865433739466,0.012953938542204255,-0.2614737852608583
14.7,0.3119763601075958,-1.046972630116296,1.5344786205965162,-0.0017851395197989147,0.0034815253408006478,-0.2496780582307742
14.72,0.3146767567670643,-1.04817813664194,1.5374508967800706,-0.003761552794735998,0.006563958936061935,-0.22440649385941222
14.74,0.3173863622682284,-1.0493797818047903,1.5395993897958997,-0.016242374529088423,-0.0005138041147819421,-0.18645205177036
14.76,0.3201274491639005,-1.0505699080344844,1.5425305642279394,-0.015353237636021293,0.0053155808157101,-0.1330078381918637
14.78,0.32287655418038086,-1.0516905213186587,1.5457961976798713,-0.027020311856292147,-0.0005500976776435723,-0.06461281589901233
14.8,0.32564782170689127,-1.052760671949147,1.5485400466892456,-0.027294847578490482,0.0046100331391004555,0.01662520697565973
14.82,0.3284208760047795,-1.0537292744914515,1.5510833482289246,-0.014901008702270728,-0.003434022780586373,0.11221775579727991
14.84,0.3312061925486864,-1.054598720640214,1.5532925941816391,0.003462149119376344,-0.0002650474337441867,0.19303660155990826
14.86,0.3339670556646967,-1.0554054114670925,1.5558734849636193,0.007566348492246479,-0.01142538438890729,0.2582184027966401
14.88,0.336726653216498,-1.05622302458461,1.5579222695799249,0.000696466889059813,-0.011415482209355772,0.3100084519095286
14.9,0.3394500059236982,-1.0570776461590905,1.5597406238328044,0.007166853673396085,0.001533408832073757,0.3474503632965636
14.92,0.3421209163877943,-1.0579508749994848,1.56231815340289,-0.0005755712954201946,4.015318574371187e-05,0.3686044186537062
14.94,0.3448056672786288,-1.058849509043989,1.5651937082357168,0.0050807988824880055,0.0061298437125769075,0.3745855305866294
14.96,0.34748686808216994,-1.0597441352148174,1.5698484124830812,-0.00503388646749342,-0.0037902833005136584,0.36280288919374415
14.98,0.3501839292673721,-1.0606439599264197,1.5730360188032277,-0.004628823114411269,-0.0029043704341591386,0.33934282033174995
15.0,0.35286113543392056,-1.0615320418132823,1.5755343410174851,-0.015005005857130067,0.008360358041768835,0.30284521709605816
15.02,0.3555208545500519,-1.062407415023902,1.5776017211280917,-0.01412532230557861,0.00857324364411692,0.25306468883708927
15.04,0.358194474660588,-1.0632032721652032,1.5804265410089127,-0.026713595246218455,0.02106828376544618,0.18748663983849498
15.06,0.3608847520811917,-1.0639345177523103,1.5833637216801555,-0.027204009908012222,0.021415862565813886,0.10785522613260506
15.08,0.36363176332779396,-1.064551157107165,1.5861515620888813,-0.015751978105160103,0.010257487887431065,0.014802195125793016
15.1,0.36648353668965045,-1.0649954861123383,1.5908645838931805,-0.020116094869123177,0.015331573272164755,-0.06352391073004547
15.12,0.36937272724050224,-1.0653753718858616,1.595676225944737,-0.010592877763245032,0.0074241837142668835,-0.1263726265788009
15.14,0.37232200194308296,-1.0656822091313927,1.600365636711837,-0.014070062321598159,0.012889296609875424,-0.17471139730992719
15.16,0.37530296340483515,-1.0659505499372917,1.605118708745315,-0.00393079816709677,0.005246348491209529,-0.20789285580100553
15.18,0.37833596841536693,-1.0661763371081505,1.609586182412593,-0.006467052302549418,0.010686220034298808,-0.22692302043322365
15.2,0.38139188346977293,-1.0663898125612115,1.6145013921624674,0.005046144276885359,0.0021889996153360534,-0.23030821719432154
15.22,0.38448092534542144,-1.0665911533934023,1.6185485214189412,0.006332760499765281,-0.016459118868262915,-0.221074046135424
15.24,0.38757099677574824,-1.0668151216536217,1.6228893914816198,0.019993223774291396,-0.023044926356575623,-0.19714408684801546
15.26,0.39058687962885913,-1.0670493293005978,1.6273781883282643,0.02004175654513577,-0.016042941778666213,-0.15807848890708695
15.28,0.39349209192538254,-1.0673445633607983,1.6319998944247722,0.006685417860128234,0.004550029013481739,-0.10406796870503233
15.3,0.39631724753342357,-1.0677095791352085,1.6367546208444261,-0.018839229051727927,0.013530639339167986,-0.03627141448774191
15.32,0.39915084645259336,-1.068095285116772,1.6405419335293423,-0.032774682378650964,0.011025516093994077,0.04410854248833526
15.34,0.40202522520162354,-1.0684243406827676,1.6434735646183039,-0.03685969720197014,-0.0018894747293085378,0.11181093048412101
15.36,0.40494912299870656,-1.0685714246870188,1.6479468474265884,-0.027795778762244528,-0.02957668515329836,0.162587782910985
15.38,0.40784455678456366,-1.068563312098758,1.6527510057360368,-0.03149216559107111,-0.04537413196890341,0.19804225745566434
15.4,0.4106268548588547,-1.0684811266346672,1.6568996038008614,-0.022702548405973785,-0.0493922340537899,0.21946549436979404
15.42,0.4131775033369201,-1.0682998226329192,1.6616362249693164,-0.025948050069829465,-0.04124009486643608,0.22510313688090627
15.44,0.4155823361668742,-1.0680879364296725,1.6651404483134615,-0.017461818649598403,-0.0222009776028178,0.2183443652246165
15.46,0.4178123449416277,-1.0678158721740034,1.6684694050089552,-0.021210279134116477,-0.014657035860714112,0.1973783091487677
15.48,0.41995558316086395,-1.0675033746995923,1.6711989765826138,-0.012627079041931959,0.005119788501401508,0.16277855384350884
15.5,0.4219946370207652,-1.067092332131114,1.6755186491297605,-0.0192736445978603,0.00860180123257651,0.11096953844912633
15.52,0.4240425889182936,-1.0666334088018739,1.6795472843072934,-0.034115965428111295,-0.0010935541232052052,0.04541802383583234
15.54,0.4261119447672615,-1.0661015253350108,1.6833022785104719,-0.036318504483791245,0.0018718432049383144,-0.03446454811207718
15.56,0.42816717139052274,-1.06541403138893,1.687719630425262,-0.02383561801951503,-0.00856424874704536,-0.09763039211272984
15.58,0.43023148267078015,-1.0645979880529932,1.6917778246707016,-0.02408144747706316,-0.005695767879882543,-0.14692570308593966
15.6,0.43226753886080194,-1.063678863100531,1.6961414887943256,-0.012452375270037253,0.009996432026771952,-0.1813865607225292
