0.02,-4.5,4.5,1.5001541667703346,0.001427115004579349,0.003567708504912979,-9.200428137648533e-05
0.04,-4.5,4.5,1.5005176067945332,0.0054628744127198205,0.007844881969377335,-7.12044568353979e-05
0.06,-4.499985198151533,4.499994077533123,1.501109724969792,0.010626230343743385,0.014191047586252585,-0.0001842274017819618
0.08,-4.499937888170467,4.499965510143511,1.5019268952055507,0.017233929576133667,0.02253230071644886,-0.0004853453641563272
0.1,-4.499831842099648,4.4998929355301795,1.502965408412095,0.02533046034927673,0.033018437394211814,-0.0010089487956363695
0.12,-4.4996326792464965,4.499749048120581,1.5042204369939587,0.03502952130060017,0.04579406848876264,-0.0018051080923636917
0.14,-4.499297356527548,4.499500436462463,1.5056849839435857,0.046520115362602504,0.06098343512786925,-0.00292124464247746
0.16,-4.498773743913151,4.4991071382193715,1.5073490615849612,0.06003118733484923,0.07874466823623998,-0.004406388688357223
0.18,-4.49799990367201,4.498521534068932,1.5092064807315613,0.07569116339992073,0.09911984410922144,-0.006250689553286408
0.2,-4.496901839219422,4.497685923397162,1.511273773413105,0.09304370913316652,0.12156925721759576,-0.00836983675871569
0.22,-4.495394846320745,4.496532838963198,1.513561135778117,0.11145014497458962,0.145351266578447,-0.0107420201049122
0.24,-4.49338738746643,4.494987926251481,1.516060917145053,0.1303824039752773,0.16983065871334416,-0.0134562610386318
0.26,-4.49078379712225,4.49297204774928,1.5187580896992523,0.14848783438401028,0.19373377020851648,-0.016694447896700472
0.28,-4.487489733376538,4.490405382771471,1.5216168781010906,0.16457541347660654,0.21599513957637945,-0.020845877575960053
0.3,-4.483416354338239,4.487211976347301,1.5245947786888314,0.17785741223480037,0.2359751582051774,-0.026319001640552973
0.32,-4.478482388334813,4.483322402811245,1.5276565992218492,0.18798250514621603,0.2534321980721363,-0.033357470888281844
0.34,-4.472616131910139,4.47867602955244,1.5307763941399515,0.19494951877652844,0.26837035697115397,-0.04201173717858468
0.36,-4.4657553887412496,4.473221351601199,1.5339404540440091,0.19918046458643196,0.28102035432944505,-0.0520778960137614
0.38,-4.457848521564871,4.466916947595213,1.537141453101023,0.2014651936335694,0.2916941028388214,-0.06313071942355547
0.4,-4.448855970526689,4.459732222580657,1.5403681897876897,0.202682635455258,0.30057138035074393,-0.07469894108176015
0.42,-4.438746343799776,4.451642799667757,1.5436139922514993,0.2035901539510334,0.30791101321962366,-0.08632778781702262
0.44,-4.427499437795815,4.442630795650474,1.5468624340981687,0.20461999572855427,0.31379166122277824,-0.09771127012043616
0.46,-4.415102600524816,4.432680404506068,1.5500955500140376,0.20607770088672972,0.3183540173081162,-0.10853465146761213
0.48,-4.401550014029417,4.421776473740626,1.5532945518038628,0.20803544652588624,0.3218297121880455,-0.11852072325248934
0.5,-4.386840775164056,4.409902819889138,1.5564434869637709,0.2103593861540226,0.3245309352221868,-0.12746014716929627
0.52,-4.370977579087877,4.397042211699032,1.559529400190353,0.2128647335855115,0.32673758569647177,-0.13520811356011303
0.54,-4.353965242229891,4.383177192169684,1.5625417858793518,0.21534737398619322,0.328677787468398,-0.14167783377912266
0.56,-4.33580846111804,4.368290177497738,1.5654750560527975,0.21753344802616165,0.330532444637347,-0.14688162110041528
0.58,-4.316509457105914,4.352363173852258,1.568332200183255,0.21942109461691325,0.3321886641719135,-0.15098101810365086
0.6,-4.296069622483831,4.33538109212197,1.5711161279741699,0.22094429883022934,0.3335494522990188,-0.154151245527594
0.62,-4.274490778695088,4.317332338591715,1.573827408008452,0.22210131682545664,0.3345250003048046,-0.15650817849060156
0.64,-4.251777014798786,4.298210290229527,1.5764598847239373,0.22259408474176276,0.3354384505722199,-0.1579496849525767
0.66,-4.227925493915462,4.278004159686031,1.579032216090921,0.2232633548373188,0.3352509506118401,-0.15902494470240103
0.68,-4.20296490305421,4.256738185019174,1.5814567974922278,0.22102177559885547,0.33798688983061476,-0.15764358929712227
0.7,-4.176905429709896,4.234415809100181,1.5837207424827418,0.21490140778713665,0.3374402115398659,-0.1590402730290058
0.72,-4.149729649758434,4.211042214580984,1.585846990078499,0.20904479814194685,0.33734120636124304,-0.16179996635122618
0.74,-4.121427760278801,4.1866329820465396,1.587879638815535,0.20419593305070807,0.33766093891590815,-0.1652321165908532
0.76,-4.091994835279027,4.161205587707939,1.5898464593046302,0.2006955676120279,0.3382051562645916,-0.16888372540138977
0.78,-4.061427913114883,4.134774356144163,1.591767735069608,0.19836826244568773,0.3388574860680097,-0.17235089788761998
0.8,-4.029726927472662,4.107349899323899,1.593655205360609,0.19685680835240651,0.33950970920400275,-0.1753315273696724
0.82,-3.99689418619303,4.078939928054822,1.5955137414666432,0.19588804459613735,0.3402821112849378,-0.17770327220705817
0.84,-3.962929762201408,4.0495472799907,1.597355950990868,0.19550570082410232,0.3409571897101804,-0.1795840896307153
0.86,-3.927835386321774,4.019175196921922,1.5991870315419112,0.19531293928851295,0.3417714911634008,-0.18092230588608632
0.88,-3.891610949906577,3.9878232283667376,1.601019559537781,0.19563626524378352,0.3422391150326298,-0.1821096105184063
0.9,-3.854268421281746,3.955501980686978,1.6028244995129979,0.195455320706308,0.34367849697537306,-0.18264988922228043
0.92,-3.8158262106922867,3.9222245499415234,1.6045580924707608,0.1944436540216336,0.34399673716778467,-0.1844716296091919
0.94,-3.7762809041251653,3.8879914416232495,1.606230170872578,0.19484250347444648,0.3456694813134561,-0.18642110776094895
0.96,-3.7356168129568275,3.8527909776872664,1.6079074071981314,0.19551583641312903,0.3475486759459428,-0.1885899564168664
0.98,-3.6938354141692,3.8166226247017034,1.6095876712864885,0.1964544388941562,0.3497781216158292,-0.19103250138764122
1.0,-3.6509388017668427,3.7794850513469234,1.6112659807449456,0.19767302070322643,0.35244043429733685,-0.19382003449932467
1.02,-3.6069294311157867,3.7413761999533888,1.6129336015527909,0.19923280141624414,0.3556411197011011,-0.1970246645251299
1.04,-3.5618095380155066,3.702292749406644,1.6145791642503702,0.20119381480801105,0.3594956779303931,-0.2007151860848589
1.06,-3.5155805565331097,3.662229385183742,1.61618962741374,0.20359099251953766,0.36407693264277474,-0.20497408023313957
1.08,-3.4682422431048425,3.621177821060871,1.6177520357832373,0.2064422260906659,0.36940083152335296,-0.20986490299307978
1.1,-3.419792585666649,3.579126460957689,1.6192534258081759,0.2098171330914523,0.3754751273028522,-0.2154117618430219
1.12,-3.370228103464581,3.5360603602332112,1.620680230535628,0.21352107747693685,0.3821123441193584,-0.22169329953155545
1.14,-3.3195441475454395,3.491960974768946,1.6220178656706359,0.21731477235592006,0.3890619405739104,-0.22878252880443065
1.16,-3.2677365318581844,3.446807822128003,1.623248388172154,0.22114234629594892,0.3961216344161475,-0.23670959866663704
1.18,-3.2148022939874887,3.400579463906249,1.6243513956146671,0.22503662270360966,0.4031350513777826,-0.24547612738977082
1.2,-3.1607385181847767,3.3532519632938222,1.6253101368641731,0.2286486591089706,0.40934857731095303,-0.2550565071731478
1.22,-3.105550498448424,3.304806104193299,1.6260904933123028,0.23191447639852755,0.4138188640600396,-0.26540853949480103
1.24,-3.049251111033191,3.255226958824234,1.6266510481547551,0.2346591545444121,0.4155560054116666,-0.2766440807283236
1.26,-2.9918640789087187,3.204505540591739,1.6269442523652278,0.23584481219674994,0.41357693682735186,-0.2892873912459717
1.28,-2.933407267658182,3.152619902491822,1.626973863606093,0.2341596634832983,0.4080843006797852,-0.3038264032943213
1.3,-2.873913361876315,3.0995579809839335,1.6267463857471922,0.22976439481504937,0.399059888141469,-0.32017563182482084
1.32,-2.813428122150361,3.0453230437128904,1.6262695353383254,0.2233597241330689,0.38626226156957166,-0.3380313398769261
1.34,-2.752007782328845,2.98993138677272,1.6255580671398586,0.21539587190201348,0.36951232978588483,-0.3571510794613161
1.36,-2.689718668946202,2.93340941742574,1.6246374570336668,0.2062716326882088,0.3487558554935121,-0.37727347324729044
1.38,-2.626638802285364,2.8757945042796798,1.6235401164063796,0.19652162732736358,0.3239788075909662,-0.3980738629818313
1.4,-2.562856965711232,2.817133492002686,1.6223083348251044,0.1863736135709949,0.2953103821063441,-0.4193331150197789
1.42,-2.4984743563996283,2.7574839693594964,1.6209879499212836,0.17590121573092288,0.26290381800204393,-0.4408956268872548
1.44,-2.433605799522193,2.69691746917798,1.6196171223188998,0.16535785516856583,0.2267313908768151,-0.4625753610986072
1.46,-2.368376172610872,2.635516707754433,1.618234480101293,0.15499507403721544,0.18686936291256,-0.4841545533919976
1.48,-2.3029199525091633,2.5733751440229837,1.6168797490693931,0.14509180669230323,0.14356809125418907,-0.5053520826961851
1.5,-2.2373807784125237,2.510596735708254,1.6155932327261506,0.13592203600638647,0.09741081300444775,-0.5257794379837367
1.52,-2.1719105056732766,2.4472947389907507,1.614417816328718,0.1277253471070014,0.049246244386695046,-0.54503231306025
1.54,-2.1066678817154885,2.3835913341167347,1.613393488513012,0.1202852199076601,0.0002369925982179935,-0.5628437802499539
1.56,-2.0418154142433713,2.3196186718222123,1.612531770748606,0.11325177616365237,-0.04850313758388714,-0.578975710056941
1.58,-1.9775121907638504,2.255514750633421,1.6118139826435949,0.10655691317899109,-0.09600101218246715,-0.5933380727750958
1.6,-1.9139087194397162,2.191417914232721,1.6112086134960388,0.09988697311266426,-0.14111916021189483,-0.6059238759247643
1.62,-1.8511463935472177,2.1274626716091243,1.6106919498049093,0.09304242604678818,-0.18322565233801194,-0.6167865390511698
1.64,-1.7893542855615971,2.06377867375361,1.6102423723155046,0.08565197815923781,-0.2218382571166478,-0.6259733555989903
1.66,-1.7286458123535913,2.000489392576395,1.6098294453384403,0.07753083544754918,-0.25655552875832827,-0.633546064047235
1.68,-1.6691174985441595,1.9377111530550248,1.6094181350020778,0.06853721152708293,-0.28722693991131454,-0.639478021327197
1.7,-1.6108480562867478,1.875551973045169,1.608970234314538,0.05855880254305692,-0.31358134058570475,-0.643788659161693
1.72,-1.5538980689779596,1.8141107682241213,1.6084443656787073,0.04764850837961774,-0.33529086836401784,-0.6465831424738682
1.74,-1.4983097761890989,1.7534765025423908,1.607797697020354,0.0358670992856533,-0.3522790805136112,-0.6478601412068381
1.76,-1.444106668964759,1.6937267846315607,1.606986264392,0.02342468059514465,-0.36459096394516016,-0.6476040957085832
1.78,-1.3912943907213797,1.6349273134538371,1.6059663812685834,0.010770600221560414,-0.37250943250037366,-0.645774014659784
1.8,-1.339863215537739,1.5771319035112408,1.6046982859317822,-0.001418424231970157,-0.3761628538876656,-0.642476728064412
1.82,-1.2897936199614992,1.520383973887524,1.6031550992864676,-0.0122791663326913,-0.375894523966629,-0.6378654677502484
1.84,-1.2410671721888287,1.4647219971077463,1.6013498145073177,-0.021308691247856504,-0.37301550964004593,-0.6318112793062818
1.86,-1.1936631517001857,1.410174276123843,1.599315769304269,-0.028614120731025837,-0.36830764597955723,-0.6242549482100479
1.88,-1.1475552558306945,1.3567536600486951,1.5970781496435942,-0.034400006151402235,-0.3615688716285991,-0.6154169982570766
1.9,-1.10271662003501,1.3044617580351558,1.5946622311346514,-0.038799020230909545,-0.3523725945737055,-0.605638190886024
1.92,-1.0591204420856042,1.253291221337018,1.592100845463489,-0.04225630970451586,-0.3405099317582235,-0.595070688979264
1.94,-1.0167333714149238,1.203221907541738,1.589419746705711,-0.04519195744916413,-0.3261659998611732,-0.5835889958032555
1.96,-0.9755129258065527,1.1542217940995048,1.5866352830032733,-0.04781796449354629,-0.30988449842515875,-0.5708727630503596
1.98,-0.9354106494760954,1.1062522148150555,1.5837670467363771,-0.05019294056964081,-0.2923030197804468,-0.5566271689112248
2.0,-0.8963741470794031,1.0592705123365762,1.5808405086596902,-0.05232605075971199,-0.2739623330812247,-0.540663758944157
2.02,-0.8583468876452468,1.0132298739923187,1.5778779399485399,-0.05421427623343511,-0.25530019048430047,-0.5228155852585041
2.04,-0.82127035190112,0.968081199910891,1.5748995660074285,-0.05576304702021638,-0.23676256361486264,-0.5029818759921098
2.06,-0.7850839359747641,0.9237729653785063,1.5719156485095194,-0.056851808519121104,-0.21877668552258256,-0.4810220612939475
2.08,-0.7497281757350837,0.8802535832900629,1.5689332810641028,-0.057570396645046915,-0.20159984928618965,-0.45687724760228865
2.1,-0.7151463681482277,0.8374720404937677,1.5659561861870817,-0.05807213391876856,-0.18547716010533774,-0.43053982294114057
2.12,-0.6812848852887461,0.7953786407854416,1.5629829302108833,-0.05855563477402253,-0.17050156919561743,-0.40195152209811635
2.14,-0.648088558762705,0.7539215135800726,1.5599715822753233,-0.06002684260294413,-0.15637228339435227,-0.37078947157483877
2.16,-0.6155096175510008,0.7130556298371571,1.5568972155267646,-0.06300537117671583,-0.14318537985212781,-0.3369925393716886
2.18,-0.5835034177879448,0.6727440865037494,1.5537424664321642,-0.06776945327126246,-0.1312288081442012,-0.3005940410550673
2.2,-0.5520280338935155,0.6329597865851528,1.5504962287936894,-0.07464089555202384,-0.12083138531739704,-0.2617590896141094
2.22,-0.5210456696641854,0.593686985760317,1.5471562557879552,-0.08387450549227703,-0.11217634944745751,-0.22065321001910604
2.24,-0.49052463985016,0.554923249068916,1.5437343247319129,-0.09542306419350896,-0.10523189249511024,-0.1773424911164633
2.26,-0.46043933423035366,0.5166788243099183,1.5402413476015553,-0.10933540720275202,-0.09994525447970477,-0.13193580659117754
2.28,-0.4307718892155076,0.47897634269820144,1.536690129735783,-0.12562413568679187,-0.09633390901695796,-0.08458654071803756
2.3,-0.4015143028037392,0.4418515832935943,1.5331044209229476,-0.14424453074898552,-0.0943496675657055,-0.035528773218716544
2.32,-0.37267158800749245,0.4053553855969088,1.529534941729024,-0.16478224089850896,-0.09400048529844086,0.014794788790956883
2.34,-0.3442601848904339,0.36954793759866983,1.5260198410470116,-0.18713856301953866,-0.09501192796516562,0.06569844840813875
2.36,-0.3163087888387889,0.33449421122406636,1.5225756108208195,-0.21027123865252956,-0.09677328353396265,0.11619265951838004
2.38,-0.2888555810274429,0.30025761809109375,1.5191759862850147,-0.23301350385160122,-0.09861672250381762,0.16547292133544872
2.4,-0.261948590024449,0.26690029860510095,1.5157891706627171,-0.25434797547001725,-0.09989209321888222,0.21318447913445923
2.42,-0.23564251088754246,0.2344797734202056,1.5123859791702774,-0.2732327733092633,-0.09986749241303389,0.2590044795333147
2.44,-0.20999437045497038,0.20304538934448532,1.5089398402510532,-0.2890210375982609,-0.09822721920563858,0.3027146414300467
2.46,-0.18505779230946168,0.1726347382459386,1.5054240720106054,-0.3013553273522026,-0.09497818234550957,0.3442216083491938
2.48,-0.16087938256472234,0.14327265508488227,1.5018126077473861,-0.3100248329729676,-0.09031047818225468,0.38352569660143887
2.5,-0.1374968365940039,0.11497150484449895,1.498081390240553,-0.3150069421273227,-0.08448473777059987,0.42063416799304015
2.52,-0.11493781255919774,0.08773150960082077,1.4942083259600913,-0.3165254955215529,-0.07781189855195593,0.4554765903127274
2.54,-0.09321689740862889,0.061538458250275756,1.4901610791020892,-0.31507092405302556,-0.07071624008649861,0.4881059982253511
2.56,-0.07234229367454464,0.03637353008531952,1.4859276463974942,-0.3113049188476745,-0.06321111598772759,0.5183823729587522
2.58,-0.05231488517653126,0.012212164465854554,1.481504230213505,-0.3058298994636748,-0.05523777732442561,0.5461506486103075
2.6,-0.03312450539205066,-0.010977774672603503,1.4768752212031093,-0.2994073878577052,-0.04661336638716925,0.571377923164804
2.62,-0.014754002138727563,-0.033228949010766534,1.4720290158925895,-0.2925007859338176,-0.03720497728725265,0.594121256143739
2.64,0.0028183373353976235,-0.05456960954877145,1.466964876847409,-0.2854760557394434,-0.026952416813357236,0.6143587403250426
2.66,0.019620056102154605,-0.07502405495269994,1.4616831656874936,-0.278348228919632,-0.015990544341491244,0.6322118214502919
2.68,0.035683822771424054,-0.09461143315862888,1.4561844331576632,-0.2708522687010439,-0.004614018417852797,0.6479222112202807
2.7,0.051041365291960496,-0.11333973517891172,1.4504983018636246,-0.2630447242789075,0.006398880539846848,0.6610955344697493
2.72,0.06572899039548266,-0.13121446851637547,1.4446529511031594,-0.2549705033200689,0.01643531685942426,0.6714069173781183
2.74,0.07978832251563567,-0.1482440745970869,1.4386568561712132,-0.24657428652153102,0.025144419235141623,0.6788692692553489
2.76,0.09326196699396706,-0.16443830197211193,1.4325125138819659,-0.2376894926361555,0.03213332292036906,0.6836628762412168
2.78,0.10619201311361828,-0.17980895692309237,1.426219626471099,-0.22802880918527169,0.036516311850807365,0.6864095419697076
2.8,0.1186170944719678,-0.19436859666576123,1.4197907971905395,-0.21781896720547914,0.03636287094166552,0.6887352795940841
2.82,0.13057058287812262,-0.20813469451586172,1.4132501643033193,-0.20895844575197012,0.03211734675447046,0.6910817485086574
2.84,0.14207834596927646,-0.22114366907300956,1.4065885904698527,-0.20270963914240717,0.02791616882127345,0.6910658575060146
2.86,0.1531424369464682,-0.23342331573484426,1.3998726782105078,-0.19755947699105095,0.02265976128956694,0.6881899240716227
2.88,0.16376501799485846,-0.24500093853972071,1.3931249035858122,-0.19302398583046584,0.016465601017804057,0.6822520400562431
2.9,0.17394196448835408,-0.25589873897309984,1.3863870442000237,-0.18982696707084748,0.009365349776164157,0.6739467947211509
2.92,0.18367235157183276,-0.2661471645748429,1.3796469968342495,-0.1881687268857125,0.001399225287864442,0.6631998103849622
2.94,0.19294431004461574,-0.2757651288734441,1.3729447081517128,-0.18731789889362072,-0.007143006313648012,0.6502434672051676
2.96,0.20174168163318842,-0.2847697288360512,1.3663069067741485,-0.18663011607566787,-0.015921376548301898,0.6352211661901097
2.98,0.2100458890646079,-0.29317657658000673,1.3597531264951086,-0.18604125946546304,-0.025007364811451372,0.6183101870904816
3.0,0.21783852034238563,-0.30100080178918587,1.3532957605667706,-0.18539188440136586,-0.034374987809523194,0.5995385238550677
3.02,0.22510029847988425,-0.30825633783558626,1.3469466278688016,-0.18454502661336242,-0.04400325326826894,0.578946850330088
3.04,0.2318113761119353,-0.3149561580677903,1.3407174535331219,-0.1834124605703144,-0.053890320497762344,0.556625745833125
3.06,0.23795161185009048,-0.3211125692200279,1.3346197175865369,-0.18191023731810546,-0.06396921103643154,0.5327087346938535
3.08,0.2435002980223784,-0.32673713405850446,1.3286667655843063,-0.17973445208627328,-0.07396897426323125,0.5073484195402375
3.1,0.24843741083670118,-0.331841689190447,1.322866618820203,-0.17639923154520096,-0.08350612012065092,0.48067153780953925
3.12,0.2527428739157281,-0.3364370992640769,1.3172362681202938,-0.1718987552517107,-0.0926193327329606,0.4530027993086696
3.14,0.2564018731298336,-0.3405370626491924,1.311780713671036,-0.16617221830622955,-0.10130087571027949,0.4244986314667647
3.16,0.2594022640897286,-0.3441569254208011,1.306506542290495,-0.15916620550247954,-0.10945634153225303,0.39534282180937125
3.18,0.26173519099817605,-0.3473148331556586,1.3014166525143251,-0.15110828935285378,-0.11680123804566049,0.3656806058043872
3.2,0.26339729296829223,-0.35003349013747054,1.2964971490251345,-0.14219286021501035,-0.12279093396406023,0.33557546000603494
3.22,0.26438897589745913,-0.35233762330555635,1.2917302553811416,-0.1328608426496501,-0.12689861736386077,0.30514092534376
3.24,0.2647155049889259,-0.35425250731842106,1.2870971439743077,-0.12358575131966539,-0.12879276770871376,0.27458264831704227
3.26,0.26438819168734673,-0.3558020691262787,1.2825785510839596,-0.11468208238332832,-0.12832778081985824,0.24400936972152415
3.28,0.26342490755036774,-0.3570073259228803,1.2781558670625932,-0.1066181056742764,-0.12533057152076135,0.2134735042243128
3.3,0.2618490899165974,-0.3578850763957969,1.2738200874820893,-0.10024962639996844,-0.12014684193031373,0.18313665295314493
3.32,0.2596913555949924,-0.358447290947945,1.2695654228574116,-0.09629668459037315,-0.11337929421694914,0.15309524862273083
3.34,0.2569857025242096,-0.3586975998822883,1.2654053065901747,-0.09524489642891648,-0.10562082593579968,0.12344933735127132
3.36,0.25376974760538423,-0.35863058801292697,1.261357279237101,-0.09666027911515791,-0.09730923485022094,0.09412250284619875
3.38,0.2500851980369695,-0.35823192079498306,1.2574247698981573,-0.10000675659180547,-0.08873475023277376,0.06502316189282754
3.4,0.24597711707573194,-0.35748081170733614,1.2535942061502987,-0.10460393626448192,-0.07982775245436047,0.03622351100749966
3.42,0.241490936541305,-0.3563504908149597,1.2498582024617322,-0.10975802722396097,-0.07057420544262427,0.007578607171944852
3.44,0.23667413904895027,-0.3548116311837349,1.246208877360496,-0.11470910826312719,-0.061153425637255246,-0.02113417997953966
3.46,0.23157654322008453,-0.35283502891405477,1.242639830453327,-0.11876566277491872,-0.052000330164356755,-0.050059749178622555
3.48,0.22625017644942777,-0.35039556863776283,1.2391388054330246,-0.12141919778865637,-0.04348166537302115,-0.0793768287937772
3.5,0.22074745397102907,-0.34747609728817086,1.2356793436071944,-0.12206067069319236,-0.03557671587755951,-0.10928900035479579
3.52,0.21511826672600873,-0.34406759644992174,1.2322349137973465,-0.12066527159092082,-0.02795218470670262,-0.13992482979004092
3.54,0.20940932542901838,-0.3401708901602789,1.2287817546178847,-0.11757076481256244,-0.020397940653252993,-0.17125093045888196
3.56,0.20366468401328675,-0.3357944427303126,1.2253156652909944,-0.11318992456969212,-0.013142180991723847,-0.20308635557408466
3.58,0.1979265982933658,-0.330954002324713,1.2218445616560036,-0.10826723747376714,-0.007111997300656733,-0.23541580359185937
3.6,0.19223449317883964,-0.3256713705870144,1.2183842665102866,-0.10322884709484023,-0.0027681242534194493,-0.2684590251473741
3.62,0.18662143858757357,-0.3199722463349708,1.214943568357959,-0.09809011355707738,-0.00020436494549580872,-0.302671572709226
3.64,0.18111195947050635,-0.31388573774614853,1.2115017983606384,-0.09259963598592727,0.0007917983165227875,-0.3386493666232097
3.66,0.1757226143366529,-0.30743926904557406,1.2080484897844344,-0.08674160865366899,0.0006248360805262191,-0.3769212090743084
3.68,0.17046332360612243,-0.30065819393368226,1.2045966901318854,-0.0806480981468403,-0.0002665651770760503,-0.4177948084673711
3.7,0.16533819812009087,-0.2935683341707779,1.201157196962804,-0.07436661380155074,-0.0018172451140920315,-0.4612863008546544
3.72,0.16034730278866338,-0.2861954336960676,1.1977403802479727,-0.0676074995096404,-0.0040875462813699595,-0.5071474206391219
3.74,0.15548625709327424,-0.2785658191208368,1.1943383140317174,-0.06003089904395101,-0.007093327556391674,-0.5551725425894832
3.76,0.1507459698096015,-0.2707052846513556,1.190943085412384,-0.051575910511445826,-0.011064830771849138,-0.6050543944561494
3.78,0.14611173922516682,-0.2626395539417746,1.1875460965439153,-0.042733069753460105,-0.0160405339596108,-0.656411014238028
3.8,0.14156198891132876,-0.2543935499385036,1.1841286680882561,-0.0341850430343713,-0.021266544647618093,-0.7085044751158938
3.82,0.13706998161398187,-0.24598695256916056,1.180699719209893,-0.027028435290070717,-0.024929263339356307,-0.760332502003782
3.84,0.13260755077215913,-0.23743295892128374,1.1773114823225088,-0.0219822818306106,-0.026025918638404155,-0.811058923300523
3.86,0.12815278581218031,-0.22874269965289667,1.1739934413331037,-0.019602222587954292,-0.0246315484410018,-0.8602696808790384
3.88,0.12369550905557357,-0.2199272408664608,1.170749228441018,-0.019299040235897336,-0.02069547421675584,-0.9075162498794698
3.9,0.11923887206975486,-0.2109975321686984,1.1675605432579486,-0.020367212765263966,-0.014704214484793705,-0.9522735988262109
3.92,0.11479743715755861,-0.20196710992462777,1.164413680910945,-0.02242078171128971,-0.007132338236692086,-0.9941967699115719
3.94,0.11039335041396038,-0.19285361959197894,1.1613055902885958,-0.02537318541670539,0.001644009570828939,-1.0330951946295313
3.96,0.106053528113864,-0.1836793979368438,1.1582297906644243,-0.029007013074668877,0.011284420001033997,-1.0687944892250185
3.98,0.1018083146563175,-0.1744707090069884,1.1551820264849884,-0.03322347720279251,0.02153597074482951,-1.101218767532603
4.0,0.0976897546436764,-0.16525727259066564,1.1521529159876691,-0.03780368573042118,0.031893121375143364,-1.1303116397592745
4.02,0.09373175881066345,-0.15607153474011415,1.149155869738158,-0.04214164693853899,0.04130171592912667,-1.1563363904790316
4.04,0.08996911896399294,-0.14694766750402752,1.1462259267081405,-0.045360037605557554,0.04845792289699858,-1.179763964697623
4.06,0.08643117913316312,-0.13791782728480517,1.1433624658356756,-0.04736878499027689,0.05320203292136508,-1.2006241066419048
4.08,0.08313779784503893,-0.12900814990286164,1.140554435164922,-0.048302100621393396,0.05586730271118873,-1.2187589830609928
4.1,0.08009951487507583,-0.12023751923028543,1.1377836906987984,-0.04844530088952008,0.057047976848073,-1.2339110090171348
4.12,0.07731930463113854,-0.11161804625766208,1.1350274246737295,-0.048199102465544354,0.057478520334551024,-1.2457752361673093
4.14,0.07479607315864564,-0.10315711740119056,1.1322749957725828,-0.04774713974102473,0.057584296564548255,-1.2541895379021453
4.16,0.0725270684536331,-0.09485921609874748,1.1295220793037017,-0.04716170139897394,0.05755589468687352,-1.2590885512025103
4.18,0.07050891305336116,-0.08672700787644481,1.1267654224568378,-0.04649674463866339,0.05750655599584529,-1.2604272332878759
4.2,0.06873789274136824,-0.07876177784357759,1.1239983866991008,-0.04584509345871582,0.057361427056666255,-1.258195660443271
4.22,0.06720458429914505,-0.07096003602957579,1.1211181576096254,-0.04095683937704898,0.059447302362018645,-1.254533281581137
4.24,0.06591591620872397,-0.06332746470941807,1.1182780682658726,-0.03441115156263867,0.06096643593915086,-1.2480170747649855
4.26,0.06485361438905443,-0.05587474957828841,1.1154308223214076,-0.02585152455990401,0.06281984770259784,-1.238795708216864
4.28,0.06399563673157861,-0.04861355171133555,1.1125678733675406,-0.015217201067401553,0.06516824508266188,-1.2269146338924055
4.3,0.0633141131951474,-0.04155945069070582,1.1096884431713843,-0.0026764370848558258,0.06803191549568359,-1.212319341799722
4.32,0.06277508603331017,-0.03473261847714673,1.1067904980912469,0.011517460276960732,0.07145077654978181,-1.194944373780399
4.34,0.06233968414815684,-0.028158459320788323,1.103875881075372,0.02690596774023476,0.0753654289359388,-1.1746896077612106
4.36,0.06196549020062178,-0.021868387382359505,1.100955086117722,0.04273501715459794,0.07962691198690156,-1.1516511454163116
4.38,0.06160827471647613,-0.015898565503745445,1.0980321505224653,0.0578689661772763,0.0839476256358448,-1.1262273005721886
4.4,0.06122518860327355,-0.010288651379907993,1.0951055144213429,0.07064184206540194,0.08789685542008321,-1.0991386866165203
4.42,0.06077879758116969,-0.005079316223328359,1.0921707467602708,0.07974589373534947,0.0910784315426837,-1.0710536291460995
4.44,0.060241941024459476,-0.00030887117691861653,1.0892320427051359,0.0851250030263468,0.09311129171279121,-1.0422725679661204
4.46,0.05960116958881499,0.0039920372193238745,1.0862935601935642,0.08755907003490022,0.09342285654087176,-1.0128423017174504
4.48,0.0588554452943419,0.007802751689855288,1.0833607517864043,0.087949758730544,0.09148868889904095,-0.9827999935805495
4.5,0.05801174223496744,0.011115208716576425,1.080430026196973,0.08632317902603391,0.08693283750183775,-0.9524229846754501
4.52,0.057079503528628714,0.013932412064286187,1.077504001836,0.08241336167561453,0.0795899613616153,-0.9218759777373164
4.54,0.05606847146118891,0.01626940594953363,1.0745949062546616,0.07635539911965616,0.06961786534117406,-0.891121919413093
4.56,0.054988377372968515,0.018157657785212524,1.0716983593226497,0.0684834417750342,0.057227221565345036,-0.860100418427866
4.58,0.05384716184227352,0.019641724778931495,1.0688128041757998,0.06003243933573112,0.04241009432614095,-0.8285787976411106
4.6,0.052649900493899254,0.02078148260853081,1.0658961621742746,0.05243761180848434,0.026192458562488606,-0.7961093016054928
4.62,0.051394064105557934,0.021645826849847328,1.062876009161412,0.04675059408972557,0.010327594423778464,-0.7622216680584448
4.64,0.0500665556916754,0.022298938347136657,1.0597336362643313,0.04326231694623683,-0.004095332812656884,-0.7267244243969737
4.66,0.048646198229588836,0.022796213552293977,1.0564626272827542,0.04166204872696365,-0.016118959821664003,-0.689751078081094
4.68,0.04710150754037911,0.023176000666875602,1.0532238097754691,0.04032153106657163,-0.024945124630063806,-0.6520853920718898
4.7,0.04540348675032597,0.02346842065665939,1.0500405030932316,0.03878075247221674,-0.03009374625804821,-0.6142211796599404
4.72,0.043530585625369225,0.02369313054149208,1.0469221840510607,0.036949185150460084,-0.03158608197852835,-0.5763685044547753
4.74,0.04147099736831129,0.02385995831815548,1.0438989367572495,0.03500420321638004,-0.029665870071292212,-0.5385115134970692
4.76,0.03922520728618015,0.023971007549686455,1.0409919782519867,0.033169614880374065,-0.02438045015392834,-0.5006373188442463
4.78,0.03680557342270949,0.02402177149852423,1.0382184479677734,0.031530265865538025,-0.016065802827575016,-0.462657401155696
4.8,0.03423677990535452,0.024001827078980013,1.0355852853951342,0.030120689750988014,-0.005149928217180529,-0.4244890663715628
4.82,0.031555134351006535,0.02389659544653925,1.0330857693568132,0.02888899908654856,0.008145282348436103,-0.3860824732001081
4.84,0.028806675339239175,0.023688725573088442,1.0307237818339585,0.027759820476622742,0.022834466018749403,-0.34747527780239007
4.86,0.026047347275445307,0.023360600760001973,1.0284808558088818,0.025652643010775557,0.03711770026765102,-0.3089311181236139
4.88,0.02333916785278615,0.022895854101504347,1.0263603453778136,0.021077847208753997,0.048733482985990985,-0.2713327484595766
4.9,0.020745467901237366,0.022286392755153525,1.0243818910854774,0.01423041871734552,0.05611935300362871,-0.23500949644930585
4.92,0.018321840469714603,0.021541995119930053,1.0225416380541796,0.005136220981759996,0.05894579741798221,-0.20003889523249993
4.94,0.01610664813674713,0.020690023805055684,1.0208012529597432,-0.005728386742845925,0.05672477507292704,-0.1663279927635692
4.96,0.01411846102702087,0.0197724329283089,1.0191022016262286,-0.01725404763346248,0.049694212091455255,-0.13395278504883343
4.98,0.012356252993025783,0.018840944797951942,1.0174207892583127,-0.028035158836891245,0.04004645010650145,-0.10346260166467684
5.0,0.010798216278784753,0.017951445323981026,1.0157470495029404,-0.036859504350368,0.029243431892307655,-0.07510071665580906
5.02,0.009411465413075675,0.017157227962934507,1.0141285702422058,-0.04303678275099555,0.018943491973833017,-0.04897173650634917
5.04,0.008154674218260795,0.016503146993351713,1.0126220549950893,-0.04626047757343889,0.010457447731186939,-0.025128567211678093
5.06,0.006984049137087785,0.016019874479618716,1.0112411290701273,-0.04651506752289477,0.004084818723507059,-0.0036379554553849394
5.08,0.00586133851750775,0.015722759883843144,1.0099774933940433,-0.04411114409124737,-0.0002985962232685424,0.015314631112394823
5.1,0.004756671730590857,0.015612607199467912,1.0088071694272995,-0.03958566813361119,-0.003142879926761071,0.03147278963953277
5.12,0.0036490859074566227,0.01567798169701688,1.0076931990297686,-0.033871208252964455,-0.005188305783295418,0.044426365953299095
5.14,0.0025250588725934846,0.015899868757044976,1.0066251618275897,-0.027343526474673936,-0.006636538279516672,0.054012868401219015
5.16,0.001375595252361001,0.016254307121590917,1.0055862819077033,-0.02039217283612695,-0.007755776167733331,0.06008600651990147
5.18,0.000195260606469146,0.016714419509192682,1.0045603666513894,-0.01337149701539303,-0.008297120231193987,0.06275429051282845
5.2,-0.0010190658716116268,0.017251812105684654,1.0035201321377214,-0.006887371247082881,-0.007176384948287534,0.06253914912866648
5.22,-0.0022681998199780393,0.01783917419631926,1.0024930742183975,-0.0007387794786885708,-0.003993062631631542,0.05994600052602096
5.24,-0.0035469294686304364,0.018451990321510854,1.0015876292481123,0.0063641891927301054,0.0016192275513388292,0.055597408836192685
5.26,-0.004840854567677003,0.019066290605357243,1.0008085755353215,0.013976875041126454,0.009228353166253386,0.04954502360987435
5.28,-0.006125708362973006,0.01965477817118984,1.00014584586234,0.02079340849354923,0.01794089729955125,0.04191144591645759
5.3,-0.007369403971549812,0.020188180273792815,0.9996052452532087,0.02603590259860696,0.026983197114904055,0.032895325847221685
5.32,-0.008535808655669405,0.020639909123870884,0.9991998596385548,0.029012442466088063,0.03472952993494663,0.022967432732952656
5.34,-0.009590015915483014,0.020990767669393357,0.9988703329600992,0.029492090296195157,0.0391140830085479,0.012464157740498485
5.36,-0.010502463260587517,0.021228986991459434,0.9986002623700848,0.02771256204587012,0.03882629321107664,0.0013863848107913167
5.38,-0.011254185855619554,0.02134943076349533,0.9984601181960073,0.023280377762641084,0.03513241669857461,-0.010921852935539792
5.4,-0.011849027555260324,0.021358515560464347,0.9984185888240376,0.017680310524768556,0.028867985811260738,-0.024547912691122328
5.42,-0.012304393456223877,0.021273257781165584,0.9984405979324996,0.011578802678081894,0.021226387655885155,-0.03971764763704123
5.44,-0.012647062522780774,0.021115408956619355,0.9984930570499442,0.006037655341630146,0.013517258226918679,-0.05606034830168332
5.46,-0.012907979230325285,0.020908946369298,0.9985513255009666,0.0019994049678700183,0.006709626118424404,-0.07291565495015988
5.48,-0.013117335695133221,0.020676170103164675,0.9985918096062681,-0.0005997973234383553,0.0017825425198365833,-0.09002504945120823
5.5,-0.01330103579932713,0.020433916212595618,0.9986055260548762,-0.0018153436243038754,-0.00018791308642156525,-0.10698986137565261
5.52,-0.01347738522838214,0.02019357991955415,0.998636079288493,-0.0018966975098590475,0.0014701751211595236,-0.12355331802530357
5.54,-0.013653563543721417,0.019960702958448165,0.9987269116217261,-0.000821280801401098,0.006483767555776445,-0.13980012491233704
5.56,-0.013822810704573368,0.019734836660478174,0.9989078245828454,0.0018723094567228307,0.013927383960194,-0.1561705643535368
5.58,-0.01396586271380345,0.019508794390119134,0.9991559362031459,0.006244019315958837,0.02242149793571483,-0.17286045054710572
5.6,-0.01405547383601538,0.01926703476133902,0.9994433189954747,0.011316967500284212,0.028391506612445366,-0.18919705933587241
5.62,-0.014062407608378851,0.01898612998838247,0.9997408625409123,0.015482308310003452,0.030854198286881844,-0.2047159763719335
5.64,-0.013967875049448639,0.018640627335771997,1.0000563896672172,0.017837982359590665,0.03006546759179283,-0.21934881634913037
5.66,-0.013767754520208276,0.018211712797914732,1.0003550169680124,0.0175939055998982,0.026467802809379343,-0.23284758676412518
5.68,-0.013469704776350438,0.017690857203334156,1.0005846968808252,0.015127625120650799,0.020155103767820527,-0.24455825126223577
5.7,-0.013086955657171691,0.01707946584259629,1.000809100884429,0.012561805535156024,0.012502588506990866,-0.2532259781889129
5.72,-0.012642229228849845,0.01639191005684244,1.0010326815948547,0.0101743762159401,0.004562667978962111,-0.25841357517908636
5.74,-0.01216291005042969,0.01564522286818596,1.0012395727420897,0.008347408001456834,-0.0029869086533119414,-0.2601929455688136
5.76,-0.011677040255282125,0.014856926444109029,1.0013646874639608,0.008209118287164408,-0.008458018519067361,-0.25940215287834917
5.78,-0.011210657605878445,0.014041627505877521,1.001360018250769,0.00799921580963994,-0.010771552480631325,-0.25779235410559764
5.8,-0.010783092652981595,0.013205462368003532,1.0011730230427276,0.004532259965076978,-0.009612978452663236,-0.257525502977999
5.82,-0.01040481159102915,0.01235040049639015,1.0009941911462081,0.0002715502406829328,-0.00846690962911412,-0.2547774191424197
5.84,-0.010067514330010572,0.011488526916721769,1.0007868299189573,-0.0034160441785118048,-0.009028759790126718,-0.2514134980784998
5.86,-0.009762857737379475,0.010634703757412756,1.0005760226826204,-0.006312534198803757,-0.01015250742998434,-0.24741953395603675
5.88,-0.0094892858145094,0.009803286551234986,1.0003502010109024,-0.0091844490453735,-0.01001252242435419,-0.2441133712522727
5.9,-0.009249207503700676,0.009007070352876114,1.0002135327946333,-0.010643523890497995,-0.008494604094557372,-0.241643227194776
5.92,-0.00903880432364177,0.008256080187414184,1.000089084424235,-0.012001217146121722,-0.006140816348042144,-0.2403275661284899
5.94,-0.00885089861454166,0.007554142757348678,0.9999603948846407,-0.012138095744752263,-0.004866417098474321,-0.23904278427727427
5.96,-0.008675078578967703,0.0069031480872878866,0.9997506319663044,-0.012961761280218299,-0.002714640086157005,-0.23896448754437044
5.98,-0.008506956241833083,0.0063054283398103145,0.9996945862581784,-0.01135825801939126,-0.002668431652666188,-0.23796467636682586
6.0,-0.008337299058785127,0.005759636669643738,0.9996043636713297,-0.010564785527793481,-0.002455227904631277,-0.23736458885777986
6.02,-0.008167451971969572,0.005259901235541288,0.9995030341445753,-0.010475902403258346,-0.0033840074758722362,-0.23694992726263747
6.04,-0.00799735900396214,0.004803261260042483,0.9994172241230175,-0.007759216641373433,-0.002733509223166737,-0.23688035107196553
6.06,-0.007830722151062548,0.004390849831135531,0.999406225797663,-0.003999708587722236,-0.003925394773280328,-0.23586029615466625
6.08,-0.007667452583903117,0.0040103959696579415,0.9993388167174253,-0.0021385867708275177,-0.0037887593999420804,-0.23464325469760142
6.1,-0.007515456912445856,0.0036488314674993903,0.999216924582463,-0.003015026521557103,-0.0035979574588472555,-0.23335082130817578
6.12,-0.007376203709466693,0.00329928252658732,0.9991335426059789,-0.0035075225591763167,-0.0030910017642991065,-0.23306737411344874
6.14,-0.007248259359085571,0.0029650561097006012,0.9991239023374887,-0.003095643994957388,-0.004458007406224667,-0.2326119740936633
6.16,-0.007128880777578171,0.002646992920831548,0.999045128685749,-0.00305005742064912,-0.0025026027301067707,-0.23183669550080532
6.18,-0.007023568431333087,0.0023447595880810536,0.9989006414391487,-0.0035156103037345507,-0.0027188145018810328,-0.23102148096874062
6.2,-0.006925154629573286,0.0020566876764704957,0.9987633037548926,-0.004422351532168103,-0.0023388367066669215,-0.23180315495539544
6.22,-0.006834163494875571,0.0017849768639553478,0.9986931490544125,-0.004927233650581417,-0.00041710490864853506,-0.23046734991443213
6.24,-0.006748103484797708,0.0015321454389513214,0.9985570483493029,-0.005890657758167983,0.0014739642622012552,-0.2299346975084814
6.26,-0.006659192219963082,0.0012993824518529352,0.9985611605807773,-0.005389921727027607,0.0004538380973272998,-0.22899660445044642
6.28,-0.006559553460058085,0.001087801495958354,0.9985331286466016,-0.004740654719442296,0.0006707597053708488,-0.22947473843770172
6.3,-0.006453357428848474,0.0008969021696905381,0.9985706210393528,-0.0031633358105294953,0.0011961038457807003,-0.227775400337992
6.32,-0.006340534078194463,0.0007234638444433907,0.998565142878784,-0.0030160059958900453,0.00027934882234391866,-0.22584973633053945
6.34,-0.006220516066406423,0.0005610644666651103,0.9985160942140675,-0.004172000090895925,0.000773622429128446,-0.22597069374996961
6.36,-0.0060968044251548965,0.00041030400932875056,0.9985471513354389,-0.002490782111390922,-0.0008380071420519807,-0.22469855784889523
6.38,-0.005966695364324261,0.0002746423863749959,0.9985057212132515,-0.0030352550681182087,-0.0009575859294063447,-0.223811393766549
6.4,-0.0058377210287889475,0.0001493681078245448,0.9984748014180517,-0.0036275731857008946,-0.0011066284792742957,-0.224408870210841
6.42,-0.005709881503437668,3.6768166495537176e-05,0.9984875961588833,-0.0031821563184716967,-0.0006371873892734603,-0.22248792592771446
6.44,-0.0055832258540848495,-6.069014672404859e-05,0.9985590254687523,-0.00410809960659056,0.0003583118537774555,-0.22179326302841063
6.46,-0.005456353132223393,-0.00014523153805436268,0.9986675363895631,-0.003150100520710248,-0.0017875248263000884,-0.22123218040250234
6.48,-0.005324761374391944,-0.00021459018244127754,0.998703184219451,-0.0019184020293548764,-0.0019902126169929336,-0.219768173186899
6.5,-0.005197347797705538,-0.0002704875097847223,0.9986869584542658,-0.003026636352447343,-0.0012258237814200777,-0.21891502443590966
6.52,-0.0050760520123656165,-0.0003172383528763323,0.9986973630496916,-0.0017307792073816373,-0.0030640237314680154,-0.21835012275864513
6.54,-0.004956959453327939,-0.00035137673696194246,0.9986922221657978,-0.0014948490433346043,-0.0030585484017817788,-0.21712362467195748
6.56,-0.00484824290662615,-0.0003762406213984402,0.9986962658329485,-0.0029775073525235094,-0.001562005467287007,-0.21759740375830233
6.58,-0.004750415142625345,-0.00039249669938487303,0.9988337591011399,-0.002981966229651902,-0.0007044573721028975,-0.21706931213316094
6.6,-0.00465606113198809,-0.00039625675240714586,0.9988985246774695,-0.002480129357698529,-0.0011928304826706853,-0.21699994071153342
6.62,-0.004561961322460944,-0.0003880620206763834,0.9989443054209419,-0.003034413955065406,-0.0007636108745739657,-0.2159420168410528
6.64,-0.004470389919968919,-0.0003694593120544218,0.9989578385324744,-0.00271958951602433,-0.0006323174692607003,-0.2159361800989867
6.66,-0.004379274802491263,-0.00033836477430886254,0.9990502463346038,-0.0008697981561523173,-0.0023549559493765077,-0.214553383593149
6.68,-0.0042883662183474894,-0.0002966513164203011,0.9990349974214668,-0.0010894056552402374,-0.00212022130010758,-0.21355444095493664
6.7,-0.004205771971578639,-0.00024970806882604216,0.9989949028694555,-0.002291218749223933,-0.0005564498877516416,-0.21437113464718646
6.72,-0.004130703759356063,-0.00019666848124332554,0.9990863887696818,-0.0023302677812855363,0.0011344651167971332,-0.21385391858731065
6.74,-0.0040559187862123265,-0.00013434272196723087,0.9992154897967125,-0.0007964004781867468,-0.0007281807805700291,-0.21266800502294422
6.76,-0.003975096448596071,-6.43216629053312e-05,0.9992279959353332,-0.0004199758921790886,-0.0009547160673679093,-0.21171803245446796
6.78,-0.0038964468042010764,9.256763460364217e-06,0.9991971923006313,-0.0019958349886746384,0.00033923494903025965,-0.21227580615846028
6.8,-0.0038212669837200328,8.523967070119744e-05,0.9992771436234016,-0.001100933857382204,0.0003570776461853493,-0.21141997856646938
6.82,-0.0037432582414870428,0.00016838229738478703,0.9992788250529974,-0.0014947125759070053,0.00044047179015544005,-0.21079855933453762
6.84,-0.0036630303951405096,0.0002553970791055468,0.999293698210003,-0.001000375400300665,0.00039771527899460626,-0.21145309401767204
6.86,-0.0035799220328188433,0.000347766586423511,0.9993497873895011,0.0004924639418462415,0.0008123335689088488,-0.20952056134561267
6.88,-0.0034945460229271297,0.0004435495269108638,0.9993844992982849,0.0008310403195560904,0.0010611034581026403,-0.20773167928854153
6.9,-0.0034065019515442056,0.0005366825651038749,0.9994533170678237,-0.0002767922970181596,0.0017262888167705523,-0.20756255886929545
6.92,-0.0033150611363871436,0.0006256123606052704,0.9996021993672898,0.0023453859383728683,-0.0007989241876577403,-0.20665998371842173
6.94,-0.0032170098695167154,0.0007141453603104469,0.9996587151667774,0.003492000554651557,-0.0020584509761488873,-0.20523104469076808
6.96,-0.003123825276196016,0.0007945280785153461,0.9995853560561822,0.002024333423630948,-0.001267000422250186,-0.20492331290837684
6.98,-0.00304160413676545,0.0008628702478287931,0.9995849961854104,0.0038382888681555843,-0.0030638241056829604,-0.20383532067748245
7.0,-0.0029658058277099737,0.0009245248150202096,0.99951152281909,0.002919805585686393,-0.002778626159024667,-0.2029733188825181
7.02,-0.0029049425576214614,0.0009737707992475276,0.9994557620459933,0.0035942807167859583,-0.0038354582663103157,-0.20254798860277834
7.04,-0.0028570064510019854,0.0010140299798297374,0.999370543602535,0.002543313881621063,-0.002655434955500787,-0.2019148925999636
7.06,-0.0028270184252017208,0.0010432664034489,0.999362945611228,0.0012393388659517814,-0.0027715524695971073,-0.20234897033850374
7.08,-0.002809161855319326,0.0010648562049776758,0.9993264765708146,0.0018788920142999274,-0.0018687075403214307,-0.2002223064287875
7.1,-0.002802932251920352,0.0010838544927839946,0.9992878230770208,0.0001111685696429639,0.0006856824705200528,-0.19922737524655754
7.12,-0.002805543463596883,0.0010969483836497894,0.9993362554425759,-0.001106492070510413,0.000987084013949147,-0.19903291416041177
7.14,-0.0028055715498850995,0.0011090603917557197,0.9994347452884028,0.0018587583782580233,-0.0007701976211726218,-0.19819746975268615
7.16,-0.0028010470467821416,0.0011245759361201329,0.9994505319875872,0.0025458378249562288,-0.0013165616592904176,-0.19705389665736447
7.18,-0.0028008150489381026,0.0011336876323599608,0.9993718587879403,0.00040337564006814175,-0.00031485775476164504,-0.197204999909853
7.2,-0.0028077131514091247,0.0011338719320520775,0.9993575266360326,0.0010985526916322467,-0.0008179376718227668,-0.19580354464874358
7.22,-0.0028161008611697694,0.0011327688469695756,0.9992787378067561,-0.0007242129619270568,0.0002309738304512794,-0.19599460979484276
7.24,-0.002828554928711794,0.0011279848487907196,0.9992888165680949,0.00020840396759339342,-0.0003952621208669332,-0.1946999560314982
7.26,-0.0028395815050976064,0.001125770528782198,0.9992351749803923,-0.001224740090854852,6.207619017766705e-05,-0.1945130602781643
7.28,-0.0028523092127686355,0.0011230467502055513,0.9992557821155761,0.0014058819226945402,-0.0015546527020250073,-0.19360005715936632
7.3,-0.002863877381907659,0.0011249190882260014,0.9992179716576262,0.001643260605438186,-0.001941061266864274,-0.1924177339071369
7.32,-0.002882353889760725,0.0011226283429965123,0.9991116707831666,-0.0003377664239281222,-0.0004120887065863236,-0.19338198901961065
7.34,-0.0029097751175820885,0.0011153267932554544,0.999122236017904,-0.0007753142411312346,0.0011199276463253688,-0.1928644132298203
7.36,-0.0029385273727720613,0.0011096677239781176,0.9991981078936086,-0.0006175927296700537,0.0003262241285785629,-0.19280682530695184
7.38,-0.002962475961793574,0.0011061061683496842,0.9991852130922453,0.0011384654991220063,0.0013172931620369175,-0.19120656691257845
7.4,-0.002984676696012396,0.0011046905281064797,0.9991943917724049,0.0016291975277163667,0.0007516622321018841,-0.18937953749005015
7.42,-0.0030027223099646236,0.001098020207612116,0.9991253571065806,-0.00023986222444321984,0.0019837817833144237,-0.18960192597894737
7.44,-0.003019010249759774,0.001084320041000645,0.9991759488416274,0.0005617954999217414,0.0011487643858128077,-0.18851952236849734
7.46,-0.003027645937090886,0.0010701008166957584,0.9991386624879187,-0.0009573948384418359,0.0016157533398613226,-0.18884310105472435
7.48,-0.0030322011296350076,0.0010528386875241318,0.9991628917118758,0.0004605299055134028,0.0009201338875856684,-0.1873127148135072
7.5,-0.003029923882171869,0.0010380527353746239,0.9991322613221151,-0.000572188922563945,0.0009268380872580583,-0.18667432376687904
7.52,-0.00302439637538298,0.0010207993827192935,0.9991559493615936,0.002118748995215248,-0.0011394895636127839,-0.18539545729769655
7.54,-0.0030149570629354593,0.0010050626612708874,0.999110654465816,0.0020258613054852602,-0.0018436218007054006,-0.18420293133472845
7.56,-0.0030113523843270954,0.0009821155180860343,0.9990030398923099,0.0002681347170726814,-0.000746227565502402,-0.1853926891359676
7.58,-0.0030164934835121737,0.0009525644588906338,0.9989795807127178,-0.0002833395948965751,0.0013260596182015016,-0.18481769333029854
7.6,-0.003024777277343138,0.0009225306712395407,0.9990557481661991,-0.0006754986219621568,0.0007762292599333045,-0.18489552759259725
7.62,-0.0030278382636020045,0.0008926550276583436,0.9990598637927934,0.002475662996267173,0.002239007074524445,-0.18322891161178487
7.64,-0.0030274055757889304,0.0008648546457449982,0.9990791424461404,0.003687160429676428,0.0025190710608539945,-0.18116881126841639
7.66,-0.0030201106135188927,0.0008259337534891867,0.9990988959865499,0.0019522880631289727,0.0033310282468705537,-0.18033980733540192
7.68,-0.0030056745082666977,0.0007709618795372615,0.9991396420284584,0.0029437986040444022,0.0006197866586081653,-0.1796045256800126
7.7,-0.002979967152368713,0.000706326964269877,0.9991153009027142,0.0030180241012017313,-0.0003049235368954635,-0.1782413317515951
7.72,-0.002953957992662087,0.0006301914103507847,0.9990126385836959,0.0010257389432465375,0.0005667177529387237,-0.17919709739535503
7.74,-0.0029313082275051043,0.0005424605571939008,0.998987308874421,0.00045842627800118154,0.0013525272267477318,-0.1780611640195521
7.76,-0.0029072281368818943,0.00045050919995370695,0.9989066474092294,-0.0010809335601523868,0.0025890033143437007,-0.17917740008469143
7.78,-0.0028781036013505058,0.0003558335070914046,0.9989572896785428,-0.0011146907452356163,0.003465060243236019,-0.17864241386814692
7.8,-0.0028383093247023876,0.0002635840287980149,0.9989902152889473,-0.0011877881537747945,0.0027439269088138252,-0.17945298792788672
7.82,-0.002784328398865793,0.0001733052266630284,0.9990439770554989,0.0006153446840249031,0.0018951131049183367,-0.1777762889961266
7.84,-0.002719164364961223,8.571671879040808e-05,0.9990331235332041,-0.00027370981146082146,0.0010119586865963129,-0.17684970820746018
7.86,-0.002647229762939135,-5.455877290385676e-06,0.9989868576117327,-0.001216707538127376,-0.0009959762078323893,-0.17615829050505677
7.88,-0.0025712336349940634,-9.619451525235907e-05,0.9989652035468474,-0.00010329868806141767,-0.0016498303771246758,-0.1756399775247852
7.9,-0.002498268657341722,-0.00018154814239131658,0.9988940822308716,-0.0015123694954832165,-0.0018283455626242648,-0.175165113996019
7.92,-0.0024317415985487143,-0.0002652843129654234,0.9988741111277488,0.0007667691126700539,-0.002866734196504456,-0.1736905180693558
7.94,-0.00237120497697693,-0.0003419690938175101,0.9987973115412347,6.441424825267624e-06,-0.0030435458282968217,-0.17276164387177495
7.96,-0.002322353650853407,-0.0004196148668160591,0.9987370049163029,-0.0008499563404000213,-0.0032330691694259675,-0.1732034880035885
7.98,-0.002285236436813099,-0.0004951829182297142,0.9986558565943169,0.00048671806290044676,-0.002137101837952903,-0.17137767859582795
8.0,-0.002260309114366664,-0.0005651091767913581,0.9986571184430135,-0.000572711565474866,-0.0012573417790552157,-0.17028823831659753
8.02,-0.002243973925524662,-0.0006354301650916721,0.9986547284878184,-0.00178775575678286,-0.0005750767212098596,-0.17143756432172438
8.04,-0.0022321899266038534,-0.0007026053172526354,0.9987057855978153,-0.0019988775624308324,0.001361818364482188,-0.17054777481577488
8.06,-0.002221447083871506,-0.0007623940370693493,0.9987797114154933,-0.002286167477561614,0.001248055864499168,-0.170799716666685
8.08,-0.002204125340538589,-0.0008153221272051113,0.9988516597919673,-0.0003141427434835462,0.0016562358159517333,-0.16862791697483479
8.1,-0.002180471396001596,-0.0008602057180872205,0.9989245927306698,-0.00040728722531294017,0.001706325277279019,-0.1670385381665958
8.12,-0.0021503209483160115,-0.0009049306178196322,0.9989431655114455,-0.002372834443575097,0.003047656487622347,-0.16788642448449764
8.14,-0.0021131370153556045,-0.0009491441483121315,0.9990740023122502,-0.0017839035310830797,0.0025355266094222806,-0.1672435695015445
8.16,-0.0020629810819897164,-0.0009863257844906707,0.9991073592803169,-0.003287031610118286,0.002381784910895026,-0.167763049262646
8.18,-0.0020018221108877615,-0.0010181991734642677,0.9991687968974252,-0.0012654756877846188,0.0019296695704551807,-0.16638313800805474
8.2,-0.0019294934202232568,-0.001039037229151404,0.9991824822310958,-0.001215804492402171,0.0012063092711098353,-0.16542856618072413
8.22,-0.0018490143350270156,-0.0010562512115526018,0.9991616287018299,-0.0018473315401660677,0.0013171635907526379,-0.16701453155756218
8.24,-0.001763023904200841,-0.0010694377677171584,0.9992321482267958,-0.0010900598683237317,0.0004387896057176667,-0.16607822608461037
8.26,-0.0016709413883962594,-0.001076464998467675,0.9992191662517992,-0.0024090103090462665,0.00047801397851662407,-0.16670746606557815
8.28,-0.0015765087038559595,-0.0010795217078456477,0.9992410896909847,-0.000837065514450088,0.00028976389897851057,-0.16526129127692618
8.3,-0.0014787526201944178,-0.001073615380659895,0.9992451806218348,-0.001433332653670389,0.0002236548433673312,-0.16458804666654844
8.32,-0.0013794154017238917,-0.001064664958976987,0.9992481296211781,-0.0011706441489837294,-0.0011242284847364432,-0.16511928343566565
8.34,-0.0012783850756967327,-0.0010503604465414912,0.9992236301941207,0.0010873985275715139,-0.0017030851624683229,-0.1634866257688149
8.36,-0.0011810042999540382,-0.0010308522862777633,0.9991724704052728,0.0008369044155320859,-0.0018829891572109427,-0.1624527344317397
8.38,-0.0010908830787437459,-0.0010144363052544145,0.9990677033057479,-0.0009687778660612649,-0.0005535709736968849,-0.16400168416795627
8.4,-0.001008893391900943,-0.0010001410320560782,0.9990855062074284,-0.0010100031184923114,0.0004618268689797783,-0.16379912314368333
8.42,-0.0009285293627777131,-0.0009816513197819844,0.9992036425368424,0.00013162372358834734,-0.0028688613991156055,-0.16320288499771987
8.44,-0.0008458573926240348,-0.0009596531893781352,0.9992264883036864,0.001642854664654606,-0.004218414473146774,-0.1617144391250221
8.46,-0.0007741360648309105,-0.0009363895240790265,0.9991454802931649,0.000121117953019702,-0.0036830103695718675,-0.16152930346257277
8.48,-0.0007202062944434702,-0.0009169181837344658,0.9991495475087054,0.0026552544372219454,-0.005267761487822895,-0.16057220474727485
8.5,-0.000680381871037772,-0.0008956432531023385,0.9990814262056524,0.002204500219066111,-0.005357726194108611,-0.15969010549798804
8.52,-0.0006623789992234459,-0.0008812768718562887,0.9989673473729084,0.0005682862631999215,-0.00390952041707602,-0.16134763424354026
8.54,-0.0006671423838754234,-0.0008722650746820422,0.9989672502219265,-0.001111073586080222,-0.0002080835572510968,-0.16147986010638885
8.56,-0.0006878033026459033,-0.0008629901627923778,0.9990727524422317,-0.0037095172307403954,0.0024772263004122076,-0.1637998130895571
8.58,-0.0007085550314981476,-0.0008491824830506416,0.999275804080755,-0.0036812857752985696,0.004342436468198128,-0.16458904930548893
8.6,-0.0007171801588902245,-0.0008224541678999201,0.9995304528075183,-0.002452093319284409,0.004236250933227974,-0.16391586090183446
8.62,-0.0007074480119144786,-0.0007847827182277222,0.9996198484448617,-0.002306721362399545,0.0037878564771917076,-0.16340159020666611
8.64,-0.0006799884850112094,-0.0007404497997117117,0.9996617947892911,-0.0015486123229325342,0.0032190544751970395,-0.16507645454024944
8.66,-0.0006361326898560444,-0.0006895262438250135,0.9997758375266315,3.114601182777089e-05,0.002325730761601404,-0.16496655162480603
8.68,-0.0005790418055644356,-0.000634779997656078,0.9998389523441028,0.00037769186236442617,0.0012224218136941138,-0.16353248390157135
8.7,-0.000513145419030534,-0.0005816734426177684,0.9998488707504362,7.951981741021511e-05,0.0008397742094565583,-0.1644434182658012
8.72,-0.0004427344071348217,-0.0005308907732877627,0.9999292357085705,0.001694441929620951,-0.0003524301952587706,-0.1630490319073339
8.74,-0.0003692712399739851,-0.0004809721685080764,0.9999020341479864,0.0009548123158521506,-0.0008765951389109843,-0.1625218520375813
8.76,-0.0002982907981508569,-0.00043737756193195184,0.9998463763846166,0.0019458363151670958,-0.0021303893255701306,-0.16189927535180382
8.78,-0.0002313248631635441,-0.0003969247987900554,0.9997523564145395,0.000919538192233092,-0.002084262225438716,-0.1616688244118185
8.8,-0.0001740025102107998,-0.00036276356739358193,0.9997073400833805,0.0041308717814348824,-0.0034346395792984037,-0.1604222980213425
8.82,-0.00012525684676749666,-0.00033084282501597413,0.9996109572758348,0.0044100807286922145,-0.00404727876175162,-0.15907294946183437
8.84,-9.209845622876775e-05,-0.00031249526869307043,0.9994332947945916,0.0023000578867615412,-0.002712416160708534,-0.16001881081923552
8.86,-7.794847541133508e-05,-0.00030917614807731813,0.9993789118614558,0.00158435577068819,-0.0016459485450852906,-0.15922335059293638
8.88,-7.579216471562429e-05,-0.00031309609078760255,0.9993406148348875,-1.9902118301245746e-05,-0.0007569723861111444,-0.16120511289203301
8.9,-8.105571241008222e-05,-0.000322165722458338,0.9993358751462136,-0.0007451956227312697,0.0012987413652700151,-0.1607899029814367
8.92,-8.93255644916416e-05,-0.0003306569416242434,0.9994577318633477,-0.0022195340338088307,0.0006218605095957774,-0.1616918424925212
8.94,-9.214342700353845e-05,-0.0003370908825783149,0.9995454218857733,-0.0008340779094426881,0.0008857795858271505,-0.1602982543432033
8.96,-9.117921406864743e-05,-0.00033538263867677386,0.9996054655232821,-0.0012436990088040844,0.0010081838995089484,-0.15931043925425853
8.98,-8.630865603176208e-05,-0.0003310310724450508,0.9996232892238915,-0.0024239056014109966,0.0017198730435835417,-0.16090911438307132
9.0,-7.67147330410559e-05,-0.0003224499656666977,0.9996845479712465,-0.00178295800520551,0.0023648855151521837,-0.16009080531065387
9.02,-5.884184487524371e-05,-0.00030546575589664225,0.9997982594505265,-0.00032498789746336783,0.0007112722278766738,-0.15945691512014593
9.04,-3.094033783617303e-05,-0.0002831908926243092,0.9998267422314634,-0.000110076760678861,-0.00035392700664524824,-0.15870801400964715
9.06,-1.536361297134158e-07,-0.0002601319225902248,0.9997921529865467,8.331921324163676e-06,-0.0001708422774747724,-0.1597899901080241
9.08,2.9249118319461055e-05,-0.00023641760057118848,0.9999307177697593,-0.00017818192962204698,0.0005731195891585083,-0.15956979788665776
9.1,5.795504878087485e-05,-0.00021264731994840636,1.0001089723643395,-0.00021104595524980808,-0.001908432297425167,-0.16034537935685167
9.12,8.891065412258866e-05,-0.0001885716329518877,1.000192458247049,0.002092413419780325,-0.002462917791246241,-0.15886422609353107
9.14,0.00011279124501714986,-0.0001625604390635175,1.0001662296020861,0.002038538688593189,-0.0023600887039496436,-0.15784084863947806
9.16,0.00012597048391632895,-0.00014305169768626488,1.0000862912418005,3.658645095807133e-05,-0.0007983287110975065,-0.15921537421825727
9.18,0.0001285012841814942,-0.000130148062253234,1.0000989043452833,-0.0001536576582198239,0.0008367478540548963,-0.1588790323998115
9.2,0.0001278469412104059,-0.0001168921784065198,1.0002003081782398,0.0002717931129452604,-0.0013101541855104586,-0.15875472059886517
9.22,0.0001304271815059403,-0.00010357341679744638,1.0001840781051177,0.0021684350179004383,-0.0017494009397250856,-0.1571978673622639
9.24,0.0001278607881847634,-9.050108270063393e-05,1.0000967208394265,0.0011620193698218954,-0.0013015142754706545,-0.15641630100769102
9.26,0.00011716720388012196,-8.478412595840006e-05,1.0000217296435534,0.0023387475035778612,-0.002739864106658995,-0.15649647067373462
9.28,0.00010074356491222259,-8.276966235440008e-05,0.9999395676553565,0.0023319433224319687,-0.0032857410318943023,-0.1551686941200233
9.3,7.253149211361803e-05,-8.79938414853849e-05,0.9997805188492114,0.00029449327337413973,-0.0018699423060158224,-0.15630522229899532
9.32,2.9799306802266545e-05,-0.00010045622300489042,0.999733808761717,-0.00028394719282965816,-0.00028369838792662895,-0.15577860054523113
9.34,-2.0478883174866393e-05,-0.00011290784272676167,0.9997715379039658,-0.0020712816750442517,-0.00027570224369128423,-0.15749436042124948
9.36,-7.16476916234956e-05,-0.00012407042100042638,0.9998305360218379,-0.0017565674599673863,0.00029587454741213695,-0.15701234901601702
9.38,-0.00012257014352693753,-0.0001270692950568588,0.9998733463094512,-0.002463717903326949,-0.000147465372570282,-0.15760736488043667
9.4,-0.00017124262849281375,-0.00012348533040671807,0.9998928749509945,-0.00030905848695547537,0.00016819251087610794,-0.15593450752337756
9.42,-0.00021893575643552285,-0.00011032259050073954,0.9998931835914253,-0.0002267396327091059,0.0006628042077919288,-0.15454801091741488
9.44,-0.00026575432691468384,-9.60801077431228e-05,0.9998787455723657,-0.0012916854355073959,0.0014596778190913765,-0.1554984218341913
9.46,-0.00030978356145690527,-8.136232693353447e-05,0.9999335281065723,-0.0003193365747472786,0.0024339904119635596,-0.1546261208197793
9.48,-0.00034732736118810447,-6.253190016894131e-05,0.9999961822175916,0.00038315608202192447,0.0011588609737690904,-0.15379417750046304
9.5,-0.0003754836572313897,-4.394282750123529e-05,0.9999516763135531,-0.0006182166070158375,0.0015377700390317994,-0.1542749405731886
9.52,-0.0003992957198425872,-2.758085838585772e-05,0.9999648336865513,0.0009078506234003236,0.001258164015138833,-0.15272449049574557
9.54,-0.0004168432180712481,-9.783007756967805e-06,0.9999263391671187,-0.0003200631640004948,0.0016187886226844217,-0.15217638321019622
9.56,-0.000430001354181856,3.6914444657233396e-06,0.9999259571987683,0.002572445581492909,-0.0008911063508822499,-0.15141846256220662
9.58,-0.0004367685485597117,1.7429785677281716e-05,0.9998757696671317,0.003156941765284317,-0.0023172501949262447,-0.1503360307537896
9.6,-0.0004483722917341933,2.196644715929854e-05,0.999721385298381,0.0013355894513936944,-0.0013766390009684758,-0.1510990164728302
9.62,-0.00047106798927225443,1.5356531597401048e-05,0.9996636098766457,0.001274251957318176,-0.0007199394388768341,-0.15004571436420006
9.64,-0.000499766623842298,4.460945669086258e-06,0.9995406645553924,-0.0007763904992100876,0.0013379977750395736,-0.1512552687303653
9.66,-0.0005321392923156613,-1.1147283378052867e-05,0.9995951417464031,-0.0013814480701876207,0.0026535958006905077,-0.15141128364048606
9.68,-0.0005586923775594685,-2.4465644629288036e-05,0.999753724180769,-0.002917167188109433,0.002695182846446344,-0.15362617586914917
9.7,-0.0005740816797367447,-3.3974436340795544e-05,0.9999271701370209,-0.0022550844474555575,0.0027795037926150227,-0.15346498950979623
9.72,-0.0005775178699244081,-3.3990077128033904e-05,1.0000201215392488,-0.002387073352972134,0.0019665547209043194,-0.15253324416710184
9.74,-0.0005689716161189129,-2.7016414585691176e-05,1.0000679543751267,-0.002450718801880691,0.001899460747488878,-0.15399237710112731
9.76,-0.0005511653855096566,-1.1769339257223551e-05,1.0002135846959617,-0.0015812472939879128,0.0017738064493735752,-0.15356404897038675
9.78,-0.0005248274711536071,1.154675682454836e-05,1.0002324632773982,-0.0018832233646820496,0.0016590847158605702,-0.15334006146544749
9.8,-0.0004907507388807585,3.986748623580279e-05,1.0002213972101615,0.00018187831543244387,4.362148073061155e-05,-0.15329065511022683
9.82,-0.0004491566259204632,7.445929823661947e-05,1.0002050643943678,0.0008108340948430516,-0.0013010761107315751,-0.15212567173320457
9.84,-0.00040753710144391774,0.00010830901849707408,1.0001009135470302,-0.0002067364790945431,-0.0008795110310542387,-0.15291176012786112
9.86,-0.0003715582935066176,0.00013972648803658444,1.0000566379476827,0.0008882969499311935,-0.0005041594039560159,-0.15162624630242388
9.88,-0.0003389368069951299,0.00017246277226949688,1.000065429072677,0.00034945708907206706,-0.0001753802044040334,-0.15086128928622597
9.9,-0.00030878745025639915,0.00020207176852826372,1.0000210630680737,-0.0007004048701583397,0.0004464757582637715,-0.1524799606814238
9.92,-0.0002795559589113267,0.0002303945547198135,1.0000126432969612,-0.0002718362190758778,0.0015607775853060633,-0.1517006388216607
9.94,-0.00024818512320057853,0.0002611606306352177,1.0000332124635187,-0.0001671863310649906,0.0001677065372901929,-0.15198347186283065
9.96,-0.00021072639467487216,0.00029202881791152996,0.9999931751691279,0.0020665492947739227,-3.874702838783225e-05,-0.15014929348128644
9.98,-0.00017255039805118868,0.00032341925521762554,0.9999441447779482,0.0018293566584180515,0.00012063044144800168,-0.14902837883557188
10.0,-0.00013574993745056022,0.00034689756299544544,0.9998460301117874,-5.322672128029154e-05,0.0013950595790086008,-0.15043136910165664
