0.02,-0.8,0.8,1.400007782950578,0.007782525748578279,4.016892215589584e-05,1.9306385922798585e-05
0.04,-0.8,0.8,1.3998293598584237,0.019471405455387645,0.00399329745335727,0.0019375799253613238
0.06,-0.79999984946039,0.7999709418198273,1.3994647782080052,0.03506274557252081,0.011834562405809336,0.005859671576271752
0.08,-0.7999846508091759,0.7998692381255138,1.3989135799738943,0.05456324919117552,0.023524287609413316,0.011936118780401602
0.1,-0.7999245398039257,0.7996369917010661,1.3981739909917248,0.07799055620893737,0.03900173448313242,0.020362095464027914
0.12,-0.7997746188969206,0.7992029579499201,1.397231453311911,0.10514800756503416,0.05797881487284215,0.03125013842835806
0.14,-0.799480407231771,0.7984940196678967,1.3959262685185214,0.13293577628746794,0.0774434086285811,0.04302425106756369
0.16,-0.7989708973911794,0.7974206319296193,1.39421747602696,0.1607770183454831,0.09681045253851363,0.055371726987317085
0.18,-0.7981705766389032,0.795891295576907,1.3920869030872651,0.18867301488815444,0.11601636899036089,0.06828739446563777
0.2,-0.7970025697204641,0.7938164955270717,1.3895144366237833,0.21664681405516006,0.13503606335245277,0.08178001716253311
0.22,-0.7953890063535899,0.7911090191697383,1.386476519178081,0.24471496098456164,0.15385282620502344,0.09585688176693073
0.24,-0.7932508432828705,0.787683621411407,1.3829482004957956,0.2728446955501793,0.17240202542340585,0.11053462051491322
0.26,-0.790475621422347,0.7834142935715352,1.3790835101322634,0.2972160091379171,0.18657236878925046,0.12649610436032016
0.28,-0.7869787314136684,0.7782168098080197,1.3748479055488743,0.3177203792574929,0.19640100299535046,0.1434678189633451
0.3,-0.7826893495841495,0.7720220174739428,1.370211563905754,0.3342123838806544,0.20199418084447296,0.1612068294967816
0.32,-0.7775492377614949,0.7647740802084787,1.3651550994693153,0.3464313774827563,0.2035913320897801,0.1794996649980413
0.34,-0.7714996798994208,0.756414370566195,1.3597197940685348,0.3529457867090209,0.2027336084645922,0.19805089139725823
0.36,-0.764499166227192,0.7469039002282448,1.3539357499719349,0.3527383859052613,0.200540042383861,0.21668881593545486
0.38,-0.7565232707841361,0.7362328989829282,1.347813022878447,0.34543277754706847,0.19744389232558499,0.23534561891528621
0.4,-0.7475571639314169,0.7244180714786356,1.3413638995715425,0.3308270063609101,0.1936965805347811,0.25398829318011973
0.42,-0.7376032690955779,0.7115119776638384,1.3345768466697305,0.30946729150131475,0.1887287752223764,0.27268443888289823
0.44,-0.7266756744408346,0.6975950841553307,1.3274389662421582,0.2821432455343125,0.18170801275416837,0.29158854332750006
0.46,-0.714782227974947,0.6827516096394917,1.3200111192682595,0.24822096424656803,0.17338137191685538,0.31070925307721275
0.48,-0.7019624276037264,0.6670998482326224,1.312302294286524,0.20833619258222674,0.16311955140521314,0.3302868833529567
0.5,-0.6882603832438619,0.6507693143846732,1.3043681622893206,0.1622135277994304,0.15130271746713872,0.35044687774391575
0.52,-0.6737481105297283,0.6339139752383132,1.296229944204779,0.11035620218247251,0.13749546146337838,0.37153817645092957
0.54,-0.6585233179364706,0.6167076454080295,1.287874699646033,0.05398218753401906,0.12055063693401438,0.3942425342143901
0.56,-0.6426970813817404,0.5993317365653069,1.2793214901173082,-0.00537319341373902,0.099064293875516,0.4190677768630799
0.58,-0.6263827558568984,0.5819726203297755,1.2707550145030653,-0.06465221188220241,0.07004266963444288,0.44507810862525704
0.6,-0.6097526955837892,0.5648218283714548,1.2621817777982534,-0.12354102052892092,0.033819881110367746,0.47306236040682803
0.62,-0.5930203082383094,0.5480347004313092,1.2534495207454557,-0.17806476644394592,-0.005318145277934465,0.5018150202337806
0.64,-0.5764214621899652,0.5317691190113906,1.2447106908916943,-0.22488331929824537,-0.04392089632052079,0.5324531987385978
0.66,-0.5602052334195975,0.5161330595996821,1.2359351391329074,-0.26413968017457257,-0.08196699198849682,0.5647118565369538
0.68,-0.5446074350428325,0.5011942458069474,1.227082247404069,-0.2959406883390171,-0.1194740871097912,0.5983228114090392
0.7,-0.5298481304331818,0.4869818052673849,1.2181054712423656,-0.3203590945888612,-0.15649245054872382,0.6330159857398578
0.72,-0.5161295798202632,0.47348808368029704,1.208956072543665,-0.33743601997090755,-0.19309791412052346,0.6685195945373977
0.74,-0.5036344515100226,0.4606705010493167,1.1995860081350918,-0.34718435821622123,-0.22938334559534412,0.7045596838722543
0.76,-0.492524252022087,0.4484534363531668,1.189950276335789,-0.34958703288410886,-0.26545546523095337,0.7408583516916116
0.78,-0.48293765804561306,0.43673001885702484,1.1800081548224304,-0.34460236496621643,-0.3014230362581926,0.7771327646959661
0.8,-0.47498852780711986,0.42536386094067624,1.169723253516026,-0.33217904841411655,-0.3373730057222783,0.8130955990762221
0.82,-0.46876452786153155,0.41419103574603733,1.1590646160812246,-0.3122327420339993,-0.3733895965166818,0.8484509564758975
0.84,-0.46432087986322323,0.40302208363298503,1.1479976764668973,-0.28486837629847145,-0.40929635702734507,0.8829154458788879
0.86,-0.46169144745252927,0.39164398112383336,1.136509212520345,-0.25647813751208115,-0.4377937521655032,0.9139633045240929
0.88,-0.4608720081222514,0.37982404163948286,1.1245773758315496,-0.22695467637849467,-0.45876800360589814,0.941901126862215
0.9,-0.4618272541201057,0.367354018622535,1.1121858642326161,-0.19629339187059608,-0.47212339823377486,0.9670844403525186
0.92,-0.4644936110796716,0.35405167196126,1.0993260910189357,-0.16459003326174437,-0.47777625911743216,0.9899277840555075
0.94,-0.4687819157233873,0.33976200822863784,1.0859989091706994,-0.1320240964912428,-0.4756577731643147,1.010903318911675
0.96,-0.4745798238646995,0.32435836276504,1.0722156814934014,-0.09883316004605329,-0.4657190380417451,1.030529524059631
0.98,-0.4817540368676299,0.30774335125301827,1.0579989087949202,-0.06527465755621056,-0.4479421627017984,1.0493508355404113
1.0,-0.490151729167973,0.2898503755743571,1.043380733429438,-0.03162307632506259,-0.4223155596047721,1.0679275025116604
1.02,-0.4996027522043928,0.2706443006411034,1.0284031708201942,0.001896158980452447,-0.3888670214677779,1.0868058500971851
1.04,-0.5099210926519264,0.25012292880578973,1.0131159861605366,0.03512393007711018,-0.34765437573447017,1.1065092282304847
1.06,-0.520906487465193,0.22831833995751766,0.9975742942264256,0.06799056042301892,-0.2987659410705356,1.1275341309802787
1.08,-0.5323461342377818,0.20529825417296524,0.9818354464886054,0.10053360418301799,-0.2423208914495818,1.1503567104616468
1.1,-0.5440170125987116,0.18116547572709762,0.9659612113598022,0.13277033301646257,-0.17859574454109328,1.1754908846344052
1.12,-0.5556880345457617,0.15601383637073615,0.9501844929390787,0.16079342636617963,-0.11157609237167772,1.2044742603319254
1.14,-0.5671105360537917,0.1300336255449392,0.93454496940004,0.18506685008778692,-0.041396761286067736,1.237268612488768
1.16,-0.5780547962985128,0.10344790297408626,0.9190654840973455,0.20606745513550595,0.03181234018091541,1.2738885189519733
1.18,-0.5883135900377057,0.07651104608673423,0.903750473047485,0.22429296560936962,0.10791870279162251,1.3144192030418247
1.2,-0.5977059501623583,0.04950676034218557,0.8885841765821311,0.24027670053183733,0.18677855166226284,1.359037517300523
1.22,-0.6060811181292961,0.022745437097621495,0.8735287011109976,0.25461083927501643,0.2682267026861575,1.4080389892066152
1.24,-0.6133226318035827,-0.0034392597902094917,0.8585220149076629,0.26798149879882033,0.35206424774381145,1.461875040571854
1.26,-0.6194066294505772,-0.028734325714209526,0.8433017631580159,0.2849048868286978,0.4338360092982682,1.522258050246209
1.28,-0.6243019833741985,-0.05279274822617347,0.8277491334965515,0.30649170473297715,0.5128636575977877,1.5902960153351007
1.3,-0.6280075788203934,-0.07527409592135836,0.8117290280634318,0.3338472906668398,0.5885260914234309,1.6672558033642353
1.32,-0.6305564703077037,-0.09585125036040809,0.7950842152695338,0.36825090271575384,0.6600196185268333,1.7545903410581825
1.34,-0.6320173867326528,-0.11421449499511852,0.7776386037665369,0.41108947665683854,0.7263228235299674,1.8538696548443683
1.36,-0.6324956507870731,-0.13007577752116262,0.7592009890233543,0.4636880710188699,0.7861704769626073,1.9666082366227677
1.38,-0.632133412342114,-0.14317309413871077,0.7395692910244928,0.526978532210788,0.8380568547718293,2.093930085873059
1.4,-0.6311090886579873,-0.15327492715410698,0.7185352855782614,0.6009731591022938,0.8803015660133398,2.236038065736143
1.42,-0.6296358998590149,-0.16018464547015895,0.6958898039579894,0.6841205502231467,0.911215481359655,2.3915646665556065
1.44,-0.6279593882555671,-0.16374474303850897,0.671428334553098,0.7728291729123391,0.9293786280943374,2.5570897010957334
1.46,-0.6263538207103289,-0.1638407384367314,0.6449569135141563,0.8616027971194933,0.9339702464519899,2.7272691660407467
1.48,-0.6251174019062476,-0.16040450147419777,0.6162981542045168,0.9440337661920545,0.9250092333556246,2.895821481757883
1.5,-0.6245662747548599,-0.153416737156168,0.5852972434688481,1.0142961338300323,0.9033647336136484,3.057013571913048
1.52,-0.6250273454227518,-0.14290835806979768,0.5518277148810088,1.0683429144693382,0.8705222791388941,-3.0763336097793244
1.54,-0.6268300371196251,-0.1289605029899667,0.5157967841587011,1.102868003522811,0.8352612866534663,-2.943275391634137
1.56,-0.6302971468471861,-0.11170299708775465,0.4771500026833306,1.1205426229485265,0.7996099390585634,-2.8247239463837737
1.58,-0.6357351052922919,-0.09130892742592439,0.4358690989848922,1.124006113326938,0.7650592754236861,-2.71845554316899
1.6,-0.6434264091809667,-0.06798912540889959,0.391969781328946,1.1156132586984204,0.7326724785462065,-2.6225424670222623
1.62,-0.6536236095075519,-0.04198630157364451,0.3454987181157811,1.0973647566724343,0.7031867537998484,-2.5354160421129044
1.64,-0.6665448030877049,-0.013569111702135532,0.2965299293991783,1.0709205597499631,0.6770958616525445,-2.4558465540232683
1.66,-0.6823705204059662,0.016973623178837,0.24516079772047727,1.037642265567992,0.6547130560667139,-2.382894173695997
1.68,-0.7012418670624228,0.0493383746984012,0.191507876692682,0.9986399000651516,0.6362178699144698,-2.3158558444292896
1.7,-0.723259756467189,0.08321192443813882,0.13570264418354813,0.9548135439183641,0.6216905818311874,-2.254217973249477
1.72,-0.7484850647691758,0.1182758656624606,0.07788731577124759,0.9068871755077441,0.6111375432267016,-2.1976177991513515
1.74,-0.7769395423739496,0.154210551192806,0.01821080501425934,0.8554349062442966,0.6045097257072461,-2.1458134395899644
1.76,-0.7814425278258594,0.1766492924578445,0.023067055216422886,1.0924981767579574,0.33901754508276133,-1.8878642053983552
1.78,-0.7882534074986843,0.19896554975776354,0.027855273578544486,1.2522499320143596,0.04974592650777492,-1.6712241882185066
1.8,-0.7975527393338767,0.22118507959440553,0.0323206848209342,1.3449658956210349,-0.25537360270349646,-1.4621338789872087
1.82,-0.8103694407449701,0.24366272096293978,0.03402607680661008,1.3162684445385595,-0.5512729955046998,-1.2101232982504346
1.84,-0.8250559176287297,0.2653089816219545,0.03671511254582251,1.195672544251669,-0.8516730735656787,-0.9004431672251675
1.86,-0.841375787930328,0.2859073456459201,0.04049453944151855,0.857560553541457,-1.1172049942514255,-0.40823680292030184
1.88,-0.8612035528497121,0.3050445692255766,0.041295381590310876,0.05068047265477091,-1.1613767064736416,0.5179212830077814
1.9,-0.8830845525839813,0.3227210155346972,0.04184167460353958,-0.5266146678866169,-0.9527676907274681,1.172323256202253
1.92,-0.9067672370884193,0.33888172366691394,0.042583153778340044,-0.7930635798837016,-0.6493516005397335,1.4763843199056992
1.94,-0.9319644380736939,0.3537993811159233,0.04427653146973957,-0.9598160287695723,-0.3250011550332759,1.6463762170031677
1.96,-0.9586353673339826,0.3679182421872429,0.047349286255624574,-1.105390299928389,-0.003362728085505825,1.7645080550135102
1.98,-0.9872827868972404,0.38150213607154554,0.05105899261868392,-1.2580535825401882,0.3100569036115936,1.859474098395555
2.0,-1.018574947424497,0.3945677635630368,0.05413500099424453,-1.4215545375409089,0.6191276400502361,1.9402508143038983
2.02,-1.0534889317359861,0.4068942964405829,0.05443578504772249,-1.544521989826652,0.9271584730710959,2.0449833100919954
2.04,-1.0904371718688246,0.4181970979085866,0.05456176189178032,-1.8119734518671051,1.2462106446418248,2.0023426181706396
2.06,-1.1293772193835356,0.42820781993625934,0.053876752103746255,2.696272134950084,1.482888557990169,0.4585493419747279
2.08,-1.1693546599206945,0.4365468385709148,0.05318145008603532,1.5079626613195984,1.16972587256384,-0.500834821509683
2.1,-1.2088094943013297,0.4424845804633735,0.05441134089308458,1.4049276491533838,0.7710667173393156,-0.4406226931029772
2.12,-1.2483353269644022,0.4453732467305969,0.05530989911629999,1.342245473326778,0.3518069301069627,-0.37953285785474616
2.14,-1.2880368390782655,0.4450780265908745,0.055003103600718785,1.301647876895905,-0.07950743251086191,-0.33119175690811303
2.16,-1.3280163331977388,0.4416028673830093,0.05342002139407426,1.2927413167889523,-0.5200148356325932,-0.2913645099456575
2.18,-1.3663312707598454,0.4365631536167614,0.05595311589394054,1.4896005181246044,-0.9982726315220406,-0.38172164770898775
2.2,-1.4061551111461932,0.4280696537169138,0.055496346338061824,2.2852552014350564,-1.4171161058879758,-1.0115307403976153
2.22,-1.4466378360702457,0.4171457165020435,0.054178997226361596,-1.8836469911821692,-1.1849410183926055,-2.914964226718602
2.24,-1.4863307017950935,0.4051308362954512,0.055314715875117146,-1.601389396026612,-0.7035740243509939,-2.97681295301962
2.26,-1.5261902659142756,0.3890560110015192,0.052049747491093236,-1.3477669017428147,-0.23343105302408315,-2.9868640854492194
2.28,-1.5634862114907249,0.3732389935547521,0.05415000162568554,-1.293536490702239,0.2950175191546223,-3.001602514855573
2.3,-1.5987367338815186,0.35567489727554336,0.05808087768012986,-1.4412824149891612,0.8406005160406553,-3.117711979553246
2.32,-1.6336746927749102,0.33417744857583775,0.05916290970716221,-2.1391367156836902,1.3100441092676138,2.58768341582355
2.34,-1.668289012093837,0.31099663489961,0.06112322886016021,2.3180618672430384,1.1182968663662962,0.9673822971294395
2.36,-1.7025554662447846,0.28600527607301807,0.06269639374600632,1.8654493213074657,0.6108117156959282,0.782260510918435
2.38,-1.7358807803902718,0.2597042933060701,0.06398073339506177,1.5743650090533343,0.09805124137344387,0.776449587442984
2.4,-1.7668273760002287,0.23018425178076993,0.06036034795083863,1.2541696128290243,-0.3980675219051493,0.7930397820336602
2.42,-1.7956024654806326,0.20109318836238455,0.059269535434824196,1.0759181343690953,-0.9711397650976753,0.7720907233771571
2.44,-1.8220316747587002,0.17096286504013383,0.05908713695022339,-3.077820333592718,-1.4956589531688629,-1.417343615931148
2.46,-1.8479962709935374,0.13894843739905915,0.06246144668444945,-2.2734026455722876,-0.8633251034453657,-2.1029692593788676
2.48,-1.8730518801719025,0.10318607206590473,0.06161307740406499,-1.9729453210458834,-0.2729091614722633,-2.065023249195428
2.5,-1.8973404323221095,0.0664995777151462,0.06016815483322748,-1.6290829710920038,0.2811775380839635,-1.9331366102355494
2.52,-1.918524212012363,0.027885882962751123,0.05362742721041259,-1.0626401040053357,0.7428072305892562,-1.7009634084433096
2.54,-1.9383375303568093,-0.008359038981671063,0.05189568233180041,-0.1322077190902548,1.2193054494711013,-1.1091857730445442
2.56,-1.9551826210008896,-0.045563321080397984,0.057298650634883326,1.69454764765452,1.0680792724649404,0.4958347760979933
2.58,-1.9709312400614507,-0.08502285965928766,0.06464630281186183,2.1527662931410845,0.45234127885706027,0.901837683985326
2.6,-1.9850847145937038,-0.12819627733348354,0.06781003364174266,2.1218532984764886,-0.22375104239451338,1.115358893096418
2.62,-1.9971120381391672,-0.1741715601647714,0.06500572314368279,1.627469518301846,-0.8026130002629465,1.5166077758511944
2.64,-2.005899214544878,-0.22108516589627678,0.05628269181313198,0.42996297123709265,-0.979090779132331,2.412731605394343
2.66,-2.014055064028462,-0.26446902974529307,0.05308922789328761,-0.6987773465004316,-0.7387057929977096,3.0664031828615146
2.68,-2.0244386440570676,-0.30390117997615823,0.06356766463669647,-1.546203232800244,-0.423077345728655,-2.8983124009986927
2.7,-2.032874867039695,-0.34604170595677863,0.07243552585874224,-2.19571124046217,0.04443933095548016,-2.695438799842055
2.72,-2.0402555517884715,-0.39206761328562434,0.07745323775760023,-2.6463178319184895,0.6831983159282581,-2.629991875442332
2.74,-2.0461491154887947,-0.44080145723554076,0.0762407515503404,2.768402958953637,1.3920492515268028,3.0163292901132666
2.76,-2.049208770733506,-0.48996059244085316,0.06843005835079323,0.6478415884145309,0.8713757498928055,0.882653700994284
2.78,-2.0483209595984673,-0.5379622434396865,0.056038131758514395,0.7375424428230031,0.0997016612590438,0.673242871743856
2.8,-2.04408091681915,-0.5854842681945202,0.04177801191021117,1.224713919396894,-0.5336413345126781,0.3342632735780462
2.82,-2.0457491566022608,-0.633594233368722,0.04788013278113599,2.156623326081236,-0.6203684529343596,-0.1976937696821813
2.84,-2.0468405564769117,-0.6852869798208289,0.05119322914965472,2.9890795252292093,-0.4056568133023927,-0.5305829031940065
2.86,-2.047333477745375,-0.7402900701592359,0.04880892657162031,-2.5898115936052437,-0.14281660894899556,-0.6061744222172449
2.88,-2.0468049889399023,-0.7964186126170739,0.0389428254660448,-1.9034127227214097,0.046073602407877265,-0.5583118800444882
2.9,-2.0501811974929987,-0.8440774570633299,0.045066863697481974,-1.1764539098267583,0.36398480848755776,-0.3828722880808361
2.92,-2.0516305950317104,-0.8884246582992839,0.04597241787461384,-0.3493031058763796,0.6066699293483322,-0.1589617422232048
2.94,-2.0510271671440776,-0.9291239661555972,0.04490658083677686,0.6238067149431231,0.777854680328352,0.2708919931905174
2.96,-2.0456053587971654,-0.9648528028801105,0.05716744127964372,1.3946985185044454,0.5332467532632628,0.704174383232422
2.98,-2.037425129864995,-1.002111381729826,0.06775219936052611,1.9241945781827827,0.12573129586038237,1.012766515654999
3.0,-2.0264928487058422,-1.0420033486522986,0.0749846020123139,2.1857921111346936,-0.41597207068384773,1.249459872203496
3.02,-2.012398861270455,-1.0839979615498079,0.07686245263611502,2.0641399606621285,-1.0171128028052123,1.6133093929496984
3.04,-1.9950063126911468,-1.1260289781807171,0.07274150075926869,0.42056687618090677,-1.2268930847697612,-2.9820956303766573
3.06,-1.9742686705359995,-1.1662209145876745,0.06373279037439555,-0.33873010284480226,-0.664338197995666,-2.3695377169292713
3.08,-1.950506266338524,-1.20418608619504,0.05203743013144451,-0.7520317715610628,-0.09030836778988392,-2.333971598431084
3.1,-1.9337237535197358,-1.2378525978788597,0.059943003888485495,-1.1323946450567763,0.347964538840314,-2.4670469622684092
3.12,-1.9148615951329766,-1.2731089777845574,0.06676834483718039,-1.6929959566849242,0.6587922791698813,-2.720242133141777
3.14,-1.8941784737561036,-1.3115704101601569,0.07130356129526211,-2.424100195059476,0.8166744305791511,-3.082128313574098
3.16,-1.8716853527179342,-1.3533729411349016,0.07152840377556235,3.0570485470406004,0.8462798119608177,2.8106892176256233
3.18,-1.846945050551482,-1.397513663841119,0.06580543908123947,2.2673266489606805,0.7871676879162083,2.433596785409111
3.2,-1.8193939921115798,-1.4421679837791868,0.053583446042720376,1.5613769635900692,0.6093696775478032,2.095558634560945
3.22,-1.7973872145483325,-1.479866781848869,0.05651632279021216,1.4381138979649026,0.1437991367958264,1.968428181378612
3.24,-1.7721144688447668,-1.515441589623888,0.05571091203284416,1.4325925074287522,-0.3251389926433986,1.8523608615101521
3.26,-1.745528302390592,-1.5474710415556852,0.05726363986147891,1.7188467771336193,-0.8124380942449085,1.5745665431634468
3.28,-1.7165306077126103,-1.5777920313840181,0.05871351851561484,2.6696306912199512,-1.1228891068680076,0.7699741192395954
3.3,-1.684493964849234,-1.6076126470058623,0.057390224486519766,-2.434091036302775,-0.9348458231533477,-0.16360108357394235
3.32,-1.6520018828608698,-1.636755522928478,0.05632839449905622,-1.9102621948459577,-0.4448763275827477,-0.4172136477822186
3.34,-1.6221904943063314,-1.6646038994900167,0.06049679156837613,-1.6732437690931035,0.1314708474280598,-0.48661235232055106
3.36,-1.5913002759715593,-1.6894696894716088,0.06135139933951976,-1.4576816134477222,0.7064128823486086,-0.5415911148894079
3.38,-1.5595833917340833,-1.7105625595834315,0.06405300104821215,-1.5443160829665248,1.2949497456367853,-0.8457269808791541
3.4,-1.5256807402550479,-1.7284088788890417,0.06316573714229823,2.3847919589185054,1.1822978587984239,2.9714789560903583
3.42,-1.4888505445436697,-1.743683216717556,0.058388882354962285,2.1735283790598214,0.5584545695518576,2.801313171518332
3.44,-1.4516289375277285,-1.758209314535384,0.05702973498401263,2.1374797131219196,-0.12503844757096366,2.838099867303563
3.46,-1.4144138184426185,-1.7709378084689105,0.06059131714516187,2.1191859704724116,-0.7937265483750713,2.832305349992169
3.48,-1.376724453162374,-1.7816264319756294,0.06084897630485024,2.0434260617802678,-1.4256028545573243,2.7585177525170357
3.5,-1.339909319446606,-1.7888128633857845,0.05672642139801638,-1.3726516953449077,-1.1189357534852475,-0.3931100517614281
3.52,-1.3024309891679613,-1.7916324998419149,0.054648337165163596,-1.69381820715991,-0.5810457608753768,-0.4527679592297799
3.54,-1.2647832101815335,-1.790041949267633,0.05713483260461676,-2.010621923370944,-0.034989678407342566,-0.5163192212997134
3.56,-1.225375233783101,-1.7852328863743896,0.055312594171466854,-2.314194642270912,0.5425376880355295,-0.6099950179698027
3.58,-1.1848928952567985,-1.7789447290970202,0.05129685311886588,-2.9160929292135576,1.0731959635373811,-1.0572015840572797
3.6,-1.1456185273126032,-1.774073055973315,0.05078370855443134,2.1478340980479134,0.9441960132698328,-2.2196990660222764
3.62,-1.1083339531143888,-1.7672618486436373,0.05435310769261239,1.7588542211127531,0.42701175054168705,-2.672298217764522
3.64,-1.0739167651080066,-1.7577931498279749,0.056238568283242404,1.7109920439391932,-0.1532481404185679,-2.939070886339036
3.66,-1.0414029236318734,-1.7446904662210412,0.05846137579998413,1.9110562612493747,-0.7022976428642435,3.0143791547453875
3.68,-1.0089434866973892,-1.7280077349585108,0.05983013592013066,2.661891435302401,-1.04694619878784,2.2524151317198977
3.7,-0.9764738876873852,-1.708596856764808,0.05881293414268909,-2.601718843330719,-0.8556264182594009,1.3101401560985273
3.72,-0.9443524078049459,-1.6874739617900094,0.05562218410735739,-2.14627129532777,-0.3643744981504955,0.9745404302059788
3.74,-0.9147010233515193,-1.6655128610054697,0.05851595641751699,-1.991731516173404,0.19280088825820324,0.8117198245118294
3.76,-0.8871612686590207,-1.6424960078133943,0.05969356974623882,-1.9823045586078953,0.7350673948625777,0.5898685360361849
3.78,-0.8631059855632235,-1.6180316180555967,0.06036425001401982,-2.454572880438463,1.1998334684223093,-0.08694222492001713
3.8,-0.8425882555063208,-1.5911103777338798,0.06155925554587429,2.5025660995450525,1.0884342114445789,-1.587466760536391
3.82,-0.8244745713452243,-1.5613572728479357,0.06195225432188657,2.2420515742615694,0.5838586298875577,-1.989456550042646
3.84,-0.8088120563441393,-1.5286949920887312,0.05688819043493581,2.150669546062878,0.05012884803131286,-2.155577001402402
3.86,-0.7950398696551794,-1.4958570878266226,0.05612941228780816,2.3124764925770407,-0.4790202376705437,-2.354900025393716
3.88,-0.7831403628585804,-1.4623126639739306,0.054511370006791744,2.774497004275466,-0.9184040314586827,-2.823679005295714
3.9,-0.7758051600871448,-1.4288132873241597,0.058453017735293926,-2.614726434276724,-0.9746827993950773,2.5054617378442408
3.92,-0.7715386378872249,-1.3959783418051999,0.06171595077824263,-2.119139090677068,-0.6321006381320993,1.873889051344166
3.94,-0.7707047034580432,-1.363139210235657,0.059171221114891155,-1.9817715275924854,-0.19885169960882973,1.5228766877811837
3.96,-0.7732857437524472,-1.3311422309741638,0.058602531559350454,-2.116167752323311,0.24751295008795263,1.2179371261511618
3.98,-0.7792687111573551,-1.2986968523848916,0.05293457254288556,-2.4576085118570066,0.6335613012624157,0.8252284928357725
4.0,-0.7867865303396305,-1.2652179018179361,0.045031262627275935,3.136497679919426,0.7550765337352072,0.18706723729506086
4.02,-0.7993437073121177,-1.2325659958037598,0.041185149477476604,2.5157145165150236,0.47782572429576337,-0.3527730247254305
4.04,-0.8165550697618376,-1.20259026410893,0.04255852724602217,2.2263975479707407,0.02434895657399668,-0.6374678954567695
4.06,-0.8367710704334365,-1.17694398229921,0.048472780312783806,2.123992336446857,-0.41974916511303423,-0.9021325469652816
4.08,-0.8583060836567109,-1.153563690134558,0.049106638662153895,2.2107569006169396,-0.8232230770208288,-1.2889870213550965
4.1,-0.881324356519902,-1.1344693808960975,0.050912163054754794,2.804807460973242,-1.058941134648103,-2.1300232316349095
4.12,-0.9066853289723806,-1.1172206963728184,0.04847214234862187,-2.791670948043956,-0.8544519543215484,-3.0090773609187544
4.14,-0.9346164134966564,-1.101725252496691,0.041073495081433486,-2.5176842915214,-0.42545462991777433,2.8724085018535757
4.16,-0.9652364340302798,-1.0883225339653717,0.03571241329021531,-2.53277447052566,0.09714617038805208,2.6688513039812176
4.18,-0.9976688679309221,-1.080824164066999,0.03446399546265219,-2.75912218392129,0.5789321578344188,2.366564849350311
4.2,-1.0300656689573267,-1.0797449012390483,0.03782618822692796,3.020983011776543,0.829131815629634,1.7608029555807927
4.22,-1.059382276890161,-1.0846238786365685,0.0450981896949185,2.48750672152286,0.7687830283648412,1.0339515328157178
4.24,-1.0869859604754042,-1.0916973305370958,0.0474581714651179,2.260789416069149,0.4857183707755145,0.5148852902048087
4.26,-1.1135718193011108,-1.1019152052956993,0.046070814413816566,2.3027212457645363,0.14327797318337232,0.1519663754541608
4.28,-1.140216638099452,-1.1149983032915398,0.04000691408190312,2.5306317607702833,-0.18163537786865477,-0.17185599993076664
4.3,-1.1671084898717525,-1.1310864344910896,0.03135891546894298,2.955530618954186,-0.4098244002227353,-0.5596429346224959
4.32,-1.1903270958027095,-1.1526854101835966,0.02505702948324938,-2.7793970764724203,-0.3641782570424506,-1.0333681907939625
4.34,-1.2041786217190558,-1.1774476985563487,0.028478094984155773,-2.567466157061109,-0.10352179311656029,-1.3813481780505898
4.36,-1.2126567334533538,-1.2026584633049406,0.031501332130970894,-2.5243588041983203,0.16017782166511674,-1.696120749386202
4.38,-1.2166549067919101,-1.2276085011051228,0.0319337065345103,-2.613352900005839,0.38612402732676354,-2.0486894435383776
4.4,-1.2160967945821377,-1.2521449238828957,0.029748141246689383,-2.84354425488294,0.5202719177135807,-2.479612129792726
4.42,-1.210270804578203,-1.275938096944379,0.026423493644703994,3.1361259737883564,0.4691490114555312,-2.9408251616900407
4.44,-1.2001617622847867,-1.2991028842621415,0.019823431952049084,2.875978373456874,0.2593465508934066,2.959248669959431
4.46,-1.1851630940430673,-1.3196701554939065,0.013506701094703675,2.812105537731812,-0.08746303845453271,2.6713797649860713
4.48,-1.167093126378904,-1.3347852685809125,0.009569205929200911,3.014025563264257,-0.34158663140381895,2.3492038327228024
4.5,-1.1486593405608576,-1.343877987651231,0.007447298143480984,-3.005542218537921,-0.32407206576764075,2.005942847154475
4.52,-1.131969270471708,-1.348414481752482,0.004653182407473007,-2.879862399582225,-0.14078417664262152,1.7503465043224984
4.54,-1.117933548444855,-1.350025816750727,-0.0005665621432063154,-2.909685579984718,0.09410312924483591,1.5513181738197177
4.56,-1.108212450866844,-1.3499427436722409,-0.006512695633198736,-3.1270327830925644,0.18694567493882172,1.3669710904602437
4.58,-1.102855442356061,-1.350709786206177,-0.013220674977720899,3.0007097528810798,0.015664119142751145,1.2623795890038643
4.6,-1.100229861528086,-1.3546229188145271,-0.020679746518221208,-3.1341068394210527,-0.16242748063139517,1.2312314145677727
4.62,-1.0954231477890057,-1.3538958764141793,-0.025655947412831632,-2.992467596382194,-0.011931528638766118,1.1985180697682656
4.64,-1.0943498162533492,-1.3507979126337457,-0.029842935482156233,-3.1344256550221083,0.12050900126256402,1.1727012161047627
4.66,-1.0959042991079546,-1.35020847840169,-0.026357717592239486,3.0230633055002287,0.11080149295113745,1.172741097414029
4.68,-1.0961653421052688,-1.3504682959519025,-0.022761387419797566,3.0160410773926176,0.09503692791915383,1.1725630138138148
4.7,-1.0960968574621057,-1.3506502606360178,-0.019848635847935885,3.026222103906543,0.08740959660071003,1.1724165315297088
4.72,-1.0960342667969218,-1.3508149548816943,-0.017171727014152618,3.035582542201511,0.0804077534942873,1.172297895392183
4.74,-1.095975984562533,-1.350964032873535,-0.014710670339556104,3.044170526871503,0.07396929466793449,1.1721873642675626
4.76,-1.0959211827765525,-1.351098877618255,-0.012447935831517942,3.0520552147723605,0.068049551609609,1.1720823550234107
4.78,-1.095864694545199,-1.3512138520981016,-0.010368094885756587,3.0592847565804457,0.06271194189848393,1.1719131960178546
4.8,-1.0958126342258792,-1.351319262163889,-0.008455433014436643,3.0659236926969324,0.057777647453593615,1.1717703027019093
4.82,-1.0957646384183906,-1.3514158860230319,-0.006696468171166232,3.0720220459927052,0.053219409691459774,1.171649599736614
4.84,-1.09572037929606,-1.3515044473920002,-0.005078810999254174,3.077625220497199,0.04901112062976202,1.1715476401907448
4.86,-1.0956795596694642,-1.3515856165019895,-0.0035910755761317612,3.082774505475253,0.0451279334760937,1.1714615102906516
4.88,-1.0956419089882476,-1.3516600119977085,-0.0022227975716665,3.0875075106027037,0.04154632763021054,1.171388748054801
4.9,-1.0956071800694165,-1.3517282034239573,-0.0009643591674274815,3.0918585445851883,0.03824413733841371,1.1713272739527432
4.92,-1.0955751464455108,-1.3517907140437668,0.0001930798415025587,3.0958589423658487,0.035200552033527406,1.1712753319403284
4.94,-1.0955456001234427,-1.3518480238498838,0.001257645290800104,3.0995373553595917,0.03239609516469841,1.1712314393959216
4.96,-1.0955183497354115,-1.3519005726109852,0.0022368067056457524,3.1029200046245577,0.02981258715585185,1.1711943446861912
4.98,-1.0954932189368893,-1.35194876289327,0.0031374306085363715,3.10603090768749,0.027433097080286687,1.171162991235051
5.0,-1.0954700450625956,-1.351992962968178,0.0039658294654883975,3.1088920776595494,0.025241886720958062,1.1711364871362768
5.02,-1.095448677933686,-1.3520335095933567,0.004727806633151515,3.111523703094771,0.023224349905826645,1.171114079469043
5.04,-1.0954286747754562,-1.3520705352533908,0.0054277900470392606,3.113965221013226,0.021369492212976175,1.1710945661285892
5.06,-1.0954097024964247,-1.352104194286904,0.00607015802077778,3.1162456930889655,0.01966634872647663,1.171076772650533
5.08,-1.0953922294534548,-1.3521350406534445,0.006661047365380736,3.11834312408794,0.01809866958018546,1.171061569345824
5.1,-1.0953761484610263,-1.3521633130849438,0.007204592308242183,3.120272189284182,0.016655766702985294,1.1710486440201593
5.12,-1.0953613482503077,-1.3521892256448427,0.007704588814549757,3.1220465215220212,0.015327804079077892,1.1710376427430584
5.14,-1.0953477321850975,-1.3522129765600144,0.008164531304237069,3.1236785394823436,0.01410567687846165,1.1710283050079568
5.16,-1.0953352112218488,-1.3522347474194978,0.008587633394696318,3.125179649893928,0.012980983946909231,1.1710204128319257
5.18,-1.0953237034114658,-1.3522547046948459,0.00897685056426095,3.1265603311979078,0.011945976156539547,1.171013784782942
5.2,-1.0953131322449734,-1.3522730005853127,0.00933490001690839,3.1278302345317552,0.010993513434883119,1.1710082629503347
5.22,-1.0953034250096247,-1.3522897736141632,0.009664278779231749,3.128998279266189,0.010117025448726542,1.1710037002917053
5.24,-1.0952945177830964,-1.3523051522336778,0.009967285733732314,3.1300726035718465,0.009310443121359821,1.1709999935324855
5.26,-1.0952863521769756,-1.3523192546638447,0.010246035354827918,3.131060685292612,0.008568172929371846,1.1709970613760254
5.28,-1.0952788749851472,-1.3523321898951512,0.010502472555949787,3.131969395625264,0.007885059740127839,1.17099484203187
5.3,-1.0952720360932637,-1.352344057586522,0.010738382145351938,3.1328051432141755,0.0072563676539466335,1.1709932841836237
5.32,-1.0952657864388482,-1.352354947627474,0.010955390946423497,3.133574126381075,0.006677767861855865,1.1709923472032153
5.34,-1.0952600899340161,-1.3523649480023445,0.011155029875313876,3.1342813060119967,0.00614518441047543,1.1709920096738995
5.36,-1.0952549099499613,-1.3523741385490682,0.011338691020778195,3.1349316000877754,0.005654900420077916,1.1709922607532766
5.38,-1.0952502129333848,-1.3523825934459681,0.011507654894776736,3.13552953274255,0.00520348974041546,1.1709930951523455
5.4,-1.0952459648869197,-1.352390379334753,0.011663092333458627,3.1360794418267304,0.0047878093983720746,1.1709944917615358
5.42,-1.09524213592381,-1.3523975590005937,0.011806085265555587,3.1365851964042233,0.0044049595919071005,1.1709964447672077
5.44,-1.0952386982940259,-1.3524041906994584,0.011937630196361716,3.1370503289601555,0.004052272585547517,1.1709989495868502
5.46,-1.0952356251347892,-1.3524103275964696,0.012058643700058115,3.1374781004386283,0.0037273020990057867,1.1710019941907468
5.48,-1.095232889984202,-1.3524160175387212,0.0121699688840133,3.1378715252134817,0.0034278122050502625,1.1710055564327553
5.5,-1.095230466518853,-1.3524213028985888,0.012272381371064386,3.1382333913232325,0.0031517665141988145,1.1710096040152524
5.52,-1.0952283285600972,-1.3524262206246431,0.012366594810240645,3.1385662747187917,0.0028973151752824246,1.1710140964425855
5.54,-1.0952264503559406,-1.352430802583055,0.012453265897754742,3.138872548744562,0.002662778044214943,1.1710189877588952
5.56,-1.0952248070728836,-1.3524350761741817,0.0125329989158752,3.1391543921136265,0.002446624568761871,1.1710242291977995
5.58,-1.0952233753539837,-1.3524390651203122,0.0126063498457685,3.1394137985713537,0.0022474530192598016,1.1710297715837514
5.6,-1.0952221337760448,-1.3524427902783542,0.012673830136154599,3.1396525894553773,0.0020639720648890324,1.171035567537167
5.62,-1.095221063098099,-1.3524462703501572,0.012735910195827347,3.1398724283326334,0.0018949863939458677,1.171041573335745
5.64,-1.095220146288883,-1.3524495224232593,0.012793022646377203,3.1400748361037514,0.0017393864047391952,1.1710477501870928
5.66,-1.0952193683895204,-1.3524525623372166,0.012845565347567442,3.140261205262646,0.001596140986431375,1.171054064807785
5.68,-1.095218716287265,-1.3524554049087925,0.012893904199409978,3.1404328126565892,0.001464292209980812,1.1710604893994732
5.7,-1.0952181724763657,-1.3524580370699355,0.012938483459495815,3.1405885009815937,0.0013429569838463835,1.1710666911941576
5.72,-1.0952177303837798,-1.3524605001509649,0.012979495911871837,3.1407318653110607,0.0012313056295203979,1.1710729641611768
5.74,-1.095217381415015,-1.352462805254516,0.013017227559139808,3.14086386841597,0.0011285740430428178,1.1710792871010516
5.76,-1.0952171176900227,-1.352464964031332,0.013051940880165034,3.140985410859768,0.001034056497948629,1.171085649342569
5.78,-1.0952169321246108,-1.3524669873636297,0.013083877342680543,3.1410973213708013,0.0009471012712031612,1.1710920424105176
5.8,-1.0952168118633663,-1.3524688461744583,0.01311339941556945,3.1411972931151273,0.0008671130794575453,1.1710980382928584
5.82,-1.0952167540244815,-1.3524705918093942,0.013140559322525076,3.141289350714627,0.0007935313033286525,1.1711040584700252
5.84,-1.0952167542994078,-1.3524722310623847,0.013165546701664862,3.141374105043165,0.0007258430783287127,1.1711100912110357
5.86,-1.0952168043943311,-1.3524737464848071,0.013188622005298672,3.1414502282623356,0.0006635791568569135,1.1711158819864582
5.88,-1.095216901359206,-1.35247517325726,0.013209849777228146,3.1415203466024098,0.00060630478222994,1.1711216938100353
5.9,-1.0952170420910161,-1.352476517046425,0.013229378061364106,3.141584930025728,0.0005536195003790782,1.1711275217734458
5.92,-1.0952173725801742,-1.3524777655017546,0.013247658644156486,-3.1415503941060123,0.0005002855039712297,1.1711332565604908
5.94,-1.0952167655421605,-1.3524780433107806,0.013264346292313092,-3.1414987160699455,0.0004511961017560923,1.1711241706089772
5.96,-1.0952155666033347,-1.3524786958627586,0.013279995124570001,-3.141456112091826,0.0004072602573183801,1.1711115563516232
5.98,-1.095216041752742,-1.3524789881830184,0.013297180093534871,-3.1414820588814076,0.0003704877604198308,1.1711119413256939
6.0,-1.0952164761688088,-1.3524792541886255,0.013312993133174855,-3.1415059917666404,0.0003366730488230996,1.1711123303276458
6.02,-1.095216872558268,-1.3524794966042761,0.0133275410959972,-3.1415280103054126,0.0003055628358941336,1.1711127215892665
6.04,-1.0952172339630777,-1.3524797173175602,0.013340925190422225,-3.141548267578238,0.0002769408063220183,1.171113114711867
6.06,-1.0952175631821757,-1.352479918064573,0.013353238529738255,-3.1415669044665497,0.0002506079574029652,1.171113509362846
6.08,-1.0952178627905296,-1.3524801004424964,0.013364566777669082,-3.1415840505833534,0.00022638120226289724,1.1711139052644266
6.1,-1.09521817217328,-1.352480305361899,0.013374969161550135,3.1415848417701833,0.0002012654770929116,1.1711142086449289
6.12,-1.0952184558730478,-1.352480491330979,0.013384544369375376,3.1415696260561368,0.00017816947590467864,1.1711145146673543
6.14,-1.095218859717503,-1.3524806262626488,0.0133937701661021,3.141545008113825,0.00015539722353096147,1.171114816221545
6.16,-1.0952192290489267,-1.3524807806270853,0.013402173900249363,3.1415239777897552,0.0001338855458548981,1.1711148952841877
6.18,-1.0952195684181547,-1.3524809224480916,0.013409905264311529,3.1415046310343433,0.0001140943175851743,1.1711149748603553
6.2,-1.095219746574125,-1.3524811120012112,0.013416564720257733,3.141497943212686,9.668628767004336e-05,1.171114880141392
6.22,-1.0952199063721615,-1.3524812637363681,0.013422754688663958,3.141491292005979,8.303549435608647e-05,1.1711146639940335
6.24,-1.0952200526734757,-1.3524814053079208,0.013428450461050614,3.1414852691226236,7.046745504727013e-05,1.1711144477345905
6.26,-1.0952201876992929,-1.3524815369060326,0.013433690563836361,3.1414797281134668,5.890464749994772e-05,1.1711142315148686
6.28,-1.0952199348212825,-1.3524817477439868,0.013437469091721329,3.14150201431471,4.6102996253171126e-05,1.1711147116085818
6.3,-1.0952196980829167,-1.3524819374966868,0.013440940389943952,3.1415225983577986,3.4250579623703864e-05,1.1711151908610051
6.32,-1.095219476802774,-1.3524821068040669,0.013444133726482965,3.141541539076591,2.3344284849208957e-05,1.1711156703511179
6.34,-1.0952192697464729,-1.352482257299131,0.013447071370471419,3.141558967474612,1.3308752850331062e-05,1.1711161500826055
6.36,-1.0952190757768616,-1.3524823904866483,0.01344977379588068,3.1415750042947557,4.0744591529618785e-06,1.1711166300534976
6.38,-1.0952188873101212,-1.3524827863421465,0.01345162294120843,-3.1415847013694735,-1.9532163057364206e-05,1.1711168193375316
6.4,-1.0952185962614003,-1.3524825481701448,0.013454425578627955,-3.1415713894838504,2.2329888222544385e-06,1.1711165556179874
6.42,-1.0952184230401643,-1.3524823970595734,0.013456830728732067,-3.1415606191087164,2.1841026742119315e-05,1.1711167720054334
6.44,-1.0952183877541677,-1.3524823582373147,0.013459187660614042,-3.1415577177755396,2.619245875199742e-05,1.1711168766255817
6.46,-1.0952183571942866,-1.3524823225458211,0.0134613560413031,-3.141555048776189,3.0193994907061196e-05,1.1711169812510978
6.48,-1.0952183309726253,-1.3524822897158297,0.01346335095334355,-3.141552593264829,3.3875252021814466e-05,1.1711170858845847
6.5,-1.0952183115023442,-1.3524822345345735,0.013465193401322878,-3.141551653990012,3.882017699373177e-05,1.1711169982379912
6.52,-1.0952182950444975,-1.3524821838761438,0.013466888455699306,-3.1415507897650485,4.3369685498999034e-05,1.1711169105854493
6.54,-1.0952182813599096,-1.3524821373828249,0.013468447907679478,-3.141549994602059,4.7555072446889174e-05,1.171116822927923
6.56,-1.095218270226802,-1.3524820947212632,0.013469882605317191,-3.141549262982205,5.140548028686888e-05,1.1711167352639493
6.58,-1.0952182614411263,-1.3524820555847814,0.013471202528830033,-3.1415485898276643,5.494771911315809e-05,1.1711166475924688
6.6,-1.095218319240168,-1.3524821625958763,0.01347241293246248,-3.1415493810223682,4.6325221897671896e-05,1.1711165257878497
6.62,-1.095218308210751,-1.3524821184800258,0.013473530424431748,-3.141548698599777,5.027178188950923e-05,1.1711164381360661
6.64,-1.0952182995093476,-1.3524820779775728,0.013474558522020659,-3.1415480706067522,5.390479411602593e-05,1.1711163504643156
6.66,-1.0952183760365581,-1.3524823365923586,0.01347523600189785,-3.141545599899915,3.417333320057682e-05,1.1711163357358017
6.68,-1.0952183736984809,-1.3524823693729846,0.013476003907376943,-3.1415428817913034,3.2689731801340044e-05,1.1711164402338172
6.7,-1.0952183914562648,-1.3524824919214036,0.01347654608455427,-3.141538945432967,2.450239376761516e-05,1.17111654452704
6.72,-1.0952184554994822,-1.3524826812766428,0.013477079282407786,-3.14153651100862,1.0310219830333845e-05,1.1711167702655543
6.74,-1.0952185012346598,-1.3524828074798947,0.01347763533061935,-3.1415346489865494,9.541939291522444e-07,1.171116996050254
6.76,-1.0952184234091973,-1.3524827801532173,0.013478051535372694,-3.141526818141644,9.366289204253051e-06,1.171117212645599
6.78,-1.0952184189203036,-1.3524828989972673,0.013478314223759396,-3.1415199047198423,5.207626957121524e-06,1.1711175579229354
6.8,-1.095218420409194,-1.3524830125547946,0.013478554795089743,-3.141513557255104,1.2166355677549517e-06,1.1711179085183288
6.82,-1.0952184265610916,-1.3524831195312768,0.013478776078924932,-3.1415077179855393,-2.4605658766217278e-06,1.1711182592196114
6.84,-1.095218436974985,-1.3524832203957409,0.013478979654771453,-3.1415023458514355,-5.84374602788663e-06,1.1711186098639148
6.86,-1.095218451308802,-1.3524833156350748,0.013479166940981393,-3.141497403468142,-8.956228709488414e-06,1.1711189604549246
6.88,-1.0952184692488618,-1.3524834056992985,0.013479339241087107,-3.141492856456401,-1.1819665905320368e-05,1.1711193110010674
6.9,-1.0952185076136984,-1.3524834423627883,0.013479717042865387,-3.141493054075048,-1.4833530855902842e-05,1.1711200903044543
6.92,-1.0952185614485355,-1.3524835075427155,0.013480048484230778,-3.1414934851941223,-2.023918262100075e-05,1.1711208694172794
6.94,-1.0952186131226997,-1.35248356852728,0.013480352900109186,-3.141493889885975,-2.5296318975226274e-05,1.171121648529644
6.96,-1.095218662284119,-1.3524836246795262,0.013480632948042599,-3.1414942624722677,-2.9951317694225827e-05,1.1711224276541563
6.98,-1.095218562275615,-1.3524835423243469,0.013480746831706103,-3.1414876521701705,-1.6058287446469907e-05,1.1711229862991934
7.0,-1.0952185820529536,-1.3524836129859106,0.013480899737771598,-3.1414851426492674,-1.7580664418879413e-05,1.1711239230271897
7.02,-1.0952186105316868,-1.35248368961508,0.013481044939169372,-3.1414830858192335,-1.9903211266276628e-05,1.171124894839688
7.04,-1.0952186406901891,-1.3524837638296718,0.013481178927978347,-3.1414812160145535,-2.2122134409611824e-05,1.171125869760612
7.06,-1.0952186718309032,-1.3524838351188984,0.013481302234821455,-3.1414794978580187,-2.417095045471759e-05,1.1711268449451606
7.08,-1.095218703824544,-1.3524839036534726,0.013481415681240609,-3.1414779173782517,-2.6056541494797914e-05,1.1711278201397546
7.1,-1.095218736598265,-1.3524839696480688,0.01348152005303864,-3.14147646339247,-2.7791359173578234e-05,1.1711287953234688
7.12,-1.0952187700891984,-1.35248403330537,0.013481616075855586,-3.1414751257630877,-2.9387409696946855e-05,1.1711297704959973
7.14,-1.0952188042398832,-1.3524840948123111,0.013481704417527083,-3.141473895177303,-3.085578840660672e-05,1.1711307456586253
7.16,-1.0952188389974926,-1.3524841543409136,0.013481785692487713,-3.1414727630687924,-3.220670756504137e-05,1.1711317208125618
7.18,-1.0952188743134328,-1.352484212049441,0.013481860466022969,-3.141471721556862,-3.3449562932334215e-05,1.1711326959588209
7.2,-1.0952189101430005,-1.3524842680834952,0.013481929258199275,-3.1414707633914865,-3.459299872589969e-05,1.171133671098247
7.22,-1.0952189464450721,-1.3524843225770307,0.013481992547481076,-3.1414698819028257,-3.564496769503197e-05,1.171134646231536
7.24,-1.0952189831818162,-1.3524843756532845,0.013482050774058814,-3.1414690709547948,-3.661278643400015e-05,1.1711356213592632
7.26,-1.0952190203184304,-1.3524844274256351,0.01348210434291067,-3.141468324902353,-3.7503186270791465e-05,1.1711365964819016
7.28,-1.095219057822899,-1.3524844779983907,0.013482153626619336,-3.1414676385522062,-3.832236008122935e-05,1.1711375715998373
7.3,-1.0952190956659202,-1.3524845274677963,0.01348219896776488,-3.141467007127009,-3.907601929819689e-05,1.1711385467105406
7.32,-1.0952191358104952,-1.3524845702679265,0.013482216918278766,-3.141466716485729,-3.940106252175364e-05,1.171139511932349
7.34,-1.0952191775072107,-1.3524846079072756,0.01348221443901847,-3.141466672923989,-3.938325897543343e-05,1.1711404683766877
7.36,-1.0952192190909147,-1.3524846453629844,0.013482212112052586,-3.14146662624542,-3.9346471727324695e-05,1.1711414240318954
7.38,-1.09521926072324,-1.3524846828209232,0.013482209967973516,-3.141466582764914,-3.931098571120256e-05,1.171142379619448
7.4,-1.0952193024125285,-1.352484720294549,0.013482207995024028,-3.1414665427147046,-3.927819372384956e-05,1.1711433351972318
7.42,-1.0952193441552827,-1.352484757783792,0.013482206179790289,-3.1414665058625424,-3.924801069879839e-05,1.171144290770343
7.44,-1.0952193859473167,-1.3524847952875017,0.013482204509682657,-3.141466471956332,-3.922023936020501e-05,1.17114524633928
7.46,-1.095219427784695,-1.3524848328045247,0.013482202973096616,-3.1414664407607895,-3.91946878236345e-05,1.171146201904135
7.48,-1.0952194696637894,-1.3524848703337915,0.013482201559353795,-3.1414664120591533,-3.917117864520019e-05,1.1711471574649612
7.5,-1.095219511581261,-1.3524849078743173,0.01348220025862971,-3.1414663856519733,-3.914954849219979e-05,1.171148113021805
7.52,-1.0952195535340385,-1.3524849454251962,0.013482199061885516,-3.141466361355748,-3.912964708865004e-05,1.1711490685747086
7.54,-1.0952195955192956,-1.3524849829855945,0.013482197960805362,-3.1414663390016506,-3.911133617483269e-05,1.1711500241237105
7.56,-1.0952196375344323,-1.3524850205547454,0.013482196947738412,-3.141466318434359,-3.909448855054095e-05,1.1711509796688477
7.58,-1.0952196795770566,-1.3524850581319434,0.013482196015645686,-3.14146629951097,-3.907898718774041e-05,1.171151935210152
7.6,-1.0952197216449677,-1.3524850957165393,0.013482195158051189,-3.1414662821000117,-3.906472441710332e-05,1.1711528907476545
7.62,-1.0952197637361407,-1.3524851333079357,0.013482194368996846,-3.1414662660805246,-3.9051601180852505e-05,1.171153846281383
7.64,-1.095219805848713,-1.3524851709055834,0.013482193643001099,-3.141466251341225,-3.903952634361369e-05,1.171154801811363
7.66,-1.0952198479809707,-1.352485208508977,0.013482192975020756,-3.1414662377797287,-3.902841605873158e-05,1.171155757337619
7.68,-1.0952198901313368,-1.3524852461176509,0.013482192360415955,-3.141466225301839,-3.9018193184921414e-05,1.1711567128601723
7.7,-1.095219932298361,-1.3524852837311776,0.013482191794917952,-3.1414662138208933,-3.9008786750274456e-05,1.1711576683790428
7.72,-1.095219974480708,-1.3524853213491632,0.01348219127459938,-3.1414662032571607,-3.900013145946505e-05,1.1711586238942495
7.74,-1.0952200166771506,-1.3524853589712458,0.013482190795846949,-3.141466193537285,-3.899216723892024e-05,1.1711595794058094
7.76,-1.0952200588865588,-1.352485396597092,0.013482190355336359,-3.141466184593779,-3.898483881947861e-05,1.1711605349137382
7.78,-1.095220101107893,-1.3524854342263952,0.013482189950009197,-3.1414661763645504,-3.8978095352101755e-05,1.1711614904180496
7.8,-1.0952201433401973,-1.3524854718588732,0.013482189577051605,-3.141466168792475,-3.897189005479737e-05,1.1711624459187582
7.82,-1.0952201855825918,-1.3524855094942667,0.01348218923387482,-3.141466161824996,-3.896617988649363e-05,1.1711634014158747
7.84,-1.095220227834267,-1.352485547132337,0.01348218891809704,-3.1414661554137595,-3.896092524944314e-05,1.171164356909411
7.86,-1.0952202700944786,-1.3524855847728643,0.013482188627527038,-3.14146614951428,-3.895608971088201e-05,1.171165312399378
7.88,-1.0952203123625412,-1.3524856224156465,0.013482188360148794,-3.141466144085629,-3.8951639753667977e-05,1.1711662678857846
7.9,-1.0952203546378245,-1.3524856600604978,0.013482188114107512,-3.1414661390901517,-3.8947544540496135e-05,1.17116722336864
7.92,-1.0952203969197487,-1.352485697707247,0.013482187887696756,-3.141466134493205,-3.894377570027478e-05,1.171168178847952
7.94,-1.09522043920778,-1.352485735355737,0.013482187679346544,-3.1414661302629145,-3.894030713102005e-05,1.1711691343237278
7.96,-1.095220481501428,-1.3524857730058224,0.01348218748761247,-3.141466126369958,-3.8937114818059076e-05,1.171170089795975
7.98,-1.0952205238002406,-1.3524858106573705,0.01348218731116562,-3.1414661227873557,-3.893417666769554e-05,1.1711710452646995
8.0,-1.0952205661038026,-1.3524858483102586,0.013482187148783412,-3.1414661194902878,-3.8931472352685574e-05,1.1711720007299071
8.02,-1.0952206084117317,-1.352485885964374,0.013482186999340992,-3.1414661164559177,-3.8928983172133995e-05,1.1711729561916027
8.04,-1.0952206507236761,-1.352485923619613,0.013482186861803467,-3.141466113663235,-3.892669192042846e-05,1.1711739116497915
8.06,-1.0952206930393125,-1.35248596127588,0.013482186735218754,-3.1414661110929116,-3.892458276726309e-05,1.171174867104478
8.08,-1.095220735358343,-1.3524859989330873,0.013482186618710906,-3.141466108727164,-3.892264114958898e-05,1.1711758225556668
8.1,-1.0952207776804936,-1.352486036591154,0.013482186511473999,-3.141466106549631,-3.892085366903926e-05,1.1711767780033613
8.12,-1.0952208200055127,-1.3524860742500058,0.013482186412766559,-3.14146610454526,-3.8919207998094013e-05,1.1711777334475653
8.14,-1.0952208623331683,-1.3524861119095744,0.01348218632190645,-3.1414661027002015,-3.891769279483523e-05,1.1711786888882818
8.16,-1.095220904663247,-1.3524861495697968,0.013482186238266069,-3.141466101001715,-3.8916297625379465e-05,1.1711796443255131
8.18,-1.095220946995553,-1.3524861872306153,0.013482186161268008,-3.1414660994380776,-3.891501288977095e-05,1.1711805997592633
8.2,-1.0952209893299052,-1.3524862248919765,0.01348218609038104,-3.141466097998505,-3.8913829755879875e-05,1.1711815551895342
8.22,-1.095221031666138,-1.3524862625538314,0.013482186025116439,-3.141466096673075,-3.8912740098034306e-05,1.1711825106163287
8.24,-1.0952210740040982,-1.352486300216135,0.013482185965024557,-3.1414660954526594,-3.8911736440486156e-05,1.1711834660396478
8.26,-1.0952211163436454,-1.3524863378788456,0.013482185909691654,-3.1414660943288584,-3.891081190569159e-05,1.1711844214594949
8.28,-1.0952211586846503,-1.3524863755419254,0.013482185858737164,-3.1414660932939458,-3.890996016476812e-05,1.1711853768758704
8.3,-1.0952212010269937,-1.3524864132053391,0.013482185811810935,-3.1414660923408135,-3.890917539644318e-05,1.1711863322887777
8.32,-1.0952212433705664,-1.3524864508690544,0.013482185768590761,-3.1414660914629198,-3.8908452245185515e-05,1.1711872876982166
8.34,-1.0952212857152674,-1.3524864885330414,0.013482185728780249,-3.1414660906542475,-3.890778578217504e-05,1.1711882431041896
8.36,-1.0952213280610044,-1.3524865261972732,0.013482185692106746,-3.1414660899092612,-3.89071714735242e-05,1.1711891985066976
8.38,-1.0952213704076916,-1.3524865638617243,0.013482185658319323,-3.1414660892228667,-3.8906605149213505e-05,1.1711901539057412
8.4,-1.095221412755251,-1.3524866015263717,0.013482185627187192,-3.141466088590379,-3.890608297059497e-05,1.1711911093013228
8.42,-1.0952214551036104,-1.352486639191194,0.01348218559849796,-3.141466088007486,-3.890560140778803e-05,1.171192064693443
8.44,-1.0952214974527033,-1.3524866768561719,0.013482185572056266,-3.1414660874702216,-3.890515721175182e-05,1.171193020082102
8.46,-1.0952215398024685,-1.3524867145212869,0.013482185547682376,-3.1414660869749365,-3.890474739437976e-05,1.1711939754673013
8.48,-1.09522158215285,-1.3524867521865227,0.013482185525210905,-3.1414660865182733,-3.8904369206310305e-05,1.171194930849042
8.5,-1.095221624503796,-1.3524867898518642,0.013482185504489711,-3.1414660860971435,-3.890402011795869e-05,1.171195886227324
8.52,-1.095221666855259,-1.3524868275172972,0.013482185485378826,-3.141466085708706,-3.890369780196283e-05,1.171196841602149
8.54,-1.0952217092071952,-1.3524868651828088,0.013482185467749446,-3.141466085350345,-3.890340011757019e-05,1.171197796973517
8.56,-1.0952217515595641,-1.352486902848387,0.013482185451483095,-3.141466085019655,-3.890312509435485e-05,1.171198752341429
8.58,-1.095221793912329,-1.352486940514021,0.013482185436470732,-3.141466084714424,-3.8902870920283605e-05,1.171199707705884
8.6,-1.0952218362654558,-1.3524869781797006,0.013482185422612113,-3.141466084432615,-3.8902635927318855e-05,1.1712006630668848
8.62,-1.095221878618913,-1.352487015845417,0.013482185409814938,-3.141466084172355,-3.890241858211408e-05,1.1712016184244303
8.64,-1.0952219209726717,-1.3524870535111613,0.0134821853979943,-3.141466083931921,-3.8902217473003115e-05,1.1712025737785214
8.66,-1.0952219633267055,-1.3524870911769256,0.013482185387072125,-3.1414660837097266,-3.890203130112559e-05,1.1712035291291585
8.68,-1.0952220056809898,-1.352487128842703,0.013482185376976576,-3.141466083504314,-3.89018588721074e-05,1.1712044844763418
8.7,-1.0952220480355024,-1.3524871665084865,0.013482185367641536,-3.1414660833143406,-3.8901699087236524e-05,1.1712054398200722
8.72,-1.0952220903902223,-1.3524872041742704,0.013482185359006166,-3.141466083138572,-3.8901550935226035e-05,1.1712063951603495
8.74,-1.0952221327451308,-1.3524872418400489,0.013482185351014492,-3.1414660829758714,-3.890141348563696e-05,1.171207350497174
8.76,-1.0952221751002102,-1.3524872795058167,0.013482185343615052,-3.141466082825194,-3.8901285882041136e-05,1.1712083058305458
8.78,-1.0952222174554447,-1.3524873171715692,0.013482185336760473,-3.1414660826855783,-3.890116733737143e-05,1.1712092611604652
8.8,-1.095222259810819,-1.352487354837302,0.0134821853304072,-3.1414660825561396,-3.890105712673329e-05,1.1712102164869327
8.82,-1.0952223021663199,-1.3524873925030112,0.013482185324515153,-3.1414660824360645,-3.8900954584135814e-05,1.1712111718099487
8.84,-1.0952223445219347,-1.3524874301686929,0.013482185319047395,-3.1414660823246034,-3.8900859096770384e-05,1.1712121271295128
8.86,-1.0952223868776518,-1.352487467834344,0.013482185313970007,-3.141466082221067,-3.89007700992995e-05,1.1712130824456257
8.88,-1.0952224292334607,-1.352487505499961,0.013482185309251788,-3.141466082124823,-3.8900687072860564e-05,1.1712140377582874
8.9,-1.0952224715893515,-1.3524875431655412,0.013482185304864008,-3.1414660820352864,-3.890060954034712e-05,1.1712149930674975
8.92,-1.0952225139453153,-1.352487580831082,0.013482185300780231,-3.141466081951922,-3.89005370621977e-05,1.171215948373257
8.94,-1.095222556301344,-1.3524876184965808,0.013482185296976139,-3.1414660818742357,-3.890046923423686e-05,1.1712169036755653
8.96,-1.0952225986574298,-1.3524876561620356,0.0134821852934294,-3.141466081801774,-3.8900405684239433e-05,1.1712178589744233
8.98,-1.0952226410135657,-1.3524876938274442,0.013482185290119372,-3.1414660817341185,-3.890034607094006e-05,1.1712188142698308
9.0,-1.0952226833697454,-1.3524877314928045,0.013482185287027187,-3.1414660816708846,-3.8900290078182256e-05,1.1712197695617876
9.02,-1.095222725725963,-1.3524877691581152,0.013482185284135384,-3.141466081611719,-3.8900237417650105e-05,1.171220724850294
9.04,-1.0952227680822129,-1.3524878068233743,0.013482185281427963,-3.1414660815562967,-3.8900187822165214e-05,1.17122168013535
9.06,-1.0952228104384902,-1.3524878444885806,0.013482185278890155,-3.141466081504318,-3.890014104708318e-05,1.171222635416956
9.08,-1.0952228527947903,-1.3524878821537325,0.013482185276508397,-3.141466081455507,-3.890009686634078e-05,1.1712235906951118
9.1,-1.0952228951511087,-1.3524879198188289,0.013482185274270224,-3.1414660814096114,-3.890005507258382e-05,1.1712245459698176
9.12,-1.0952229375074418,-1.3524879574838686,0.013482185272164125,-3.141466081366397,-3.890001547521362e-05,1.1712255012410733
9.14,-1.095222979863786,-1.3524879951488507,0.013482185270179583,-3.14146608132565,-3.889997789778919e-05,1.1712264565088797
9.16,-1.0952230222201378,-1.3524880328137738,0.013482185268306841,-3.1414660812871733,-3.8899942179848e-05,1.171227411773236
9.18,-1.0952230645764942,-1.3524880704786375,0.013482185266536955,-3.141466081250784,-3.889990817204801e-05,1.1712283670341428
9.2,-1.0952231069328526,-1.3524881081434406,0.013482185264861713,-3.1414660812163167,-3.889987573751574e-05,1.1712293222916
9.22,-1.0952231492892104,-1.3524881458081826,0.013482185263273506,-3.1414660811836166,-3.8899844750816696e-05,1.1712302775456072
9.24,-1.095223191645565,-1.3524881834728626,0.01348218526176544,-3.1414660811525428,-3.889981509525472e-05,1.171231232796165
9.26,-1.0952232340019143,-1.35248822113748,0.013482185260331039,-3.141466081122965,-3.889978666562008e-05,1.1712321880432732
9.28,-1.0952232763582563,-1.3524882588020344,0.013482185258964467,-3.141466081094764,-3.88997593626686e-05,1.171233143286932
9.3,-1.0952233187145892,-1.352488296466525,0.013482185257660286,-3.1414660810678297,-3.889973309717839e-05,1.1712340985271414
9.32,-1.0952233610709114,-1.3524883341309515,0.013482185256413476,-3.14146608104206,-3.889970778618139e-05,1.1712350537639014
9.34,-1.0952234034272212,-1.3524883717953133,0.013482185255219506,-3.141466081017363,-3.889968335252144e-05,1.171236008997212
9.36,-1.0952234457835173,-1.3524884094596101,0.013482185254074111,-3.141466080993652,-3.889965972726568e-05,1.1712369642270737
9.38,-1.0952234881397982,-1.3524884471238414,0.013482185252973395,-3.1414660809708486,-3.889963684502759e-05,1.1712379194534857
9.4,-1.095223530496063,-1.352488484788007,0.013482185251913782,-3.1414660809488795,-3.889961464630096e-05,1.1712388746764488
9.42,-1.09522357285231,-1.3524885224521064,0.013482185250892034,-3.1414660809276787,-3.889959307607105e-05,1.1712398298959623
9.44,-1.0952236152085388,-1.3524885601161394,0.013482185249905071,-3.1414660809071844,-3.8899572085079106e-05,1.1712407851120268
9.46,-1.0952236575647483,-1.3524885977801056,0.013482185248950142,-3.1414660808873403,-3.889955162619323e-05,1.1712417403246425
9.48,-1.0952236999209373,-1.3524886354440049,0.01348218524802466,-3.141466080868094,-3.889953165733222e-05,1.1712426955338087
9.5,-1.0952237422771052,-1.352488673107837,0.013482185247126284,-3.1414660808493977,-3.8899512138812954e-05,1.1712436507395256
9.52,-1.0952237846332513,-1.3524887107716015,0.013482185246252849,-3.1414660808312083,-3.889949303490801e-05,1.171244605941794
9.54,-1.095223826989375,-1.3524887484352985,0.013482185245402352,-3.141466080813484,-3.889947431253317e-05,1.1712455611406132
9.56,-1.0952238693454754,-1.3524887860989276,0.013482185244572974,-3.141466080796189,-3.889945594104841e-05,1.1712465163359835
9.58,-1.0952239117015523,-1.3524888237624888,0.013482185243763009,-3.141466080779288,-3.8899437892530506e-05,1.171247471527905
9.6,-1.095223954057605,-1.3524888614259818,0.01348218524297091,-3.1414660807627497,-3.889942014105077e-05,1.1712484267163776
9.62,-1.0952239964136328,-1.3524888990894066,0.013482185242195232,-3.1414660807465444,-3.889940266282413e-05,1.171249381901401
9.64,-1.0952240387696355,-1.3524889367527628,0.013482185241434696,-3.141466080730647,-3.8899385435581856e-05,1.1712503370829757
9.66,-1.0952240811256126,-1.3524889744160506,0.013482185240688088,-3.141466080715032,-3.889936844007782e-05,1.171251292261102
9.68,-1.0952241234815638,-1.3524890120792696,0.013482185239954281,-3.141466080699677,-3.88993516575752e-05,1.1712522474357794
9.7,-1.0952241658374886,-1.35248904974242,0.013482185239232213,-3.1414660806845607,-3.889933507109038e-05,1.1712532026070075
9.72,-1.095224208193387,-1.3524890874055016,0.013482185238520983,-3.1414660806696637,-3.8899318664026313e-05,1.1712541577747868
9.74,-1.0952242505492582,-1.352489125068514,0.013482185237819725,-3.1414660806549697,-3.889930242268013e-05,1.1712551129391175
9.76,-1.0952242929051024,-1.3524891627314575,0.013482185237127662,-3.1414660806404617,-3.88992863338104e-05,1.1712560681
9.78,-1.095224335260919,-1.3524892003943318,0.013482185236444023,-3.141466080626125,-3.889927038563078e-05,1.1712570232574333
9.8,-1.095224377616708,-1.3524892380571372,0.01348218523576814,-3.1414660806119463,-3.8899254566383084e-05,1.1712579784114185
9.82,-1.0952244199724692,-1.3524892757198732,0.01348218523509941,-3.141466080597912,-3.8899238865650595e-05,1.1712589335619548
9.84,-1.0952244623282024,-1.35248931338254,0.013482185234437238,-3.1414660805840118,-3.889922327441595e-05,1.1712598887090424
9.86,-1.0952245046839073,-1.3524893510451375,0.013482185233781134,-3.141466080570234,-3.8899207783374004e-05,1.171260843852682
9.88,-1.0952245470395838,-1.3524893887076657,0.013482185233130585,-3.1414660805565693,-3.8899192385236785e-05,1.1712617989928726
9.9,-1.0952245893952317,-1.3524894263701244,0.013482185232485134,-3.141466080543008,-3.889917707217845e-05,1.1712627541296146
9.92,-1.095224631750851,-1.3524894640325136,0.013482185231844404,-3.1414660805295425,-3.889916183694305e-05,1.1712637092629077
9.94,-1.0952246741064413,-1.3524895016948333,0.013482185231207987,-3.1414660805161647,-3.88991466739572e-05,1.1712646643927531
9.96,-1.0952247164620026,-1.3524895393570835,0.013482185230575584,-3.141466080502868,-3.889913157688143e-05,1.17126561951915
9.98,-1.095224758817535,-1.3524895770192642,0.013482185229946826,-3.1414660804896455,-3.889911654130572e-05,1.1712665746420983
10.0,-1.095224801173038,-1.3524896146813752,0.013482185229321451,-3.1414660804764916,-3.889910156132455e-05,1.1712675297615982
