0.02,-1.5,1.5,1.5005265706138236,0.012706786378577896,0.01251347539007744,0.015329922219800082
0.04,-1.5,1.5,1.5001309396385856,0.03582850740915664,0.034983112599239856,0.043579919313527685
0.06,-1.4999594376475816,1.4999600515709786,1.4990076398636303,0.07013759829940787,0.06723489429711368,0.08588965553661011
0.08,-1.499795422226733,1.4998041536494109,1.4973460315096718,0.11727908443607277,0.11125821046180946,0.11694373368350018
0.1,-1.49938762345898,1.4994336597268756,1.4951014432258547,0.15169230383020746,0.14316232075976482,0.13449002297940252
0.12,-1.4985017847549054,1.4986620773875172,1.4927725627491488,0.17133800082279607,0.16331644550207908,0.1360430625605466
0.14,-1.4969147815684427,1.497317262993785,1.4908176922814378,0.174487597824424,0.17181618029523363,0.11973651134780075
0.16,-1.494480702995799,1.4952868611035397,1.4894810743952753,0.16020531487333123,0.16846110560848834,0.08486146524000082
0.18,-1.4911220942314398,1.4925074332723378,1.4890115761618188,0.13468619056990222,0.14916832208918585,0.06136380536917283
0.2,-1.4867898515239804,1.4889373491758642,1.4899505355055236,0.0982326471419159,0.11294198804552857,0.053925148241402036
0.22,-1.481618048954387,1.4846913018269932,1.4922967171498458,0.08002994925867528,0.05882681242603206,0.06264562469023686
0.24,-1.4758750839078918,1.479997975332504,1.49558325351211,0.07711086553143706,0.016359738949375677,0.08857686479651138
0.26,-1.4698833358618402,1.4750039379615723,1.49894617713476,0.08640679096052604,-0.011397667352894766,0.10021934264332977
0.28,-1.4638020009134067,1.4697008131294245,1.5025532004068338,0.108970463463276,-0.02428218627837515,0.09726888138845792
0.3,-1.4577387098697423,1.4640435555335851,1.5063610405348473,0.11939063134683525,-0.023882686704043487,0.08075107319236904
0.32,-1.45173383311181,1.4579709994009227,1.5100357718136486,0.11823478357131767,-0.01049658469711012,0.0515342390006346
0.34,-1.445779009392562,1.4515355861915098,1.512830464296522,0.10470094465667237,0.0129471458352751,0.03650524870161344
0.36,-1.4398430816018883,1.4447815910189272,1.5144381197105798,0.10071335261695281,0.04454001413045954,0.0343834957089707
0.38,-1.4338735896293873,1.4377831593005466,1.514537139123792,0.10609777469926576,0.08388449966212758,0.04456987492327978
0.4,-1.4277999570685789,1.4305625253517134,1.513029901065807,0.11636030456249238,0.13113931638384688,0.06725110281447892
0.42,-1.4215224416977308,1.4231054532800305,1.5099823503975358,0.11871621590338628,0.1680821460784912,0.10016036397030231
0.44,-1.4149102822421367,1.415390590198424,1.5054713772811608,0.1090895212967251,0.19575766468632946,0.11960431106079948
0.46,-1.407821574134366,1.4074082597267923,1.4997253899378629,0.10726345833946765,0.2152192199365918,0.12590480653341674
0.48,-1.4001930032716516,1.3992084566076284,1.4926784066429153,0.11263260876005692,0.22642253011065058,0.1192977074458814
0.5,-1.3917522822881236,1.3907276669316184,1.4852848871992337,0.10175941045130317,0.22614469855436456,0.0966492847078742
0.52,-1.3822785227204495,1.3818801888357453,1.4782879346938083,0.10211345640948578,0.21366592993983524,0.06537498168981504
0.54,-1.3716529453795834,1.3726450675215491,1.4722526911112965,0.09448766724689155,0.18608495895982308,0.04968759773612075
0.56,-1.3598323162588604,1.3629329560554402,1.4677234098837642,0.10629576700549623,0.14116458614568417,0.04981252980956291
0.58,-1.3471326244178667,1.3528306730376216,1.4639277838840064,0.10784579277463646,0.08196968033276837,0.06450145401818301
0.6,-1.3338333969098841,1.3423211921839622,1.4604143508339211,0.09785082724629553,0.035109101288908394,0.09653533532392435
0.62,-1.320233943605577,1.331456517163445,1.4565831085596777,0.0991021858106926,0.0027277659307605663,0.1155357359109552
0.64,-1.3064859861001406,1.3202490860647553,1.4526433990748462,0.09969297995246999,-0.015892027717417698,0.12142101518687894
0.66,-1.2926978881677331,1.308634087467462,1.449103313072915,0.08768071765088434,-0.02067952472848741,0.11371817641099072
0.68,-1.2789467861641246,1.2965989786964776,1.4459750120739785,0.08967660866516759,-0.00989297898625827,0.09192651368727697
0.7,-1.265246168431463,1.2843339270232252,1.4417017151746587,0.10105532056379814,0.01326591102496675,0.05901097194766065
0.72,-1.2515714539594531,1.2718275824250682,1.4363936141548919,0.1018814572054787,0.04735739377467997,0.014897779943378315
0.74,-1.2378615601497367,1.2590448118415174,1.4301213099053514,0.09046366697810472,0.09145216196720776,-0.015669770702563937
0.76,-1.224034573890506,1.2459937595998698,1.4227787601530835,0.09057551335106036,0.12268032777515107,-0.03470427041640274
0.78,-1.209968455992982,1.2326958100573435,1.4144245802730815,0.09607509485899286,0.14169054864550648,-0.04195455694374566
0.8,-1.1954970997896284,1.219078119482935,1.4057322511856527,0.091721757083849,0.14826933549041987,-0.036547699084187986
0.82,-1.180686288296488,1.2052119803028032,1.3957607724529644,0.07923742859130731,0.14424018729156868,-0.020292126322655493
0.84,-1.165434655912062,1.191055087387227,1.3850813948904357,0.07175901704259167,0.12740341889080656,0.008258923006807814
0.86,-1.1497165584452869,1.1766372576273858,1.3739334686297309,0.05458737933949516,0.09863737307094897,0.04967602277414293
0.88,-1.133541189506732,1.1619757333480272,1.3626537218517876,0.05005272975816526,0.07491052727610487,0.09767378813195982
0.9,-1.1170388925791506,1.1471654589660634,1.3509770109818038,0.04619257850798103,0.06405256480769747,0.13237046015519438
0.92,-1.1002961189709468,1.1322369869958948,1.3387964124903073,0.05375041589260164,0.0662771876650565,0.1538008370169117
0.94,-1.0833914983894708,1.1172323474905816,1.3254777628107373,0.0508615596727351,0.07879835949430435,0.16367681010608914
0.96,-1.0662878459214291,1.1021210065159046,1.3113821125978418,0.05763096843393186,0.08158935838041735,0.160299518938491
0.98,-1.048778561506247,1.0868475534309932,1.298468603766954,0.04809666487991724,0.07002882924960042,0.13935248982667486
1.0,-1.03077972106215,1.0713466206574025,1.2874636052077202,0.05295079876834049,0.07568713952947372,0.10128899916107166
1.02,-1.0124912340853907,1.0557130507699195,1.276798279279472,0.04304356001035099,0.06783469135173721,0.047292039235207015
1.04,-0.9938760192824463,1.0399067073101205,1.2666947338173244,0.0450910185983038,0.0481331627775536,-0.022461479660718184
1.06,-0.9749647725394208,1.0239409707872917,1.2574193492068535,0.03395527059021508,0.042023463001194375,-0.07490758999801926
1.08,-0.9558993823394627,1.0078192303934441,1.2482558547656102,0.03545558175412932,0.04718625216932125,-0.11225345986094343
1.1,-0.9367094137522308,0.9915769221474239,1.239254684750126,0.02557092401827976,0.03971445831963887,-0.1353196311282038
1.12,-0.9173783454313664,0.9751977734822393,1.2304705742863933,0.02857661597997699,0.043806080402282205,-0.14329788207489497
1.14,-0.897932463863958,0.9587201277422629,1.2219872093195758,0.019851708041412366,0.035329399499709584,-0.1367411808124618
1.16,-0.8783685491493946,0.9421374408365562,1.2135307750903077,0.023688294791361367,0.03814817517828349,-0.11557898299533098
1.18,-0.858759474503121,0.9255237906193301,1.203706719880909,0.017313345807910784,0.05165852238499213,-0.0823784017543074
1.2,-0.83908408727727,0.9088594074570713,1.1929258403220493,0.02292672438807823,0.05299363971421593,-0.036629269405354443
1.22,-0.819305703659787,0.8921664986652904,1.1810545115173348,0.018898642694929562,0.04614241375987677,0.020951923114774305
1.24,-0.7994145265505673,0.8754338426543004,1.1681835025922296,0.025319672400580858,0.03560972330119343,0.07749745356712452
1.26,-0.7794219312288853,0.8586798583020884,1.1544332881287134,0.020845734960889685,0.03564383298939329,0.12160241041590904
1.28,-0.7593565425783101,0.8418915596635657,1.1397883912490525,0.00779042970972227,0.024766411331483752,0.15252641076161028
1.3,-0.7391868922219699,0.8250744608628167,1.1250595922742102,0.005627036365371096,0.002703628807643134,0.16909863970800892
1.32,-0.7189437321691744,0.8082735856986427,1.1108792078185752,-0.009676775697576988,-0.0065647905872034664,0.17076783755486366
1.34,-0.6987171443549166,0.791472655066558,1.0994020130895856,-0.00815191060793671,0.0014841287275541466,0.15334688711516395
1.36,-0.6785828404488325,0.7747593373974863,1.0905456606171426,0.009157311192414213,-0.005800093334069117,0.11759455421171987
1.38,-0.6584857547987428,0.7581204088166389,1.082923121907614,0.011814355534841349,-0.02843684584663619,0.06508020556296945
1.4,-0.6384460343051113,0.7414723352432412,1.0755430292871286,0.002471623257727064,-0.03902876429997983,-0.0016936505455856818
1.42,-0.6185581840267098,0.7247992202169748,1.068389752508933,-0.018742252701690464,-0.06243917310810562,-0.05329667192611582
1.44,-0.598886624839725,0.7081463651350012,1.0619125654494597,-0.027330771506052284,-0.07324673295139822,-0.08921832716041672
1.46,-0.5795078690871093,0.6916166240125823,1.0556972363912196,-0.02455114327489447,-0.07158316214305074,-0.11053989237380525
1.48,-0.5605118626840688,0.6752836262299817,1.05048427570752,-0.037824360639171196,-0.054702965515592034,-0.11579417263676238
1.5,-0.542022188853914,0.6592032057692248,1.048241598776747,-0.03529429729789642,-0.05492642686396524,-0.10092877920179393
1.52,-0.5236658544047786,0.6432397058427397,1.044089414059085,-0.03890956761110164,-0.052875395274934414,-0.07767853473398895
1.54,-0.5054541120805559,0.6273937512619777,1.0382105934644714,-0.033168615442336125,-0.06061848312785709,-0.04304740846214626
1.56,-0.48739988585455574,0.6116840841544954,1.0309323147302578,-0.03862107709101442,-0.05687258336450989,0.0029618076682070642
1.58,-0.46958054473515587,0.5961251526836057,1.023165321518042,-0.032667824156724486,-0.06524271921449265,0.06310124961697769
1.6,-0.452039178928177,0.5807603097264609,1.0158039322070933,-0.04050567879077514,-0.07638263000179067,0.1315649052909848
1.62,-0.43481317056947794,0.5655434482641526,1.0087598658244847,-0.0595901358663382,-0.0750590753824879,0.18457268383401196
1.64,-0.41794312857133753,0.5504747161152521,1.0018182060827379,-0.06577637759018255,-0.08602338320271662,0.22354270746434918
1.66,-0.4014668087463602,0.5356254140627715,0.9952589565034368,-0.056870910817963485,-0.08408058409327936,0.24600547183184543
1.68,-0.3854710649302011,0.52100939742489,0.9893698873675588,-0.05938697007158426,-0.07042044069634323,0.2520400169568213
1.7,-0.37001554638638867,0.5066053342466443,0.9849344431645133,-0.04646876972335346,-0.07159719616770138,0.24213627852846908
1.72,-0.35509951164912457,0.4924731284564102,0.9827635658896436,-0.04745349599581171,-0.05895125598612998,0.21336159744055794
1.74,-0.3407143543098834,0.47853986155250205,0.9829457328795672,-0.03176118644927355,-0.06184843911849695,0.16723934193541257
1.76,-0.3265250463250292,0.46471561441623715,0.9817582468680573,-0.025824058878040238,-0.0760053481840457,0.10966564554630984
1.78,-0.31251742738519345,0.45096393086569053,0.9790497015363272,-0.028116758341891153,-0.08136391628710118,0.040863906736712065
1.8,-0.2988901303338988,0.437313540114476,0.9769844185569209,-0.018870377878671643,-0.07370751622045485,-0.012446398876205602
1.82,-0.28576367908888856,0.4238289024530556,0.9768038910169196,-0.025588738472254124,-0.08018083061002176,-0.047762125623123326
1.84,-0.27286164631598875,0.410420208771834,0.9754758707462184,-0.02304079051730876,-0.0806673239769835,-0.07101834150696539
1.86,-0.2602940274563069,0.397149557600747,0.9742086784778249,-0.035053962404010305,-0.06851281319434757,-0.07970048377130763
1.88,-0.24831426873756338,0.38410652556599684,0.9762209914679768,-0.03141800408341061,-0.06415323840314614,-0.06820677852814014
1.9,-0.23653338792236497,0.3711948203528237,0.9770654829756309,-0.03847589546874573,-0.06901426138415968,-0.04441646003548577
1.92,-0.2248895258212425,0.35837145295921213,0.9759153626562371,-0.03687306948158491,-0.08300583581475618,-0.012116230773457599
1.94,-0.21340936301433916,0.34565766173753004,0.9730194226080244,-0.04600942076663644,-0.08618489961877335,0.030883340394306423
1.96,-0.20211806080629716,0.3330417771429163,0.9682829109632586,-0.05128508025545868,-0.08450841260061019,0.08154267445193795
1.98,-0.19107643338758554,0.32056023017367274,0.9622843370184293,-0.06588810457414433,-0.07253901431792505,0.1273005791088906
2.0,-0.180405621219935,0.3082751126836195,0.9563709864854044,-0.06726481406695184,-0.07315890576572438,0.15912354212900603
2.02,-0.17006280614483676,0.2962270223784614,0.9504241886177078,-0.05444927982542699,-0.0652392359964746,0.17561484354728985
2.04,-0.16034318822657478,0.28459983981498016,0.9478844822505763,-0.056588172412865366,-0.042403352649840034,0.1712978536081782
2.06,-0.1511615964880768,0.2732897818191903,0.9485256690297897,-0.04116563184778673,-0.03658874663759108,0.1487822426813375
2.08,-0.14231727954958226,0.26230206241126647,0.9515516968077187,-0.041335754642730566,-0.04864472732769659,0.10847573898571125
2.1,-0.1335779694541526,0.2514069976763439,0.9528475324606874,-0.050304416795204705,-0.0641778521552298,0.05757956260484144
2.12,-0.12498335501633755,0.24061690562619834,0.9527329660625118,-0.05854904151184789,-0.08936374868036293,0.01899852684161575
2.14,-0.11656031501250105,0.22995271243639165,0.9510837198140619,-0.07516511588674356,-0.10591681247196981,-0.028068578577118128
2.16,-0.10849489573269436,0.21952101861930828,0.9493342699369542,-0.08108602233151212,-0.1101144478957455,-0.06154291875639371
2.18,-0.10085681676213054,0.2094179668788708,0.9476672183034537,-0.07653058514122002,-0.10128079059242655,-0.08127043824885583
2.2,-0.09385143073030221,0.1998508122684147,0.9479944004751416,-0.059257217098693526,-0.07630124857539755,-0.08402506341426251
2.22,-0.08752319715013601,0.19089400981685922,0.9514324371748564,-0.0363028090419192,-0.03852325069333381,-0.06735748583010799
2.24,-0.08152194033971633,0.18224293649312823,0.9554274081316538,-0.027224776471365245,-0.012489306102341394,-0.03455107681882327
2.26,-0.07565897273819858,0.17374381299959554,0.9591294296178038,-0.029876444133417248,0.002848829241260639,0.012206171867201998
2.28,-0.06984615197027129,0.16535794883091773,0.9626224300101873,-0.04411147106338214,0.007487070979080485,0.07291921950348498
2.3,-0.06403456643192033,0.15705374931651958,0.9645755915821119,-0.06542850261988997,0.0020891541102470135,0.12237393938439643
2.32,-0.058220024287795456,0.14886451331265513,0.9649598183973258,-0.0780737622388424,-0.01239725858602856,0.16126797588254085
2.34,-0.05242570700964906,0.1408309710961956,0.9636575596193648,-0.08407504551543155,-0.034327029552708076,0.1909686263466729
2.36,-0.046730491135541605,0.13308661422218968,0.9621526345124184,-0.07889544047609937,-0.0687406120290385,0.20744699614699927
2.38,-0.041331905849846855,0.12579610451465756,0.9625591077162408,-0.0880115149562766,-0.09006246137861747,0.2055349817317719
2.4,-0.03632204740647492,0.11880363515655938,0.9636146519453933,-0.08170274760371116,-0.09819461235192935,0.18635597435116702
2.42,-0.031674462326716495,0.11204786614476421,0.9640970467474035,-0.0788759704054801,-0.0961970905478525,0.15286730444033145
2.44,-0.027482291808856682,0.10555123858484453,0.9646764436865859,-0.06124002965002994,-0.08142818193135214,0.10359854629934075
2.46,-0.023781599235620295,0.0993507955404878,0.9658654293515543,-0.055429686720225066,-0.05493103619252956,0.03830140057334595
2.48,-0.0204476246426597,0.09337569112492485,0.9672763944642123,-0.05816705957896083,-0.04010607719236669,-0.011230798550110926
2.5,-0.01735002957776969,0.08762493087884285,0.9688444180517269,-0.04832093042065831,-0.03787197066666805,-0.04468828215644183
2.52,-0.0144030641149952,0.0820995065969012,0.970223148548205,-0.05052361327360335,-0.04628335559670474,-0.0635090700560342
2.54,-0.011558234865910408,0.07671874908934956,0.970454918540878,-0.041823163305638164,-0.0653543228675192,-0.06945874734746342
2.56,-0.008901551680215097,0.07157376716957753,0.9710718559356241,-0.047595773865536206,-0.06963245230974205,-0.060500534448809457
2.58,-0.006555787974325485,0.06666322461110216,0.972708513103791,-0.040848541722271085,-0.06000702694527083,-0.03600516044962385
2.6,-0.004583961530746151,0.062046556376621834,0.9759910591539619,-0.04970938417603477,-0.063480026052458,0.0062020318287893715
2.62,-0.0027904611696221633,0.05756435666221197,0.9783600371527263,-0.07066320783654856,-0.054086136790299444,0.060680790388663905
2.64,-0.0012455880675492665,0.053277803168216675,0.980670609012531,-0.07893674911142577,-0.056835168656110976,0.10144317154662673
2.66,0.0001162182845063735,0.04920548704527883,0.9821702998943938,-0.07439359468795971,-0.04862222286190109,0.128048458210122
2.68,0.0011939883482985502,0.04545675476451608,0.9841228089417063,-0.05542311217391711,-0.03792179695077043,0.13906017930115086
2.7,0.002025061819342545,0.04199984286565725,0.9864040142918177,-0.04841347759601897,-0.02250099194731094,0.13470816927222554
2.72,0.002688173805766589,0.03872988847923162,0.988455479218226,-0.05044703444039424,-0.020675432139263816,0.11674973247045753
2.74,0.0032614348469908244,0.03560242327301902,0.9896817439083196,-0.04162890310811342,-0.02969037961904301,0.08662327219196761
2.76,0.003745527374536438,0.03263806719613639,0.990341561762555,-0.04344772216676809,-0.028600412178651433,0.042861411149270216
2.78,0.004100838063244145,0.029827024218406394,0.9909471046116348,-0.05726466400139153,-0.03883483561283738,0.013942310062104548
2.8,0.004263430809394932,0.027285398947207173,0.9939513288854415,-0.05630567452008587,-0.033196650501656676,0.0025782895560415124
2.82,0.0043285273123901446,0.024885706778706374,0.9954876439043098,-0.045533037824839084,-0.03733343622745174,-0.014163260818939302
2.84,0.004269132827136627,0.0226982808124005,0.9968331701177908,-0.048216298904966266,-0.02761794903148838,-0.01718470189184064
2.86,0.004093723403506025,0.020658687309487528,0.9974200028566874,-0.03949266137903933,-0.029357920353614217,-0.0074026566625362234
2.88,0.003812308663533657,0.018814029650044497,0.9980488045797951,-0.044355240821380655,-0.016891376488659782,0.016545760162273205
2.9,0.003435047729313941,0.017102365546992196,0.9980623106019145,-0.036356657768779034,0.00725083620864193,0.026554300825444
2.92,0.0029876205302964117,0.015568596384173117,0.9981554680879264,-0.016062730915961904,0.018778897171897495,0.02299738880204143
2.94,0.002568342830319769,0.014197681114065535,0.9987475309563618,-0.00835824521076043,0.018395612076008594,0.035030563290335805
2.96,0.002220050015944044,0.012891234666769044,0.9992559228853232,-0.012199370838337357,0.006691177507761041,0.0613708354131715
2.98,0.0019376645685881453,0.011618540095581453,0.9994699439164542,-0.0035638210217594428,0.007671881883747138,0.07329078548264499
3.0,0.0016795694132701248,0.010397977439051454,0.9998190598889579,-0.008515535700256666,-0.005102586454663346,0.07036276418057848
3.02,0.0014464356662007784,0.009192234423415806,0.9995956454034537,-0.024474258208553205,-0.007164166100458984,0.05432468436843691
3.04,0.0011795900278163225,0.008036014636349228,1.0014133580407114,-0.025741558454198822,0.005511184779137912,0.05579858402009773
3.06,0.0008912355106271207,0.006942483066572742,1.0018729062837133,-0.017482777964737784,0.008562251998112447,0.04608062922000809
3.08,0.0006153196736498891,0.005927884418946213,1.0014105240911508,-0.020877240670428676,-0.0005264477896926276,0.023748009466977433
3.1,0.0003673003601858968,0.0049779150024292975,1.0005989216289646,-0.03569561430289357,0.0011359479659513525,-0.012325278791740401
3.12,0.00011437331477233073,0.004133230688513142,1.0008760282174918,-0.037218682048077906,0.016440476792054178,-0.03247288794976601
3.14,-0.00013273115271202778,0.003416331962193188,1.000793116944426,-0.026143350567794377,0.01955604977250514,-0.03794696203655906
3.16,-0.0003190063905334822,0.002826096549734566,1.0002265425741401,-0.02590333874292412,0.01225851896471332,-0.02968701852180836
3.18,-0.00042169876652803855,0.0023395107024410562,0.9998028060947949,-0.013239522596630937,0.01722169153744858,-0.007213169973489238
3.2,-0.00046580969500824456,0.0019680296570366183,0.9999512666964122,-0.013253243912909003,0.01000471839675196,0.03080821843400197
3.22,-0.00044730600430641706,0.0016442512684300928,0.9997930108826283,-0.024785690613668483,0.0140551625303295,0.054908527157251086
3.24,-0.00037659970119387405,0.001394536842006115,1.0011587534336763,-0.022429712423708982,0.003923706643727593,0.06229897156535373
3.26,-0.000276773023546024,0.001203809488857041,1.000905705821932,-0.009962056140258331,0.0038727403642416867,0.058032584682749966
3.28,-0.00016856354118367762,0.001089277402952017,1.0000923569410651,-0.00836327933336821,-0.006654776908193673,0.06717324767911524
3.3,-4.521684336518167e-05,0.001021935446124554,0.9999902928217711,0.007447269926633536,-0.0029072303559094024,0.060090059060098025
3.32,4.942560702678704e-05,0.0009860205409002814,0.9999404936710826,0.011206263541455527,-0.010813745955936963,0.06743376828655859
3.34,0.0001335243313946328,0.0009176897778185041,1.0002349620302473,0.0025928189073769056,-0.006329752959789814,0.059976592212819084
3.36,0.00018695287142893026,0.0008130908603039687,0.9996588835313265,0.004517930736743849,-0.011930081313364918,0.039870395049891205
3.38,0.00021061602713323972,0.0006942666247306186,0.9999858016951318,-0.0068171300603447026,-0.004530327460851585,0.0039478082493359145
3.4,0.00019307961839410033,0.000558036452243762,0.9998998267355447,-0.006701707190519403,-0.008074053956284834,-0.04540245280145286
3.42,0.00015719553463261002,0.0004493118610561308,0.9999230773416289,0.005183445580297343,0.0006677938195357798,-0.08016505019631884
3.44,9.067570966861335e-05,0.0003685732910898294,0.9999770568489253,0.005056738392926481,-0.0022868496839864518,-0.10047930628601025
3.46,2.5191846135058703e-05,0.00026743102346094797,1.0000319513494418,-0.008351453122688495,0.007934771989564146,-0.10600004476507363
3.48,-5.0865977875681425e-05,0.00014803165472377844,0.9999858259023997,-0.008746164331392284,0.004846753763298197,-0.09695421001556112
3.5,-9.258122065150397e-05,5.7897155677061836e-05,0.9999268604824463,0.002871835001762927,0.0135117076974464,-0.07371374211288265
3.52,-0.00011110201005708069,1.4744324802633458e-06,1.0000322435277031,0.0023529196456267155,0.010347595300151995,-0.035872135136983695
3.54,-8.104530311176482e-05,-6.90329374657355e-05,0.9998786880071042,-0.009691351952287378,-0.0039340397971030245,0.015765502052361206
3.56,-8.802632089434045e-06,-0.00015068796136571047,0.9999205492622795,-0.00936766216130597,-0.006262659410154789,0.08186772300877077
3.58,4.772565881928303e-05,-0.00019538716508617964,0.9998737203842948,0.0044185428132450305,0.004070878547979811,0.1330928421669627
3.6,7.496259008306302e-05,-0.000203222681286438,1.0000802374427786,0.004559479058105377,0.000458706613548065,0.16901852246091081
3.62,0.00011854908127691824,-0.00022465332487018336,0.9999092608643266,-0.006458149413530762,0.008207380778537004,0.19131627613491284
3.64,0.00016739713158488915,-0.00026525851238123714,1.0001630446611318,-0.004965567993994007,0.00362794078439664,0.19851153934643193
3.66,0.00023871663528992953,-0.0002797878215403525,0.9997926587056539,0.008593689035154202,0.011237114701021803,0.19211692297256983
3.68,0.0003217906401244669,-0.0002687151155660596,1.0000856761378851,0.007915707963852943,0.004317851594800806,0.16979725151968167
3.7,0.00044593427405481144,-0.00027807299000119385,0.999704795332118,-0.004786343799475434,-0.014853618822755434,0.13417743714922545
3.72,0.0005955516848219957,-0.00031976089547869466,0.9999765604234867,-0.0033282008208155574,-0.019390909619928776,0.08272660772319373
3.74,0.000688917866741187,-0.0003513422485348453,0.9999820078877173,-0.01327474048775267,-0.01291935341167416,0.01757783602385393
3.76,0.0007056276393593846,-0.00037619829671205435,0.9999742466494822,-0.011154500259024031,0.006274247367603972,-0.048651166598412135
3.78,0.0006688865296114952,-0.000348019336555381,1.0001097348445527,0.004037282118653736,0.012467999830421307,-0.09924962280536127
3.8,0.0006585082400588475,-0.0002779549909087194,1.0001922975275468,0.00762184268883947,0.0072331950051337,-0.13544191282605658
3.82,0.0006919811107129148,-0.0002271284912079658,1.0000061674152998,0.00023299537871013565,-0.009456297984384611,-0.15772359861180515
3.84,0.0007535708356639941,-0.00021545138173728736,1.0004854774095273,0.005928092969278143,-0.013445452646618172,-0.1645005359228875
3.86,0.0007829205789486718,-0.00019947429287841772,1.0004776513549125,-0.0009304714830285716,-0.004893651113276127,-0.15745150892942825
3.88,0.0007617111503779275,-0.00019645561113625234,1.000099774567037,0.004590163411479458,-0.009221445237969339,-0.13639895265336813
3.9,0.0007201367895502338,-0.0001861065714723897,1.0001506407958483,-0.003708225707203607,0.0006367601416315283,-0.09987213276190998
3.92,0.000641439923680096,-0.00018830495589031374,1.0000883266325198,0.0007899179741673244,-0.002881939822509955,-0.04889288152409687
3.94,0.0005667230331760016,-0.00017634555731501822,1.0000097961069379,-0.007600897355845345,0.0072493538396551475,0.01659746578345967
3.96,0.000479855239676982,-0.00016710883299535947,1.000197321928535,-0.003703178615673878,0.00507497214975722,0.06713770834927969
3.98,0.00041807612040625466,-0.00013075987236590546,0.9999773770849132,0.010942025032739697,-0.0086046221836615,0.10395621263001015
4.0,0.0003782184452903295,-7.611077886327183e-05,1.0003798335707796,0.012611965102021295,-0.00966293445607545,0.12530449275668848
4.02,0.0003142579190987421,-5.979824663705241e-05,1.0001134605429345,0.003760287573178513,0.00011378141544488756,0.1337021430886567
4.04,0.00022027661546993163,-9.500955141036101e-05,0.9996811707013685,0.006654757938339523,-0.0013962197719300062,0.12802002406828902
4.06,0.00012922068036096406,-0.00014741024573188376,0.9999682814063406,-0.003488089879391214,0.009918714888326005,0.10677570836385629
4.08,3.6317178446066705e-05,-0.00022410737452829865,0.9999256910618457,-0.0022546547528514618,0.010163563001364919,0.07188476094082455
4.1,-1.9632615702470078e-05,-0.00028315772382409704,0.9998488908974336,-0.014062871625134131,-0.0031931302268703938,0.02252148723162008
4.12,-3.198031699129037e-05,-0.0003291535353911117,1.0002184624991834,-0.013094224705916513,-0.004032410353833492,-0.011706310176963202
4.14,-5.604440150297482e-05,-0.00032836575173995393,1.0000095109427998,-0.00144939657737014,0.006267403743521255,-0.03276954196185416
4.16,-9.621704956266466e-05,-0.00027293774002460947,1.0000386507814645,-0.0021245391764583375,0.004652035664100034,-0.03897217460906383
4.18,-0.00011313457355880198,-0.000212979643926729,0.9998271562009904,0.00873498299181887,0.01441053954369116,-0.03129965241538842
4.2,-0.00010962198368673317,-0.00014469129017875208,1.0000110033148286,0.007125747907059542,0.011888216752802432,-0.008662329863790416
4.22,-5.568570807933112e-05,-0.00010922688580578029,0.99984318376461,-0.005730626034671116,-0.0017547500006915497,0.02757868466194004
4.24,4.687326273069479e-05,-0.00010353866479355821,0.9998704802923339,-0.006196626529085523,-0.0034980938806812513,0.07840923477377312
4.26,0.00014190206853034618,-7.573086471910103e-05,0.9998727626909762,0.004858014174929574,-0.01726680877689386,0.11482228273060369
4.28,0.00021979378974522514,-2.2592370891117782e-05,1.0002494760585017,0.003450890791068968,-0.018767432057167535,0.13617670382507235
4.3,0.00024384494741463823,8.454197477974081e-06,0.9999458252339684,-0.00834539445703538,-0.009501652821172631,0.14451782042726183
4.32,0.00019261689654485756,1.4699464975235441e-05,0.9998741503505084,-0.007609615955907105,-0.012266693972655411,0.138145803073239
4.34,9.815096202622606e-05,4.906047090149243e-05,0.9999636016616257,0.006671822733010372,-0.0014651971242227687,0.11669397623019037
4.36,-4.508495884568925e-05,0.00010503865651817166,0.9998338796179712,0.008318463579850843,-0.0038100609964298333,0.0809775485288974
4.38,-0.00019105107613303116,0.00013245814772971397,0.9999791797347196,-0.002523352169332158,0.005889668897611338,0.03059161635960152
4.4,-0.0003482554093769447,0.00012860148839635054,0.9998386948025189,-0.0018266469960077452,0.0044862894604639336,-0.03344509008910071
4.42,-0.00048204839137980986,0.00013557838636846082,0.9997860807325298,0.0106257764620444,0.01536503950809961,-0.08277726126800913
4.44,-0.0005969391795854986,0.0001494788507409369,0.9999487861521166,0.010926678653383922,0.014172492060034096,-0.11732359821233439
4.46,-0.0006594338672314541,0.00012038909123717771,0.999814742904044,0.00027131358999795747,0.0014239593965788356,-0.13809165644859375
4.48,-0.0006679269981596972,3.857170128806211e-05,0.9999767954141465,0.002200889448778078,0.0007292459590500618,-0.143929722492621
4.5,-0.0006713482210435401,-4.489402626113356e-05,0.9999076019032426,-0.008701008371609762,0.012998665824772241,-0.13551466992964534
4.52,-0.0006730733405643917,-0.00013781291758014892,1.0000890316414683,-0.006022598599677679,0.011409625113208866,-0.11185646751436201
4.54,-0.0006236900338753318,-0.0002056921133469352,0.9999863103965861,-0.014711999517385105,-0.0012080169984018993,-0.07432752103009932
4.56,-0.0005254226298426638,-0.0002543245408432523,1.0000368834054054,-0.011057827861518207,-0.0018680621056650416,-0.022456017074570983
4.58,-0.00042764811935495716,-0.00024842625783244246,0.9998587175320613,0.005070071266884701,-0.015722172579527606,0.043616749992325794
4.6,-0.00033703975627763657,-0.0001939625680736538,1.000137390199032,0.008542738108866771,-0.01733577652596455,0.09426952459580612
4.62,-0.0003006437657784397,-0.00015964844036153868,0.9999915010196989,0.001292612344617667,-0.007661417732536053,0.13132263045900439
4.64,-0.00032708259557150365,-0.00016405477901813834,0.999742238093095,0.005967642671043058,-0.009529520736507056,0.15415016040483256
4.66,-0.0003873513385149853,-0.00017887217271383288,1.0001314613090893,-0.0019994225082786018,0.0013969744075133734,0.1614967204307487
4.68,-0.0004737753349885758,-0.000216367459569874,0.9996830651356409,0.0005992889540564467,0.002078845909293918,0.15618390285731404
4.7,-0.000555486253108477,-0.00024418098276985734,0.9997058072150847,-0.009480447416933992,0.015130168887934638,0.13563956624876425
4.72,-0.0006280715917391454,-0.00027310585223023424,1.0000287974082838,-0.007203087765598778,0.016033408526078898,0.10035514540491881
4.74,-0.0006527479177908514,-0.0002620774176161744,0.9999216324003121,0.0062138598032324315,0.006008440222263035,0.051715224974612055
4.76,-0.0006177404409804002,-0.00021668932835304343,0.9998114781996403,0.007431725463524327,0.0075646462116688755,-0.01110888759845819
4.78,-0.000557607215522108,-0.00019479448278806837,0.9997603959834129,-0.002912169577897339,-0.0031114125425475226,-0.05934262537110426
4.8,-0.00046675266510415,-0.00020382622035268843,0.9999019719807206,-0.0009754365886714629,-0.0017883309359829154,-0.09277367485665898
4.82,-0.00038679951617366903,-0.00020143794824603102,0.9998149634758875,-0.010414789036257878,-0.01192708497188841,-0.11220113959460883
4.84,-0.0003153905187067754,-0.00019334789831697768,1.0008248421531132,-0.006346018607383349,-0.008656355654027762,-0.1154701473577303
4.86,-0.00026881595846291135,-0.00015817313375268715,1.0002321796225606,-0.010815728490311151,-0.013608394802662927,-0.1080384276366022
4.88,-0.0002600702140932837,-8.795698207747733e-05,1.0005232204653234,-0.002136371109560623,-0.005455171936930615,-0.084854003631448
4.9,-0.0002896273421220231,2.0058249351571268e-05,0.9999915135533515,0.01810035566508403,-0.009345106670691584,-0.04844973269115887
4.92,-0.0003454776823205272,0.00014096213864656435,1.0005487759474432,0.023606744441691353,0.0018242265536533365,0.004610975938893694
4.94,-0.00043130882247570997,0.0002099261941636915,1.0001261622440036,0.01875385407854607,0.00286062993533552,0.06961299710582977
4.96,-0.0005092209347199749,0.00018300083736169878,0.9998441844981691,0.0022118583598086726,0.016688783136346825,0.11996274093273922
4.98,-0.0005690871013955105,7.604328131736821e-05,0.9999669409927857,-0.0017811272865692718,0.018485869256118722,0.15497068397245256
5.0,-0.0005649660113781935,-3.158319714504328e-05,0.9999675480639866,0.005503780619964219,0.008664634779051337,0.175786106924045
5.02,-0.0004932806366134425,-0.00012179608518559886,0.9998036940265433,0.0009329745984092602,0.010332055801571921,0.1826173293006483
5.04,-0.00038221079201240397,-0.00022815483538351656,0.9998744796414141,0.008456504270797888,-1.7228424991619572e-05,0.17463220116696185
5.06,-0.00023036939324797007,-0.00033063479333185996,0.9999807693649188,0.0038719006870062446,0.0013927719208584296,0.15237016334077041
5.08,-7.346610445169269e-05,-0.000462772427332688,0.9997368030901448,-0.013199552826234437,-0.010058925513227837,0.1160777281958797
5.1,9.200919574254565e-05,-0.0006108156348154935,1.0000018077267263,-0.016368286028975394,-0.007247785305222003,0.06417412574830003
5.12,0.0002151960827014954,-0.0007150235188031478,1.0000056256226528,-0.00768162051475027,-0.015652901947426377,-0.001247501224229601
5.14,0.0003056252606516248,-0.0007565668386792587,1.000032347470108,-0.010915586779092351,-0.012620488901803794,-0.08092454819721079
5.16,0.000336710122412185,-0.0007688958032748043,0.9999276816338937,-0.003253144115378934,0.0023501626906071494,-0.14623624898989018
5.18,0.00031865521062665375,-0.0007312433791269774,1.0001018857146264,-0.00817924986046536,0.00510079501373304,-0.19648907750479838
5.2,0.0003109913107524928,-0.0006829599606531066,1.0000629860180998,4.9648727852621845e-05,-0.00492926768447875,-0.23222755511290474
5.22,0.0003295832034337294,-0.0006067681816245091,1.000081602808873,-0.005017823873147167,-0.0014353229771609988,-0.2530823190593994
5.24,0.00032921152551750537,-0.0005263574090022313,1.0001209307779402,0.003173120070800012,-0.011277529880781897,-0.25912752136348177
5.26,0.00032829745704995633,-0.0004247511800934216,1.0003150537288972,-0.0021031451395753294,-0.007413018137893188,-0.2501394812531895
5.28,0.00028754340371505566,-0.00032383093386558685,0.9999899642518086,0.0035366568312546138,0.007230355510361959,-0.2277905520852125
5.3,0.00021866950862046462,-0.00020662627454844443,0.9999711651771436,-0.0033060526036960912,0.009788347557024724,-0.1907040832602452
5.32,0.00017550533916443634,-0.00011037718719579792,1.000140341132537,0.003235818094414165,-0.0015505793121102017,-0.13866459987293653
5.34,0.00016848352163681532,-9.30058433219691e-06,0.9999162253842265,-0.0025681944363739094,6.900217254650023e-05,-0.07275290301163177
5.36,0.00015311165671430337,7.909306831153019e-05,0.9999860673890796,0.004844852686273205,-0.012485132843429102,0.00815314591386325
5.38,0.00013873948793926378,0.0001772943092546819,1.0000001706949302,0.00044352143238501315,-0.013176404029701622,0.0745906672222718
5.4,7.657396576056963e-05,0.0002564153965268341,0.9999352907394954,0.008728592241642671,-0.0018306368543163517,0.14300869260319773
5.42,-3.6130206082992896e-05,0.0003299756443753937,0.999809993017237,0.003978837306532973,-0.0036204549610352804,0.19647919639445538
5.44,-0.00015111636989106474,0.000366285228864795,0.9999432966251947,0.013183857159402984,0.008274490832628188,0.23472805949040376
5.46,-0.0002766672127670019,0.0003848580744498844,0.9999983256787658,0.009315399013068753,0.0070261957116299414,0.2581605257052177
5.48,-0.00036175022562946323,0.00036383136498755364,0.9997652598227686,-0.005933578974966659,0.01738067878224951,0.26786331191560026
5.5,-0.00040427334149042055,0.00030940394412730735,1.0002451481956316,-0.008288143306270408,0.015093454050936067,0.2619371157989001
5.52,-0.0003985375783537038,0.0002877915383547361,0.9999789808872259,-0.00022956792698227197,0.0022933857384570843,0.24318491309923604
5.54,-0.00034361632596782097,0.0003133378327830575,0.9997493830843781,-0.004341076195125472,0.00109814530600433,0.2100798210010832
5.56,-0.0002796770218513626,0.00034209933012433765,0.9997750309660945,0.004023099601729368,-0.012056978986639459,0.16223555835171835
5.58,-0.00021513026567891052,0.00038831013140819525,0.9997853939689418,0.000499024450226495,-0.013659932946071275,0.10027875175821918
5.6,-0.00019515460509758966,0.0004110626594929825,0.9998332440830164,0.010015943785755007,-0.0013994228486207117,0.02381369982189466
5.62,-0.00022601684906628887,0.0004268010301022175,0.9997139103508175,0.007699967601121405,-0.0007524744108061061,-0.03845232476923779
5.64,-0.0002614759671748603,0.00040251609020937193,0.9996571106163515,-0.008341735171608808,0.012740300587921327,-0.08565139956823767
5.66,-0.0003016750324019918,0.0003433702654894374,1.0002306623180743,-0.010149515226128683,0.01167615258456961,-0.11687269950434503
5.68,-0.0003002151540701208,0.0003066944953674146,0.999988303404337,0.00023162043431482709,-0.0010881750176344792,-0.1348631986962422
5.7,-0.00024523606965743544,0.0003065632563334525,1.000013751350935,-0.0028444190005639017,0.00010760776049695626,-0.13764686303553678
5.72,-0.00019459792547687235,0.0003061098636864923,0.9999921556097175,0.00719366629736683,-0.011992968384740694,-0.12582336589123883
5.74,-0.0001419313266866025,0.0003173278758281353,1.0002147046720007,0.003680785522585327,-0.01022484489045009,-0.09878360993827257
5.76,-0.00013238637079205146,0.0003095831814377584,0.9998822135831013,0.01110903466077914,0.002142158720236784,-0.05844914695416499
5.78,-0.0001679233135095782,0.00029049065279174017,0.9999071326125664,0.005879731387293687,0.0023043870658641134,-0.0033922243006708876
5.8,-0.00019779285795376724,0.00022895437029803325,0.9997977188550662,-0.011292283806604764,-0.008736630798569896,0.06552798603171422
5.82,-0.00021756313471747116,0.000141501081392862,1.0001787747091906,-0.015619071222692554,-0.007285574959919915,0.14939439500739282
5.84,-0.0002702314781050962,9.134619346156831e-05,1.0001197067854286,-0.0067359921349287215,0.006283876236314766,0.21891614754344402
5.86,-0.00035978580840632625,9.688784986691526e-05,1.0000158307164835,0.014027946608522366,0.007239181489314179,0.2742838929241806
5.88,-0.00043006577182280097,0.00013506614792724325,1.0001029286920455,0.020772888434398347,-0.005748996948037098,0.3143446602879864
5.9,-0.0004573754481619743,0.00012721009869674858,1.0002550275087525,0.01541101171973741,-0.006573724930426222,0.34013922394075924
5.92,-0.0004814113556636117,4.614796436232271e-05,0.9998865812738179,-0.0007251913051277899,0.0039358275526464055,0.3527134945764986
5.94,-0.000509886179872572,-0.00010550075190892717,0.9998233908823659,-0.004380538848656936,0.0025015056469076856,0.350294111111013
5.96,-0.0005249586033490349,-0.00024909914460187975,0.9997261910245029,0.0050259240734932915,0.014397058208316387,0.3332263308498032
5.98,-0.0005364495958759588,-0.00037160792920669627,0.9999265820207598,0.0007711797570958994,0.012294944754511554,0.30087800276768656
6.0,-0.0004951624435074122,-0.0004941576214993386,0.9996670229622349,-0.015878767630137333,-0.002619283176499125,0.25485527504917055
6.02,-0.0004003106049142437,-0.0006035916929427575,0.999964723165474,-0.01866317183036739,-0.0032523965668843245,0.19313177900791817
6.04,-0.0003288168471823556,-0.0006605687763145082,0.9999029613057128,-0.009115747674841673,0.008993052077696762,0.11741007090797718
6.06,-0.0002852298722533831,-0.0006447607096405064,1.0000321706349826,0.012738692807923733,0.009685376892396375,0.027685722119304666
6.08,-0.00021224524917014414,-0.0005911348904953188,0.9999842429390831,0.02346775866919403,-0.0005589834281547523,-0.04771073204562256
6.1,-0.00010066988855422127,-0.0005855700116990285,0.999867954876794,0.021043364080835517,0.0022005703544111356,-0.10797000197901499
6.12,4.13749555029785e-06,-0.00067322140451476,0.9998119889989621,0.00692639817097058,-0.0076122018973354775,-0.15383751970203924
6.14,0.0001085432091034561,-0.000844476535624506,0.9997902282480309,-0.020437539939816143,-0.004866606871333599,-0.18444742224523006
6.16,0.00017410648233025645,-0.001041232858794561,1.0003637225685031,-0.03357582931696853,-0.016735043549725506,-0.1990826274924049
6.18,0.00023333118553764388,-0.0011104237583874075,1.0030874759289081,-0.03179635245491415,-0.013476071898288741,-0.19622971699898015
6.2,0.00027392582284930947,-0.001110593080241398,1.0037916057028717,-0.020931809387937837,-0.019273444360856876,-0.1857296130037619
6.22,0.00029926025173975803,-0.0010373502162892448,1.002745365586589,-0.0043047897315303,-0.01902489615070338,-0.16653033070598217
6.24,0.0002815430319928279,-0.0008952808960195778,1.0006339121100907,0.0008164216366651772,-0.007017576637886788,-0.1349193568740008
6.26,0.0001657068541801571,-0.0007131053077404581,1.000041068763555,0.020897491867113878,-0.010897928816258028,-0.0858955031412143
6.28,1.4180686483563655e-05,-0.0005303964873541812,1.000594812944319,0.026192857336602326,0.0003113590191771124,-0.02012946124673171
6.3,-0.00017368228993974898,-0.00040516129247146926,1.0001101413038536,0.02053304823163714,0.023014094035544677,0.05819549784414929
6.32,-0.00036232357152535347,-0.0003931312279539509,1.0000227794220584,0.0025112897027794226,0.03351867048511836,0.1496161625198524
6.34,-0.00045140360348498406,-0.00045993329889324467,1.0001277180505614,-0.0036815132725269355,0.03238543167560131,0.22578711596490728
6.36,-0.0004119069590201555,-0.0005170488483295794,1.0001449723416076,0.0009357231328842734,0.019468324168974666,0.2874476649493805
6.38,-0.00025845882002653055,-0.0005339267567703644,0.9999490028756113,-0.008533975521852566,-0.0062053171566658245,0.33476084282480423
6.4,-2.4515352320984417e-05,-0.0005311117758977091,1.0000903915760202,-0.004795730828318059,-0.01796308656178151,0.36643774393860135
6.42,0.00017604297615045228,-0.0005052290339769423,1.0001427185817846,-0.012701066977623443,-0.018120348869934185,0.3838973157249982
6.44,0.00030447635473978077,-0.000486989793693849,1.0001668052105956,-0.00707392783450526,-0.005063801905809483,0.3865774859232831
6.46,0.0003559894402807398,-0.0004509813349132802,0.9998335922136047,0.010079153546474246,-0.0033503002733685284,0.375900225875546
6.48,0.0003743811948898133,-0.0003941268168192625,1.0000768146566168,0.014431650589404996,0.010841191097460885,0.34992054873549655
6.5,0.000394942703889832,-0.00037699813299714403,1.0001412018085696,0.005927038486790007,0.011946530714834258,0.3093512794088813
6.52,0.00046980634124587647,-0.0003952110743117529,0.9998750122814323,0.008798971874153363,0.0021359138309368524,0.25507296099608984
6.54,0.0005981779982158114,-0.0004215716824099788,0.9997520267137845,-0.0013450851382726312,-0.02148350106024032,0.1860651632540437
6.56,0.0007443849175640783,-0.0004812848080626225,0.9998936310897585,0.0023120542656742435,-0.03088367812173386,0.10203417693831021
6.58,0.0008050796519743004,-0.000551552517141589,1.000112062841248,-0.005886946566594676,-0.02864681188220365,0.0039537300602661505
6.6,0.0007526726530578836,-0.000641958449785922,1.0001172992453071,-0.003590187554755754,-0.014832864692750095,-0.07970187353336926
6.62,0.0005916965778753132,-0.0007104158595503874,0.9999898357259078,-0.01574862414314431,0.011698353896066134,-0.1488124032980417
6.64,0.000368525553174725,-0.0007583584299120783,1.0002404669826008,-0.014658017057292035,0.024254917953358962,-0.20207337440394782
6.66,0.00019580939944195634,-0.0007562146303349242,1.0001864063902215,-0.0006758761356235723,0.024473763253801958,-0.24070505553132548
6.68,0.00012888007353702554,-0.0007165108518155086,1.000167886668167,0.0019005799709829307,0.013167819581763688,-0.2647630772081787
6.7,0.00014903008112448807,-0.0006956693885247644,0.999865430965862,-0.006330818545615196,-0.009452845715409247,-0.2748457578990943
6.72,0.00022707114916861037,-0.0006998833907881204,1.000384940247634,-0.0011346857410877635,-0.019095197288383596,-0.26929236433803605
6.74,0.0002801081791051711,-0.0006748314986439479,1.0003633994650671,-0.008352212902831602,-0.016145250930354575,-0.2500694006012999
6.76,0.0002629654111627876,-0.0006258818050018716,1.000295300239042,-0.0038936367988743224,-0.0015923734036720183,-0.21666563965807134
6.78,0.00019462643398223452,-0.0005313726179984638,1.000079028109011,-0.011272405085953561,0.0017278213896026874,-0.169321620814235
6.8,0.00012329789009190415,-0.00041936460866953153,1.0001831209137693,-0.005586478545998738,0.005374254560612134,-0.10699629344943792
6.82,6.542541210745725e-05,-0.0002672057618540851,1.0000860982225945,0.012686925065029886,-0.004438154625673568,-0.03045950995261143
6.84,3.100096127913726e-05,-9.554823028833697e-05,1.0000086456754538,0.017929771641113267,-0.0008383093229937055,0.06057563534493183
6.86,-2.170339126111678e-05,2.8339839194469775e-05,0.9998075440975531,0.009747665031494518,-0.009863648300700287,0.13653009367134716
6.88,-7.333244536286208e-05,7.76257643730366e-05,0.9998372270510079,-0.01047620083689989,-0.0057629557888987815,0.19770515231587843
6.9,-0.0001593367847086874,8.204343815163571e-05,1.0000221162086158,-0.016501053179304403,0.012245560154355314,0.24363031047822542
6.92,-0.0002755240519255194,0.0001223302674843179,1.0002113615585142,-0.010429232563375815,0.018184603149989667,0.2753745138702425
6.94,-0.00036254220515043406,0.0002323738017786961,1.0001592826909083,0.006839744904187296,0.01229405296733139,0.2933732968405841
6.96,-0.00039589439666127933,0.00039708792787425504,0.9998419115160208,0.010889324270481374,-0.0067063394527934785,0.2971197769904186
6.98,-0.000372372670976795,0.0005492929267434238,0.999739864220422,0.002508592882044159,-0.013523281542183702,0.2864053550500268
7.0,-0.00036353793660437835,0.000645073768907343,1.000267030964841,0.008332974256819312,-0.005743485407151412,0.259946942421969
7.02,-0.0003905500642987975,0.000722578386079524,0.9997959994452269,0.00395944013481662,0.01200119713497892,0.2212154128319434
7.04,-0.00043286479929074647,0.0007571764239383993,0.9999011470864232,0.012397837548796028,0.017420968074765973,0.16728101131632742
7.06,-0.00042826710902224774,0.0007871629024430852,0.9998131825004134,0.00797016988769242,0.00962899907503145,0.09904609648783069
7.08,-0.00034986087854942485,0.0007813535847614274,0.9996408437180867,0.015620022210981532,-0.009318203953058195,0.016681751498223773
7.1,-0.00022589701705287693,0.0007448449197395838,0.9999478453558902,0.010568200622875359,-0.01588606942245541,-0.08028640291876757
7.12,-0.00013500024137043314,0.000650943583178588,0.9999746287790078,-0.007662299788294645,-0.010528683075796208,-0.16237773088824353
7.14,-0.00010859873885846281,0.0005213554307664785,0.9999427131967117,-0.014904598036786013,0.006067099662730444,-0.22994826512504307
7.16,-0.00012055204006734795,0.00043067645180791065,1.000179480079866,-0.008714445265414596,0.009123122343024164,-0.28182328968128456
7.18,-9.962980431235308e-05,0.00038644982335579324,1.000028137181347,0.010343318037355513,0.00011875589794311994,-0.3194375085194825
7.2,-3.3701011246605136e-05,0.00036573789532101035,0.9999814746356295,0.0160329105646696,0.004905558475330581,-0.3420579598087178
7.22,1.887616630176482e-05,0.0003032329825693161,1.0002561589871914,0.009414354967184077,-0.0027526217367798496,-0.349901648528558
7.24,6.877641618159821e-05,0.00018248668581995382,1.0000905363365324,-0.009610358180683391,0.001942496048783728,-0.3436318162553612
7.26,9.625346298007043e-05,3.141817138148679e-05,0.9998553746088866,-0.015607012513894276,-0.006773426880343461,-0.32278091629890737
7.28,0.00014496805572374844,-8.430618781045542e-05,0.9998962681963395,-0.009186908926404273,-0.0032758144168451536,-0.2873353782751692
7.3,0.00018783213195598222,-0.0001330427293169695,0.999963444730135,-0.014924698722017278,-0.011182804129582549,-0.23745058990748327
7.32,0.0002284774269199735,-0.00014219090594881222,1.000171507542132,-0.008435069970313154,-0.007172377228239339,-0.17330783619076662
7.34,0.00024289777870165858,-9.032692508563307e-05,1.0000189181884982,0.009663200861400743,0.007634898322876003,-0.09575077716721271
7.36,0.00023448839277350736,3.195040915878703e-07,1.0000135421951382,0.01552094726079099,0.010437212073494285,-0.0038647292748369903
7.38,0.00025145559722778576,5.156454169585788e-05,0.9998882272014993,0.009284918074553136,0.0018310215860266117,0.10155351782641334
7.4,0.0003091752623899834,4.163097554712529e-05,0.9997713238944261,-0.011373582162836404,-0.01887271530728775,0.19180704012666588
7.42,0.0003791363854486106,-8.55176153712559e-06,1.0001819683922222,-0.018135640003383805,-0.024851464213719907,0.2660693512801718
7.44,0.0003771777226515579,-3.2412585936893095e-05,1.0001443260566674,-0.01186653122654722,-0.018545345661849292,0.32597627186059513
7.46,0.00026755738921541996,-1.518113579192212e-05,0.99993119317942,0.008197764138130906,6.1364660443531e-06,0.371303436292593
7.48,6.834508984860654e-05,2.429560929753162e-05,0.9999944831924383,0.014932439176961427,0.004371355343486701,0.4013750723400792
7.5,-0.00011944839501744063,3.4891109009246076e-05,0.9999152589023095,0.010248755308924263,0.020396628022007618,0.41741933791559294
7.52,-0.00026707353158261955,-3.3902416200471712e-06,0.9999752637353114,-0.007878749446981439,0.023157057956936837,0.418063898989927
7.54,-0.0003143564769998027,-4.6479896084205576e-05,1.0005102375468125,-0.013664079860813477,0.013644542692198634,0.40351984286218306
7.56,-0.00030613254194492365,-3.826879121137086e-05,1.0002120155383842,-0.007985215870444448,0.016023974350721254,0.37574733505418423
7.58,-0.0002692258548929548,4.153255733904857e-05,0.9999879355711976,0.009633047624215152,0.006593622134044997,0.3336782602935612
7.6,-0.00018611992567293576,0.0001726455092249686,0.9997040037472863,0.014339380999833404,-0.016191987013480513,0.2770686203184004
7.62,-6.271346688289172e-05,0.0002737899662865285,0.9998015421813337,0.006625202000465344,-0.02670128082046471,0.20594406466940057
7.64,1.6394396813826216e-05,0.00030572570242644147,0.9997720333036165,0.011943966738557719,-0.023479028151136512,0.12069339630704962
7.66,-5.212365192315326e-06,0.0002891167117556403,0.9998830308257189,0.004841059214098408,-0.008414819323609112,0.02130754901578024
7.68,-0.00010582948479628751,0.00021945417634605346,0.999686803312997,-0.014531569571135024,0.01717568816647927,-0.09158001074871751
7.7,-0.0002443712785646858,0.00012689121824063695,1.0001442943514984,-0.02017028082763627,0.027862790996898684,-0.18801257340680672
7.72,-0.00032054847593898086,7.797541189963629e-05,1.0000582656785713,-0.013069019095054289,0.026510265394077942,-0.27004033423970225
7.74,-0.0002759814942491006,8.572400523236453e-05,0.9999264548377939,0.00811300736101541,0.01292869358830492,-0.33695666195112894
7.76,-0.0001106926690088556,0.00011644564594047996,1.0000325916215724,0.018137320669950958,-0.012228534443746929,-0.3889677945359692
7.78,0.00010008444205053413,8.995911053885846e-05,1.0010109753913239,0.0140632878718865,-0.022818695036462285,-0.4242538787868371
7.8,0.0002542315434863739,2.5804455471166627e-05,1.0011711679004194,-0.0020110320393021052,-0.021925526696001164,-0.44603626520715767
7.82,0.00030932329337059433,-5.1044791639541756e-05,1.001131789797508,-0.006954417832268777,-0.009892338005556339,-0.4537798818576835
7.84,0.0003020904917733234,-9.071020407382749e-05,1.000464935603365,-4.309215524009131e-05,-0.010137687666046112,-0.44788765347857384
7.86,0.00026877071183855174,-8.305958105198995e-05,1.000344532055892,-0.007272113500191921,0.004000950272717879,-0.426399975002981
7.88,0.00019966540219951097,-5.802123053237831e-05,1.0002312784959997,-0.0014596200883450832,0.004653890350295543,-0.39009726094380276
7.9,0.00015543800293682072,-1.4466723245856535e-05,0.9999304940267894,-0.007353634836854019,-0.005883780012478808,-0.3398417720616062
7.92,0.0001324618889572201,2.7219568077172472e-05,1.0000758358159183,-0.0004910002060143309,-0.004171811930182141,-0.2747111219346822
7.94,9.83525268558494e-05,0.00010091056152926603,0.9999030490900395,-0.005912958847908441,0.010716942105528792,-0.19578667657472762
7.96,4.765628128322049e-05,0.0001814077755530241,1.0000900308894245,0.0023302470294526466,0.011239828858998744,-0.10165447816488458
7.98,3.8951265086030824e-05,0.00027520394868177584,0.999953735825399,0.02275345278703431,-0.001994873817072907,0.006061639264133163
8.0,7.419646412812832e-05,0.00035503777485544814,0.9999121720007222,0.030776421384148007,-0.003599092362252841,0.098843431765917
8.02,0.0001023248798054229,0.000347889323772287,0.9997680126369005,0.027482304805186306,0.006866533770558314,0.17737653997831423
8.04,0.00012821013438064956,0.00021412253847479792,0.9997897720566585,0.010635721826663492,0.004735042926860778,0.24005372415018325
8.06,0.00019840910306187216,-1.8241859102342492e-05,0.9997103534217276,-0.01972335515191271,-0.00930811350522923,0.2879221350514731
8.08,0.00030119052709648474,-0.0002925693857653515,1.0002899537434617,-0.03581996623396363,-0.008382766080245347,0.3198198450481384
8.1,0.00034077447482255195,-0.0004959778617627497,1.0012936267712373,-0.03765979666417688,0.006303376423484216,0.3357723567199372
8.12,0.0003286658334541972,-0.0006148830412695507,1.0010635827979455,-0.029686811373538676,0.010917986715159866,0.3403591692354782
8.14,0.0002932439234983099,-0.0005978303219514683,1.0005221473421597,-0.010460890130624493,0.0037616974661008906,0.3316114978773236
8.16,0.00025936277645812573,-0.00045438661778369425,1.0000564392283162,-0.0034416568702114185,0.00801654846463052,0.3081701385287512
8.18,0.00022613539159049766,-0.00026494707595646716,0.9998194590253446,0.015859667846655705,0.0002545722159645475,0.2701239280095043
8.2,0.0002194348752016924,-5.27130207029827e-05,0.999680782720832,0.0228630331616936,0.004392287904650657,0.2177212218665061
8.22,0.0002309035213580319,9.762006199947424e-05,0.9996785594362788,0.016650606281566317,-0.005038293019138455,0.15024989925891563
8.24,0.0002793659407888997,0.00016210720056979646,0.9997661725460654,-0.001827161783411426,-0.002856889061167502,0.06889160249723109
8.26,0.0003180665923901051,0.00015927924155035252,0.9998400715060971,-0.007965016706109707,-0.012270613953703914,-0.026512312632607643
8.28,0.00034465334524166067,0.00016305619503189078,1.0000541349822898,-0.002161934923224452,-0.009345954331418384,-0.10699938106921118
8.3,0.00032909761569511857,0.00019578812159487346,0.9998418752701538,0.014047825032232205,0.005340605418462007,-0.17357863404913237
8.32,0.0002742712134372164,0.00024213929940919787,1.000044787054585,0.017465359566113687,0.0077200785678784726,-0.22491806075528192
8.34,0.0002297099981571054,0.00023522072266746001,0.9999340056618039,0.009821073416220724,-0.001507067687698413,-0.2625493712900277
8.36,0.00019932760779125004,0.00015525771124995364,0.9997994166719373,-0.010915247885614762,0.0019986591571045102,-0.2851278108556348
8.38,0.00015083030404208894,3.416702762214895e-05,1.0002746896631125,-0.01739062870948124,-0.00906422520078368,-0.2918396608662973
8.4,0.0001249318492098236,-4.19950461523426e-05,1.0013519405803155,-0.011005562692647434,-0.007301319244144322,-0.28337789591108686
8.42,9.132695167993635e-05,-7.759999420037039e-05,1.0006101039455229,-0.01452596701171823,0.004629139782836406,-0.2642828213053689
8.44,4.026243933024608e-05,-5.711039002573999e-05,1.0003953748207188,-0.004196367905891617,0.002399704442838512,-0.22928996063177332
8.46,1.949163107181242e-05,1.0274383022654192e-05,0.9999219252378668,-0.006059612658703419,0.004628176957363084,-0.18032143258586306
8.48,1.3711234599447695e-05,9.371704030036362e-05,1.0000790959364971,0.005969867014498888,-0.007764360315682258,-0.1156152134166408
8.5,2.8265789372120892e-05,0.00019558961503768826,0.9999208261364693,0.005425778111015529,-0.0071074646197771384,-0.03698629681576208
8.52,9.685123522344286e-06,0.0002775305402941569,0.9997853062182185,0.017122401040897205,0.004786677155394045,0.05581511612102975
8.54,-3.902999826814085e-05,0.00033810643178089095,0.999858053344835,0.016307314624583742,0.004634710312340107,0.16274899906254012
8.56,-6.578812023699194e-05,0.0003343061471132035,0.9998328021641965,0.0016588510089234954,-0.007746884703707445,0.25444220246591864
8.58,-6.334499433327591e-05,0.00026846817614862835,0.9999313021690092,0.0005052745306092204,-0.0062294595704567,0.3309062687367965
8.6,-8.801334577883274e-05,0.00018906932961814088,0.9999387175862656,-0.01175599320114022,0.007346671158095729,0.39285686085168053
8.62,-0.00013549930868604686,9.975840625595973e-05,1.0000135190710313,-0.011868352630534661,0.00903465802141022,0.4402484063967459
8.64,-0.00017383055775490415,6.504391495704652e-05,1.000155786141866,-0.0003475448701439477,-0.001542477104966479,0.47317067763639925
8.66,-0.0002004822157895703,8.490840463683708e-05,1.0001173945163893,-0.0005380014735562502,-0.0008274183301605767,0.49199166151901674
8.68,-0.00023265712141485435,0.0001033319980477058,0.9997796972968837,0.01212328494612716,0.012645732914900926,0.4967043423386866
8.7,-0.0002690172597318063,0.00012209746930054758,0.99980466963372,0.011039228179302545,0.012128756323015773,0.48592689569598685
8.72,-0.00024426739950984377,0.00012409823642579838,0.999524717734078,-0.002850369299157664,-0.0011687230725391147,0.46095818826521345
8.74,-0.00014937005583694137,0.00010799286137961695,0.9997431860824049,-0.0030021276640692313,-8.207609748873996e-05,0.42046148286200224
8.76,-6.283916379340286e-05,9.918166324705691e-05,0.9996229180009925,0.00838203668028309,-0.009962834636151751,0.36639012014072714
8.78,1.8315948138966932e-05,0.00010142406237345918,0.9996632349746042,0.007508414781588531,-0.007954035663821994,0.29791339193119615
8.8,7.516420382872008e-05,5.9807722845042284e-05,0.9996321238540988,-0.0054635480670633,0.005362031287689423,0.21551582534352734
8.82,0.00010913314267907079,-2.200115295610625e-05,0.9999096490416696,-0.0058938603251992,0.006611761914753396,0.11856798528084123
8.84,0.00015787983905436186,-8.015486067275188e-05,0.9999049598335656,0.005530012630787159,-0.002965502231349778,0.008334016266009974
8.86,0.00022925565762764517,-0.00011263243826972406,0.9998431566108222,0.004860643404698347,-0.001090160507698507,-0.1155331020312716
8.88,0.00028881453562447563,-0.00016745890712026505,0.9998895851566452,-0.007264347321531358,-0.01193227578395005,-0.22419891614306128
8.9,0.0003415946641057523,-0.0002415039833972677,1.0001121419442485,-0.0072728213075108,-0.010697556346914446,-0.317699408334015
8.92,0.0003589278219975355,-0.0002810844146110267,0.9999482280872437,0.0032209116121678567,0.0022374648235275233,-0.3971988625482841
8.94,0.0003424546373863045,-0.0002767305196967521,1.000147091857624,0.0010680436824486734,0.002831469072268433,-0.4614208505451755
8.96,0.0003289521001381739,-0.00028625931604600385,1.0000442047962623,-0.012069494721054154,-0.00826122408462066,-0.5116559349885732
8.98,0.0003237491951034919,-0.0003047015487668302,1.000045378458327,-0.01311526207088081,-0.007462080182042311,-0.5473132686314989
9.0,0.0003136894598059927,-0.0002683733504967615,0.9998847511172867,-0.002886176772569361,0.005135993968537598,-0.5689621511198512
9.02,0.0003056187427029563,-0.00016619048322173775,1.0001721411143603,-0.005376717071314533,0.005480436781731631,-0.5753826970352266
9.04,0.00031855474313475965,-6.528863847532662e-05,1.0001096086461008,0.004866017802674373,-0.00690036032807567,-0.5677420014970618
9.06,0.00036106486076390544,4.154355961921572e-05,1.0000592052582604,0.0019910596507362313,-0.005763220575181769,-0.5453386042734557
9.08,0.0003711262489433883,0.00014678264177334942,0.9999318870103427,0.010906896209915442,0.006787229558393061,-0.5087096144878209
9.1,0.00035758479905761785,0.00025703243254209955,0.9998434337268305,0.007756750831922484,0.007598350008362341,-0.4578937058741075
9.12,0.00034648567347143915,0.00031648878145360524,0.9997864192040928,-0.007517173987681947,-0.003148837365263995,-0.39291259107298954
9.14,0.0003494717181729701,0.000333015446179742,0.9999658741491957,-0.01029700571388344,-0.001885040736811351,-0.3133894269672665
9.16,0.000352340361685912,0.00038010651611396294,0.9999769871834587,-0.0006307683503721347,-0.014009925469173413,-0.21970486390470656
9.18,0.00036055156629122596,0.0004673130123013273,0.9999375418606282,0.020825955523790997,-0.015203924920006965,-0.11248614002305912
9.2,0.0003121888405056116,0.0005697825104128126,1.0001569830167778,0.028971997655132038,-0.002744642441896074,0.009538316978376725
9.22,0.00020517581417127943,0.0006082802408774157,0.9998200594088118,0.0256867024224648,-0.001057638990670283,0.14380444902575182
9.24,8.801727407919069e-05,0.0005264930120896894,0.9997093607291822,0.011017436369250674,0.014089207329620329,0.26270294154040014
9.26,-1.8248737159534795e-05,0.00033996208497472666,0.9997762840588966,-0.017001842954702213,0.017374566824236323,0.36529182192965515
9.28,-4.776752048009054e-05,0.00012108096817855558,1.0005782432417132,-0.03248930828284971,0.008591237142031239,0.4517982277157018
9.3,-4.349578162578141e-05,-2.4162560775619723e-05,1.0007846256887116,-0.03800250878113625,-0.010949926675033852,0.5250764218915388
9.32,-6.152967467621325e-05,-5.5396938340321625e-05,1.000522966346361,-0.03134729884415873,-0.018518031960299806,0.5836859817555803
9.34,-0.00017907456900809513,9.000281283372322e-06,0.9998293167877217,-0.011908594043513052,-0.014470273304406612,0.6276869155182793
9.36,-0.0004329293772079089,0.0001398595863614896,0.9993828602033934,0.021686851046257824,0.002164442964124919,0.6563775616328943
9.38,-0.0007818749829051892,0.0002764265570062988,1.0001109289674142,0.04066000009285866,0.005601574892638228,0.6684135338596356
9.4,-0.0010532468068041759,0.00033088683935187285,1.002087412964954,0.045907545018994515,0.022894767698767096,0.6643973029016332
9.42,-0.0012412347162273967,0.0003053902202219356,1.0029502446496985,0.03978563861997059,0.029244065527995633,0.6473148804812487
9.44,-0.0013226324318028897,0.00022927467528361937,1.0021880955104145,0.02314878569510765,0.025577539700552043,0.6184820339159727
9.46,-0.0012675253621600227,0.00011251623287176482,1.0003880189571779,-0.005071901384104681,0.010458302513766506,0.5769692211229148
9.48,-0.00102817403729681,-2.584927723834978e-05,1.000046773833594,-0.01843816197344686,0.011112356138408398,0.5185873327488659
9.5,-0.0007638793434310805,-0.0001223784291475384,0.9999764871089514,-0.019236015120561466,-0.00044802215117894595,0.4457219229525504
9.52,-0.0004978314525911852,-0.00013596992349836982,0.9998357337053554,-0.007555187619056342,-0.023429290464656544,0.3589755774151262
9.54,-0.000264868129025854,-8.46845605379924e-05,0.9995539106539734,0.017417488987409507,-0.0323601742657702,0.25749331179862744
9.56,-0.0001421325405251525,-3.8616968238800006e-05,0.9998263331110399,0.02958575906697215,-0.028117784846322567,0.1411995474052951
9.58,-0.00012136277460564149,-8.77472263397877e-05,0.9999701769564794,0.02932175680572822,-0.011933118319041433,0.011779119919008315
9.6,-0.00018609670215263298,-0.0002569500029353396,0.9998041783124463,0.016081807884477432,0.015186293692352793,-0.13045121265790086
9.62,-0.0002990505099210235,-0.0005487894414106772,0.9998842601827644,-0.010417434875422496,0.02775062117797863,-0.25785498939503876
9.64,-0.0003578420265693683,-0.0009151374857296256,1.000214434277427,-0.04860139449979821,0.025471784178673205,-0.37003844121363777
9.66,-0.0002928964309251183,-0.0012686104804126032,1.0008175101628,-0.07140870340976471,0.008340982781069027,-0.4658381614526362
9.68,-7.661268640483094e-05,-0.0014894408546132218,1.001161394401253,-0.07942693935811172,-0.02128619051148914,-0.5460381261113707
9.7,0.00027784870404009654,-0.0014997982943180306,1.001080310520642,-0.07536776247989223,-0.038607882097000064,-0.613401845170847
9.72,0.0007109247702297046,-0.0012405692050663593,1.0004877224478368,-0.06033040070247892,-0.04341629446959528,-0.6682388817962979
9.74,0.001186655647079348,-0.000678214473576565,0.9995856883684583,-0.034656421467412324,-0.03527125186160798,-0.7098893222691106
9.76,0.0016785935748359305,0.00025108197078635896,0.9997045363011301,0.0032317442354378445,-0.012184403889533174,-0.7353399153005825
9.78,0.002154767944442228,0.0013619003328815315,0.9996004676490926,0.02885698933379664,0.0002663468995513966,-0.7461787753747311
9.8,0.0025745041163662053,0.002500668554950602,1.000577489733979,0.040710052320489014,-0.0005993188729194625,-0.7409233305937449
9.82,0.002925226562753621,0.0035628067235483384,1.0011725883836162,0.0412765016094818,-0.012927876477179495,-0.722471665731112
9.84,0.0031631715848100587,0.004504659508478942,1.0018735738711873,0.05386376311566648,-0.014069603971947455,-0.6891674444707921
9.86,0.00329948661178143,0.005384227242589486,1.0013945134960407,0.05624914266517511,-0.025353949138140344,-0.6444752320490362
9.88,0.0032326174829654932,0.006116119228302968,1.0014937659988907,0.04427385111968133,-0.022858913461557363,-0.5833017842566984
9.9,0.002968411273853003,0.006738724671445122,1.0013207515401172,0.043624001971617685,-0.009820381520889957,-0.5079775700322673
9.92,0.0025991893501028846,0.00730178655378861,0.9996476150067934,0.05241919839059036,0.011454871104240724,-0.4212125682750747
9.94,0.002069968995652036,0.007684945352852058,0.9994332316586066,0.04682498307034104,0.018396582881234157,-0.3187969950052522
9.96,0.0015008251775222412,0.00787489347312374,0.9989684251529583,0.029261528137058943,0.014033324255110117,-0.20373586050441114
9.98,0.0009454625067068323,0.007824216490709577,0.9993673055494076,0.025389083608060362,0.021905969732043284,-0.07294271282120397
10.0,0.0004147966337190778,0.007675944699884559,0.9989447589294098,0.0328477195617951,0.02421095007379563,0.06999086663611283
10.02,-2.1302892412692525e-05,0.007401054844569754,0.9993089004480641,0.024430031438944937,0.012735995866466517,0.19542358006068225
10.04,-0.0003498391219431971,0.007000385244275879,0.9998050255750507,0.019467815677917815,0.014952189017046565,0.3057145845759422
