0.02,0.4,0.8,0.4987542025506625,0.009652283868593273,0.009539002640323504,0.011805529650201228
0.04,0.4,0.8,0.5009852486835502,0.03592804498863174,0.0025441376676688028,0.004447847584044231
0.06,0.4000326942568903,0.7999676879679933,0.5026814099294875,0.07305778047167796,-0.01501353109213646,-0.016854097276362303
0.08,0.40007389185079517,0.799822030344996,0.5036113303983422,0.09989975802235604,-0.043099946663597136,-0.02641185325029451
0.1,0.4000197439899136,0.799248620515038,0.5064871594759692,0.11050307190674646,-0.05617424982035558,-0.016772036464551297
0.12,0.3996472927571751,0.7979859467601295,0.5123971966620323,0.10278628828466126,-0.05351711431084762,0.014308551060248215
0.14,0.3988482845920909,0.7959148488664062,0.5217308810237713,0.07617308408669557,-0.03449171670004043,0.06697273727080456
0.16,0.39779771996541846,0.7933417604433123,0.531981424861363,0.0380257717323098,0.00020070244177130612,0.10356787974311338
0.18,0.3966645826527793,0.7905472705310534,0.5411598103791846,-0.01050849056974352,0.025064487132342887,0.1251931191747376
0.2,0.39555294613061015,0.7875716408540538,0.5512845581498917,-0.04543852474399594,0.037682058505256785,0.12989687536976727
0.22,0.39453422458907317,0.7846523476874454,0.561362744126677,-0.06882174682520616,0.03854437796770338,0.1204667150068583
0.24,0.3936710701816762,0.7819816787138009,0.5724095655482457,-0.07926726885787082,0.025482765226501645,0.09578998855306936
0.26,0.39305365512302654,0.7799107582173123,0.587679304074873,-0.0723506107926056,-0.006048661105492557,0.05329050647728879
0.28,0.3925193908944796,0.7782202391879484,0.6036370310501767,-0.05185495290172629,-0.051138043514074465,-0.004429233942207533
0.3,0.3919368270212857,0.7768892703876165,0.6206079599948288,-0.016099735007181936,-0.10947041707581,-0.07917666685104498
0.32,0.39099820516145856,0.7759259057941,0.6406387951308731,0.036367107007276515,-0.14864580777070088,-0.13784297837098575
0.34,0.3897942072320647,0.7750253082477344,0.6591821496231979,0.0976863501685026,-0.17646496352125876,-0.18721698448727886
0.36,0.38827684268949797,0.7740935005691033,0.6758319981093256,0.16264195193665448,-0.19851308350150718,-0.23012662110770363
0.38,0.3863227571956124,0.7730166598834363,0.6908031455921323,0.21521424548165818,-0.21011264898871176,-0.26117377767512856
0.4,0.38383976069070114,0.771675364375027,0.7041049179068866,0.2546973397270892,-0.21263141472862274,-0.27902016117449213
0.42,0.38082174628904264,0.7700075050838596,0.7155100237752917,0.2813672174614078,-0.20751254418127252,-0.28355583467042106
0.44,0.37722774220753424,0.76793597319721,0.7250447871196043,0.29506925840264464,-0.19538621995141564,-0.2743450357724408
0.46,0.3726926880151045,0.7651210651314188,0.7339678736468731,0.2927302853312271,-0.17484803242326502,-0.24788669649996534
0.48,0.3671463851958933,0.7614032810005422,0.7426648416240109,0.2740134732670893,-0.145260208746015,-0.20390058229302466
0.5,0.36095283082451474,0.7570173595272899,0.7500863470990241,0.24218695739410828,-0.10724293837404943,-0.14624793825767216
0.52,0.3540452847492929,0.7517435000711772,0.7571725807772398,0.19624334747893896,-0.058658519514080895,-0.07410294620576877
0.54,0.34646961448094793,0.7453849907317951,0.7650719390704867,0.13615527620670828,-0.024379250680586016,0.007214877203977575
0.56,0.33850739187166495,0.7379842915405023,0.774448932407863,0.06284411148822956,0.0005097235458564399,0.06560427644261205
0.58,0.3304410227514266,0.7299187386199847,0.784812466097255,0.00621672990146759,0.04396855813926472,0.10699437397034771
0.6,0.3224167039092811,0.7214498581799188,0.7978500524838076,-0.033998571578985066,0.07378387967693831,0.12758595184781168
0.62,0.31467339722735377,0.7129846623401115,0.8130047840049807,-0.05978489869131609,0.08916414572609309,0.12984403201610367
0.64,0.30726530463434676,0.7047352014617084,0.8289004523330195,-0.07354580280923705,0.09113901084117544,0.11682518762202082
0.66,0.30012875509370784,0.6967274281628988,0.844064652762293,-0.07759139129648734,0.08175246412415688,0.0915566911210764
0.68,0.2932247010585534,0.6889588563894666,0.8579816956897024,-0.07263069468841904,0.061911482981978766,0.05517942572525986
0.7,0.28649924444403674,0.6813943849781338,0.8702179140720282,-0.06028622288575537,0.033881413358726735,0.00915223123526682
0.72,0.2799700638685001,0.6740865008855977,0.88174111870421,-0.03426493811118365,-0.00473283825518179,-0.023325290390601848
0.74,0.2736081395033856,0.6670767011627273,0.8940696184710851,0.005704002901512775,-0.028704929607168896,-0.04192256656661568
0.76,0.26724323341714795,0.6601820219357141,0.9055191990838728,0.05743932114698783,-0.06346610260721257,-0.05226733715214495
0.78,0.26074777268585947,0.6532752622781646,0.9178524445301564,0.12204452011297287,-0.08472231496942388,-0.04821909087300935
0.8,0.2540408073849816,0.6461982785646186,0.9295688445726296,0.17334961181233294,-0.09434968610243387,-0.030248848288577813
0.82,0.24693277412677675,0.6385936524941517,0.9418718892611616,0.20875445049292346,-0.09181056282718189,0.005559416964047575
0.84,0.23945151389791058,0.6303361512997795,0.9540756850418876,0.2292234759853759,-0.07884680824286973,0.058555865350602906
0.86,0.2316460045788453,0.621304279393794,0.9660295890130814,0.2385487147775609,-0.06985234656138878,0.09588184729309504
0.88,0.22360337583354797,0.6113767760912094,0.9778606155171237,0.23600526622570855,-0.07050844444906396,0.11558178888582812
0.9,0.21537921919895425,0.6004218382307426,0.9899339352194959,0.22199726016026572,-0.05549193730418202,0.12339762538654843
0.92,0.20708551247848353,0.5890034250856814,1.000008186549679,0.19931343276478333,-0.04742606751954682,0.11862673454356765
0.94,0.19872877829629745,0.5769634660952685,1.008909696784985,0.16611491061632955,-0.04787979740527109,0.09909682786445181
0.96,0.1902756559720753,0.5639731214875109,1.0185688168996652,0.12012256946133715,-0.03272923888159849,0.06633753704030201
0.98,0.18168729756617133,0.5501836166570794,1.0290614181646383,0.060341358573239266,-0.03036635033730727,0.014995677655384182
1.0,0.1730018418553802,0.5358656380939627,1.040102375151842,0.014082146755999258,-0.03963390965821703,-0.052436007363562645
1.02,0.16424939868553146,0.5214034128548571,1.0499513380069538,-0.02257822325639214,-0.040948674731117574,-0.10706277320190932
1.04,0.15537375032802625,0.5069233158397637,1.059262344213749,-0.048861853281631874,-0.0322075188001817,-0.14828042314463885
1.06,0.14635416069443324,0.4925766647403913,1.0687595238710004,-0.06386192327656917,-0.011417736467887083,-0.17527219427666058
1.08,0.13724894203029883,0.47846805274301524,1.078374729270149,-0.06602492891267357,-0.0035532553696684217,-0.18647971215756434
1.1,0.1281576635525225,0.46465975716824587,1.0883357616201925,-0.05458943353594694,-0.008596569344872376,-0.18136352747464976
1.12,0.11913241551177552,0.45126049398965945,1.1002624309963107,-0.0272573710427664,-0.02878428956460343,-0.15759307668562783
1.14,0.11012804811703032,0.4381358201178967,1.1128269545592668,-0.01334365831197348,-0.0608829422807185,-0.1181470752291735
1.16,0.10103885631528259,0.425161648490107,1.1255635267673874,-0.013601925588809528,-0.07868063601220814,-0.06389408108577348
1.18,0.09171288108595005,0.4122956694144745,1.1386244054146824,-0.028506908356266285,-0.08167406053585612,0.005630899999039734
1.2,0.08212179136075769,0.399517744301016,1.151345731787971,-0.032406937323093646,-0.07278058563283137,0.08649907129899348
1.22,0.07229874363488135,0.38684541264377037,1.1631437798437991,-0.0226860850465545,-0.05270564864924311,0.15369822649944395
1.24,0.062268440650583456,0.37427038642271754,1.1739579402736595,-0.0016523315844006552,-0.043792090989034894,0.20882269216936045
1.26,0.0521073820800272,0.36175305927101314,1.1834704425635074,0.029434844235058127,-0.045421658263210124,0.25234981403192164
1.28,0.041864358135627784,0.34923823698664913,1.1913092699160328,0.053507739310531946,-0.040129630309690814,0.2858695335642587
1.3,0.031529109063597655,0.3366251287155708,1.1981567151448034,0.068140215158748,-0.02467062788088281,0.30746013350864
1.32,0.02113290629931901,0.3238258593605525,1.2043436060066723,0.07277425705027935,0.002024484232659815,0.3166523999928448
1.34,0.010744749985427855,0.3108531310135642,1.209258116191827,0.0682745781956768,0.038986974347536854,0.3145974124690567
1.36,0.0004200291874878453,0.2977661749178579,1.2121914275706454,0.054331792023366056,0.06703839684376847,0.30255681878202495
1.38,-0.009774957464169218,0.2845944059208417,1.213165203477002,0.030387362086329847,0.08597595351018322,0.27989325183890323
1.4,-0.01980173693778353,0.2713808669348519,1.2121252554576039,-0.00346607004965173,0.09557206847364705,0.24863779721418486
1.42,-0.02963956309554091,0.2581761572211298,1.2090763312822739,-0.04720704717572135,0.09533009149527509,0.2092733209475413
1.44,-0.039274156950425104,0.2450461506506099,1.2041624375064193,-0.08744817698960806,0.09032030355685165,0.16249556683906946
1.46,-0.04870619529178049,0.23208474784451497,1.1975861134082808,-0.11849252955595035,0.09427852733198656,0.10387090701971857
1.48,-0.057938972705082095,0.2193929216842864,1.1895643167515084,-0.1405978886220312,0.08731611808166581,0.03502748576432956
1.5,-0.06666253448577884,0.20750118432104775,1.18370093509865,-0.14773832991594998,0.07479640728329323,-0.05113159844340782
1.52,-0.07491106203368265,0.19643961304645324,1.1795315866774525,-0.13846176644235275,0.07395384725425048,-0.1209726218343066
1.54,-0.08287497026787125,0.18587446342372455,1.1747616479807208,-0.11527985667883091,0.0634944728196033,-0.17517884666019085
1.56,-0.09043624370325022,0.17588606727499567,1.1704115951444112,-0.07645673479869798,0.04215264831867974,-0.21235380453505642
1.58,-0.097341720112498,0.1667152831419007,1.1699433979296756,-0.05304993060213663,0.006839515363097546,-0.22799036942646306
1.6,-0.10377090334765707,0.1580943043033693,1.173703442476777,-0.011220326976860281,-0.00935519547104513,-0.22685117346370776
1.62,-0.1100908370424035,0.14975617102808553,1.1789595466249503,0.016501336739032868,-0.0384802804090927,-0.20891954711217278
1.64,-0.1164326194230482,0.14148768084852292,1.1848194141201556,0.029834312365678222,-0.05308241136245822,-0.1754268818425908
1.66,-0.12285562885986868,0.1332119937429491,1.1889260131665738,0.03262325990992135,-0.057675219481807934,-0.13076969277653053
1.68,-0.1293797227098818,0.12490842978166032,1.1910040296458584,0.027769234706843993,-0.05495437020258744,-0.07876735670988133
1.7,-0.13601123076594476,0.1165683856832924,1.1910363263625192,0.013658891608134396,-0.04280529118804514,-0.02015228845926348
1.72,-0.14274234075502434,0.10819435572652335,1.1890377141214021,0.0006983604714055254,-0.029298381862347372,0.04381633063707523
1.74,-0.14954546247570263,0.09980681327688219,1.1849856630976665,-0.002213527674582241,-0.006524681928521609,0.10139778690102347
1.76,-0.15639399741926271,0.09142619242396022,1.178864817663183,-0.004688705513654686,0.01658681416682758,0.1535285051485246
1.78,-0.16324614884107103,0.08305931438055167,1.1706935446673015,-0.007139820401693757,0.04023909557929462,0.20009081205424972
1.8,-0.17005857108756336,0.07471763321245922,1.160560940247576,-0.011195382007840373,0.06589357664437279,0.2400767729552607
1.82,-0.17676354860272495,0.06642620574865783,1.1490979423428698,-0.024540541947928436,0.10098035643327,0.26794961407773127
1.84,-0.18320637939451784,0.05825593360739313,1.1378431205622233,-0.0521406048791109,0.12246188257141584,0.28000279647464277
1.86,-0.18930859435449582,0.05028124501876046,1.126320094503077,-0.06957641105647049,0.13239712747199947,0.27829823344494137
1.88,-0.19505279405333079,0.042602536895220325,1.1142609695132606,-0.07753573026517133,0.13078890813442196,0.2638291727074179
1.9,-0.20012596422876278,0.03556984262374191,1.1043951631491211,-0.0724445217312453,0.11307480766893963,0.2323616792631491
1.92,-0.20430695674243282,0.029460166149599707,1.0989323795124117,-0.06710542697407945,0.09257214677157553,0.18931602557488375
1.94,-0.2077661569308293,0.024101597481847273,1.0972080304238763,-0.076169661119986,0.05684024171137246,0.1299380050459808
1.96,-0.21097894548738497,0.019007802923341206,1.094658524505807,-0.07383533526437175,0.032139681549079785,0.056759794701826495
1.98,-0.21408586354204223,0.014102606277927305,1.0903943468786481,-0.07775388968837886,0.012985559230399563,-0.025861061026948354
2.0,-0.21713707306913252,0.009344747098257031,1.0840903173620366,-0.07324185423784135,0.0014438755992869574,-0.1154194422884393
2.02,-0.2201553357697713,0.004744722502183186,1.0758387243370164,-0.07788445998034332,8.787024705187553e-06,-0.19586085098273925
2.04,-0.22314351881334304,0.00034492788907742374,1.0663547915248612,-0.09378726401259335,0.009989023420904013,-0.2647489090419335
2.06,-0.22608078906111068,-0.0038115618240600517,1.0560700316695009,-0.10499092117661223,0.0312751946247842,-0.3216977370290334
2.08,-0.22893769177500614,-0.007765466340569751,1.0441163684277899,-0.10608420737472883,0.043280532457430416,-0.3663209146612354
2.1,-0.23164924546563384,-0.011511654070631113,1.0305053348967605,-0.09660401730607085,0.046380768649420936,-0.39846914989657267
2.12,-0.23401049043666397,-0.014882349576714074,1.0174018372020102,-0.08239008589335024,0.06429836439462953,-0.41643934118401565
2.14,-0.2358147650445207,-0.017756810436251023,1.0072823048629556,-0.08338584987556917,0.06830574934986512,-0.4139446528889672
2.16,-0.23735587404726316,-0.020487512911947902,0.9960806762266602,-0.07217742142139162,0.06187542354710931,-0.3979720551559407
2.18,-0.23818141779437713,-0.02285041702844987,0.9883812107514653,-0.04283317287459166,0.07319092049077877,-0.36349024900874694
2.2,-0.2383707137805421,-0.02489169239716906,0.9842283058356793,-0.029004795757129245,0.06921866900777436,-0.3081991770073251
2.22,-0.2383940196326722,-0.02690306660984216,0.9781378146583538,-0.023805891634061348,0.0750476793905646,-0.24348069064383165
2.24,-0.23812055615309022,-0.028885838446777355,0.9720964453791962,-0.030189060568891264,0.09470166154825857,-0.16444560110292986
2.26,-0.2372911665169448,-0.030830864646818862,0.969206495391059,-0.051069234757496314,0.13281804656061968,-0.06667048808352671
2.28,-0.23572548921214276,-0.032666672707859716,0.969869305597236,-0.05155176616181097,0.15273256869933421,0.051758223925582
2.3,-0.23318717783540366,-0.03419772110135228,0.9737346723196886,-0.031204451332329606,0.15280966005044547,0.19080910787036157
2.32,-0.23016981515501878,-0.03553560680206459,0.9768649272177339,-0.0029096146656570005,0.13865876407564423,0.3158421077591873
2.34,-0.2267746793285192,-0.03671430584422645,0.9786937985937032,0.03144902183058266,0.11187091174695499,0.4273144027879293
2.36,-0.22282287858774816,-0.037695761238168084,0.9808512089230107,0.05021020029358701,0.09610211267858525,0.5227261192585616
2.38,-0.21833635763130005,-0.03859339356741693,0.9837555167917083,0.05389091531248743,0.09340544096532637,0.6024144362093915
2.4,-0.21327661118604338,-0.03946682213061676,0.9880508060237241,0.03982534024810399,0.07648620298531694,0.6637230682382652
2.42,-0.20775443087712453,-0.04030272385698152,0.9927578373622713,0.0118200702551878,0.0735769559582035,0.7105645485669103
2.44,-0.20180157439863622,-0.041056869707933256,0.9986783210785831,-0.032771417373744005,0.05707547190026937,0.740258872814504
2.46,-0.19565476216792685,-0.041686780585687054,1.0038279909116037,-0.06793628258123814,0.030840404433662073,0.7577552192517554
2.48,-0.1894635156682439,-0.04215515383914429,1.0076136567231786,-0.0930316428700556,0.015440180888254287,0.7632367211185265
2.5,-0.18333553767902716,-0.04245922584127467,1.009793517874359,-0.10814699070883882,0.009759538564892938,0.7566830453875186
2.52,-0.17731470012055228,-0.04261562768493794,1.0099376824658337,-0.12215081660386051,0.0023851027716450908,0.7446098469370601
2.54,-0.17143117485941278,-0.04260544768426747,1.0081047648412271,-0.13004405571580227,-0.0004265370750288684,0.7234382873049557
2.56,-0.16582626144851867,-0.04228786482417655,1.0056992191084475,-0.12677192211080254,-0.015518211298324997,0.6904825163908201
2.58,-0.16063954495073274,-0.04150678056288873,1.004121604747749,-0.10968331591108788,-0.04527431532172677,0.6432098693019364
2.6,-0.1557175996502708,-0.0404802780449308,1.001411215213064,-0.08147578634695309,-0.08556298146934789,0.5842895265175398
2.62,-0.15109965030780437,-0.039276593407688035,0.9977037619175344,-0.04097658942716278,-0.13582328563119997,0.5122722230763782
2.64,-0.14690659119113667,-0.03799843192013971,0.9936782576615905,0.01508650708833825,-0.1718590701049356,0.4226975693886506
2.66,-0.14322040591331733,-0.03683305202590002,0.9893417003912786,0.08680838339557065,-0.19149644467552074,0.3164654456840043
2.68,-0.1400681603802404,-0.03596589379663951,0.9845770537545054,0.14910685233059282,-0.19540361068244472,0.19638509396520648
2.7,-0.1375688197992264,-0.03569920325195365,0.9800443151186157,0.19919584801324547,-0.1813496567825891,0.06353190016576479
2.72,-0.13569230220238232,-0.03614587927382641,0.9753728738764749,0.23525265503440346,-0.1495291024930399,-0.07942708953675214
2.74,-0.13444467576459374,-0.03739066930092521,0.9704751960678905,0.2502134912145932,-0.10576890900404617,-0.20264954256437412
2.76,-0.13385207112521463,-0.03952054039843197,0.965521492608027,0.244866857472116,-0.052284702934392836,-0.3065976358105333
2.78,-0.13396220476555937,-0.04268702301370319,0.9611618201900407,0.22259744658338973,-0.016222492532645162,-0.39843311674990156
2.8,-0.13461855839860853,-0.04682068476311655,0.9572428213328177,0.18562830958139792,0.0021970702842405085,-0.47850910929542745
2.82,-0.13567134933323055,-0.051731904709979855,0.9532714962161243,0.13628028583633778,0.003964694221220403,-0.5468096354887245
2.84,-0.13702693290942827,-0.05724097161676045,0.9489800561511458,0.07605698772839327,-0.009939693644366353,-0.6025025441467646
2.86,-0.13862162941173262,-0.06316629894701403,0.9443155885832266,0.005591371818186968,-0.038586633121738656,-0.644061389464137
2.88,-0.14043582931885482,-0.06933121823549747,0.9400430826024239,-0.07644269704414486,-0.08208555701254536,-0.6680813619878762
2.9,-0.14243524445859793,-0.07538699060597163,0.9373247348755818,-0.144482676051617,-0.11221929469636527,-0.6729697102205993
2.92,-0.14452233900280637,-0.08084728591515256,0.9359811998033882,-0.19966107133979064,-0.1273784096759954,-0.6612318469071117
2.94,-0.14658736220630914,-0.08513136462901541,0.9370552937965856,-0.2408992975998976,-0.12462333972931319,-0.633332006435623
2.96,-0.14848013315015585,-0.08772576768210523,0.94124084435486,-0.2670014903196324,-0.10184001371536065,-0.5899764006601087
2.98,-0.15021545234410438,-0.08938301287163669,0.944916449183028,-0.28194106553409226,-0.0647050089944631,-0.5367780346462117
3.0,-0.15180216143087438,-0.09042264062184031,0.9468273646189413,-0.2887587783036897,-0.017892205990390226,-0.4766096722851537
3.02,-0.15317121419733565,-0.0908025897949759,0.9471477204140913,-0.28476526789200324,0.04057192346998,-0.4083867599141289
3.04,-0.15419513819926428,-0.09040461252736408,0.9464044504053315,-0.2678070097027797,0.11153423743177997,-0.33032877637619856
3.06,-0.15470163826791852,-0.08915699024427738,0.9451047828908202,-0.23393423202629451,0.17237392045109157,-0.23327102915281583
3.08,-0.15463642044361461,-0.08725340311195706,0.9428083341466066,-0.18224453940662233,0.2215933413375149,-0.1177448034403034
3.1,-0.15370651074557992,-0.08460278610002724,0.9404322221964695,-0.10993998144484289,0.2550192108408598,0.01828814213398062
3.12,-0.15120948112227361,-0.08092729549995753,0.9405142976897437,-0.024341026394858148,0.26276010482489803,0.13863283129017884
3.14,-0.14746989868059182,-0.07668326689310787,0.9414912966785727,0.06957530098287747,0.2491258785771518,0.24187301324976457
3.16,-0.14307159945924988,-0.07228701169551717,0.9410673744303524,0.14679011139912176,0.21995049187057725,0.32978784428392305
3.18,-0.13791120115353475,-0.06792112984229674,0.9396256029300123,0.20599386980537854,0.17745462081366972,0.4002060261525762
3.2,-0.1317892390138754,-0.06382322693594486,0.9379767505944211,0.24605992316267553,0.1229696322743513,0.450995374592154
3.22,-0.12438396825221182,-0.06038373371477362,0.9376140627040955,0.2657664598072855,0.056718474259901994,0.47966901583370425
3.24,-0.11573485841586317,-0.0579309861600139,0.938984098299688,0.26666934494362177,-0.02057518698908374,0.48660436133974955
3.26,-0.10625404652330644,-0.05651147606108453,0.941210070782908,0.25258378274460447,-0.10776354862877777,0.47491575536636454
3.28,-0.09630658664954446,-0.05618906577719644,0.9438751006465249,0.22660361831549772,-0.1787708803350038,0.45383359652833316
3.3,-0.08629224553681861,-0.05685075275299359,0.9461258757546033,0.1907630077353701,-0.23569877206409354,0.4243950317637693
3.32,-0.07644855730285098,-0.05828129217415718,0.9471097184585493,0.1470028640470139,-0.28086442871352046,0.38745702583787456
3.34,-0.0669637946140603,-0.0604188230202,0.9467046057919212,0.09599162737178342,-0.31494555818628117,0.34248672256264867
3.36,-0.05816296912289662,-0.0633643331856824,0.9456003198802913,0.03724458609077896,-0.33684084303304473,0.2871129579371511
3.38,-0.05049449695442775,-0.06714853101620168,0.9446894251528496,-0.029615198120859148,-0.34549195897461155,0.21827378482933005
3.4,-0.04416776808683569,-0.07149099717983992,0.9439651719198926,-0.07732444003852049,-0.3393316343051386,0.13366131744961923
3.42,-0.039312195075032016,-0.07602159096496791,0.9434091593853788,-0.10578249064311801,-0.3185760536815727,0.03237831053300966
3.44,-0.03592809500951977,-0.08040758110618484,0.9429979041015791,-0.11575054430526595,-0.282948727297049,-0.08520273751934938
3.46,-0.033734025478068745,-0.08442922753750472,0.9422276051705748,-0.12079183236964089,-0.23357621049401275,-0.18747799737164886
3.48,-0.032576520100911215,-0.08790863044183501,0.9412404137204282,-0.1208512500088621,-0.1704815435993783,-0.2744385332668862
3.5,-0.03227602337914612,-0.09070596312979903,0.9404003273211935,-0.11525317262631446,-0.09324967092424472,-0.34569687793205334
3.52,-0.032672320485704384,-0.09263071536738914,0.9409051331384692,-0.10194621525649164,-6.739117565913901e-05,-0.39935367365673796
3.54,-0.033394363595522336,-0.09360693156356711,0.9442007458319921,-0.07579291525598614,0.07836228059995892,-0.4289937771038548
3.56,-0.033864681420051716,-0.093986282298363,0.9498944788290774,-0.03396351509606733,0.1422749004588492,-0.43518863430913335
3.58,-0.03378939851534692,-0.09417167335296174,0.9569500286020846,0.024664088301077247,0.19199902722531306,-0.41969734009162946
3.6,-0.03301608150267191,-0.09449838305482233,0.9649138352656838,0.07273163724959175,0.22854192943564283,-0.38566356781073513
3.62,-0.03150485608911113,-0.09527590922907406,0.9733650581170746,0.1113182578331175,0.25115427647671884,-0.3352197114021961
3.64,-0.029263958443624782,-0.0966646243202089,0.9817898964620512,0.14095849476246078,0.2596321233676167,-0.2705115145621135
3.66,-0.02649448471710937,-0.0985544518655795,0.9888845876196051,0.16294284626311076,0.25583323763819293,-0.19511274448568527
3.68,-0.02303440863185772,-0.1011221926631474,0.9952520151958125,0.17553939077426653,0.23806275225907866,-0.10875815763059736
3.7,-0.01881759528052385,-0.10442644676836904,1.001093011072064,0.17741224001012987,0.2057653593441795,-0.011838099160020266
3.72,-0.013965605163105983,-0.1083274602655813,1.0058974059752677,0.1682270574869733,0.16028751265395988,0.09440487222331032
3.74,-0.008659942077336235,-0.11263671221189614,1.0089992043664149,0.14303029375403548,0.1072095186680281,0.18687364779139015
3.76,-0.002863945229798351,-0.1173781902312518,1.0109781020772086,0.10165378399383308,0.04639490921653725,0.2658607407699736
3.78,0.003296090975262066,-0.1224560288499727,1.0118274672298686,0.045351377748274566,-0.021886055334619244,0.3336395195924571
3.8,0.00966751980244255,-0.12779128186110816,1.0118036054023978,-0.02550114853703451,-0.09811292834796147,0.3922218956911661
3.82,0.016010306991140744,-0.13330488493849402,1.011543281043031,-0.08497459994658113,-0.15859132875305945,0.4406941861503732
3.84,0.022017263767081144,-0.13885769143584256,1.0106249757010586,-0.13224609397154846,-0.2056889683813597,0.4775925535018506
3.86,0.027491682785833742,-0.14437583876994953,1.0086852189877424,-0.1665940139078492,-0.2414301363651333,0.5018116391319218
3.88,0.03229318038201214,-0.14982110634821788,1.005518974372055,-0.18723104330275273,-0.2672375823624521,0.5123688209327333
3.9,0.03631089336622445,-0.15517343331113898,1.001038158971153,-0.19337994733746516,-0.28393825257460953,0.5084708005118332
3.92,0.03850786274618405,-0.1603192345415225,0.9980652164059014,-0.17800511543082684,-0.28804107383044797,0.48309143943414345
3.94,0.0400351034643574,-0.16539156562826732,0.9930595966619185,-0.1494804710048734,-0.28400131511574167,0.44537249277806695
3.96,0.040901508095697155,-0.17040454080176617,0.9860252732184255,-0.10813378106991543,-0.2710860253973361,0.3961299274952402
3.98,0.0411143336026543,-0.17538053788654753,0.9770505511212679,-0.054302735930767336,-0.24818603231475467,0.3361014561477249
4.0,0.04058321472311446,-0.18035867493186078,0.9666466424202067,0.012377181841482456,-0.21315306240932544,0.26568592636106175
4.02,0.03900803536900606,-0.18545473573997723,0.9563895186485106,0.06826552339257871,-0.16435673878114052,0.1831749388423087
4.04,0.03623246146632261,-0.1909483407660364,0.9480757498082392,0.10974707844970216,-0.09847258220613546,0.08676543086551197
4.06,0.032804229470608376,-0.1968641444601801,0.940212388827934,0.13664265216259827,-0.017495976293320167,-0.02063738650695164
4.08,0.028942155331873335,-0.2033589225847251,0.9333697761547856,0.14495483436044707,0.04848019135377466,-0.11226215257781262
4.1,0.02496929495078637,-0.21062452337589538,0.9282937322894964,0.13609837214015394,0.09708467872661197,-0.18894657780273272
4.12,0.021150382352824074,-0.21858761930022186,0.9239904558010937,0.1133844523393778,0.12943005711080155,-0.2526004265268619
4.14,0.017587293270433943,-0.22709344686635374,0.9193714010396145,0.07978061401575887,0.14748964117111021,-0.3046380478503233
4.16,0.014387427588454309,-0.23611893289563948,0.9145255171769984,0.036184898730041846,0.15141265545883037,-0.3441143769001127
4.18,0.011669903782810203,-0.24562877577032746,0.909837719080116,-0.017173260128848313,0.14113652714198224,-0.3691880363940466
4.2,0.009525542167781982,-0.2554998856830294,0.9055760119076118,-0.08024412972175754,0.11720838420986467,-0.3779116367776168
4.22,0.0080172408768623,-0.26551894964616946,0.9019640742322952,-0.1262785494415517,0.07905885273005535,-0.36851884150261666
4.24,0.0070592971996254195,-0.2754004408431663,0.8983736688235756,-0.1572793139173873,0.028980361789789112,-0.3417188230269384
4.26,0.0066380400320818,-0.28486631103654636,0.8953384218680408,-0.17364965888612693,-0.03295234590315266,-0.29656410941408357
4.28,0.006540916987212755,-0.2937587934998323,0.8924081006652913,-0.17829234788375356,-0.08056215127046772,-0.23889054271494256
4.3,0.00654549170095622,-0.30172866942914894,0.8907006462855762,-0.16979662332977338,-0.11192679161962406,-0.16784463613819275
4.32,0.006358862433758206,-0.3086454313112733,0.8904362121464837,-0.14785537985177122,-0.1268661222496481,-0.08346462626892803
4.34,0.006012247068962345,-0.31518574615484335,0.8882056810401388,-0.12350060784664627,-0.1382107909889463,0.006464680990181603
4.36,0.005372863961159706,-0.3213090444395533,0.8846157338157598,-0.08635098403796194,-0.1415692112018328,0.08189138804446353
4.38,0.004108440489745251,-0.3268691964373099,0.8815822496035631,-0.032409844569804586,-0.1342733434220732,0.13931172854763768
4.4,0.0018576556875149045,-0.3319237167338669,0.881252049558033,0.008790972704743114,-0.11415077402302419,0.17692880223365692
4.42,-0.0011684634421234427,-0.3368963864713357,0.8826241643583063,0.038266503518827155,-0.08096116937775726,0.19740603975751206
4.44,-0.004542450615561356,-0.34195499800773804,0.8832285528670135,0.0589335289460019,-0.03752823643899789,0.20581193499957962
4.46,-0.008102238448320897,-0.347149153785731,0.8825407481114774,0.07118972297236437,0.015609621933471658,0.20345129243828433
4.48,-0.011729809098073612,-0.35252754185782775,0.8808312219368164,0.07249960127990261,0.05777925591979847,0.1876492711496573
4.5,-0.015247252569906467,-0.35813878911586994,0.878781145225543,0.06069566909897828,0.08796642738637986,0.15636545813830363
4.52,-0.018484148663568477,-0.3639825418581305,0.8767445317487815,0.03442368834346005,0.10529051682173181,0.10875399095955338
4.54,-0.021296785687199827,-0.3700226105981392,0.8751450318267999,-0.007293057909049785,0.10826938302026749,0.044519428322885475
4.56,-0.02369109210553569,-0.3761437983035088,0.8734438859737618,-0.06313026988486183,0.09647543597607697,-0.03406618031989673
4.58,-0.025511287628316226,-0.382194196424396,0.8731039270703119,-0.12958251669191787,0.06863356084703996,-0.09370416715903351
4.6,-0.026595925659818945,-0.387791755061193,0.8762636186480928,-0.17443872421742773,0.022935736426851594,-0.129556081313081
4.62,-0.027286208946230888,-0.392780784869115,0.8803746900625206,-0.2024919191562847,-0.0355225839454923,-0.14537183467916587
4.64,-0.027783971730522435,-0.39704055629500856,0.8847745660396622,-0.21639731991225747,-0.10481408648904007,-0.14267485451182085
4.66,-0.028301615596518958,-0.40050893483127015,0.8890256394393132,-0.21922597136407534,-0.15967674168127993,-0.1283598509695792
4.68,-0.02912114865405219,-0.40300134359656964,0.8935122360125144,-0.21107813907589898,-0.19928238742280055,-0.10241232593071128
4.7,-0.030467394864312436,-0.40450564472355877,0.8981064237753018,-0.19254965929108228,-0.22390408091339856,-0.06514239433907981
4.72,-0.032190168221948146,-0.40550456126247686,0.9008922811782742,-0.16907560142966058,-0.24040080614482798,-0.020487756935106637
4.74,-0.034310582462258515,-0.40610303834286415,0.9016192650052492,-0.1448956216861718,-0.25383216303248074,0.029663122821249468
4.76,-0.03692936735769437,-0.4063265542924783,0.9004971759842002,-0.11667148961409121,-0.2602886709423936,0.08727783661558867
4.78,-0.04010243581915552,-0.40624811137364586,0.8975664613691762,-0.08153496293855174,-0.2579738440382948,0.15069749479620367
4.8,-0.04386682296573654,-0.4059594382257572,0.8928731043746645,-0.050558734465104345,-0.25030975512291864,0.20299424699643503
4.82,-0.04824531676588682,-0.4055717858070596,0.886523905252921,-0.02514860073314251,-0.23523487923997405,0.2432925097014446
4.84,-0.053184822541277585,-0.40518540262693975,0.8784302200636422,-0.003989353591365128,-0.21399227455943334,0.27333531263654687
4.86,-0.058943890815060976,-0.4049122446161917,0.8698818354833221,0.009552619694786015,-0.18223523701726158,0.28930711034613193
4.88,-0.06537309052355282,-0.4048156002985657,0.8606427425989807,0.015403965779069242,-0.14000697636245812,0.29199075199720337
4.9,-0.07223072948864842,-0.40487444328843103,0.8500058535756733,0.014043149027780264,-0.08847503978655932,0.28304237796015996
4.92,-0.0796062218424976,-0.40515714566832073,0.8395001735155193,0.0024385172439273166,-0.024927841493706953,0.2589591185573097
4.94,-0.08741984226003226,-0.4056506643569551,0.8306005979056016,0.0071071765000363645,0.05456640905787078,0.21819449873549862
4.96,-0.09536004360000061,-0.40619439931406764,0.823608109361378,-0.00477119726287722,0.11739278325800426,0.15844494824041538
4.98,-0.1029568887124399,-0.40670782757486806,0.8187851220650556,-0.035196517446953623,0.16242026338183935,0.07835490961368327
5.0,-0.10974908449531746,-0.40706003311263783,0.8169261663449356,-0.08604094492598914,0.1868555320895971,-0.023152042020949174
5.02,-0.11551509638358787,-0.40710476584859373,0.8174944095198832,-0.11683321674106657,0.19302668071147458,-0.10470634609454095
5.04,-0.1201454526722406,-0.40665638549079347,0.8200554437641167,-0.1270030934461143,0.18376525940798225,-0.1656065265026512
5.06,-0.12357758339903245,-0.40564018396020235,0.8244628710042384,-0.11652436438073342,0.16068641674350434,-0.20593909412760805
5.08,-0.1257384952566545,-0.4040215453380343,0.8311378099244504,-0.08521094108679529,0.12387363431994738,-0.22595711498298773
5.1,-0.12736402949828468,-0.40216298668036476,0.8367996747469186,-0.0571957151094097,0.07847178455870817,-0.23328496349387212
5.12,-0.128608679190248,-0.40015539787348015,0.8412319089424651,-0.037420795823082095,0.024666712902168066,-0.22888060514421485
5.14,-0.12950038488757126,-0.3980021318766713,0.8456570077358293,-0.029845037159025367,-0.014777808706149654,-0.21066696632423637
5.16,-0.1302635028029639,-0.3957298006589225,0.8500837501301546,-0.035279208063920695,-0.04013839715062938,-0.1779558508082759
5.18,-0.13106026672928567,-0.3933243975814419,0.8547779987084584,-0.05461117969960106,-0.05083149784303417,-0.13009398970243402
5.2,-0.1319784055204392,-0.3907676679786312,0.8592195989868755,-0.08702013735760143,-0.047204656839352786,-0.0684567868999466
5.22,-0.1330832148799418,-0.387950054152912,0.8640647382951575,-0.10674500848454858,-0.0297958610025722,0.007011191224180326
5.24,-0.1343600809643874,-0.38475505538058635,0.8691932143504691,-0.11314873336737569,0.001310803515722314,0.09565631754695848
5.26,-0.13574213132894003,-0.38119042468355696,0.8738824705494861,-0.10646301275001414,0.024619104561440584,0.17119635566659497
5.28,-0.13714545342666462,-0.37736015703684,0.8770254310104741,-0.08806742046366699,0.056380467149120456,0.23430181108361522
5.3,-0.13852688927814719,-0.37316322106406,0.8796280064307477,-0.056461027580121545,0.0980577215371493,0.28349780001481295
5.32,-0.1398184774100562,-0.368715359866083,0.8808819672810767,-0.035715502416346225,0.12709572680025294,0.3221494603568265
5.34,-0.1408603066706944,-0.36401241630796655,0.8813775755186067,-0.02793613245682061,0.1430589076839243,0.34812352602254304
5.36,-0.1415151540779051,-0.35905185265437045,0.8814674839005535,-0.03447502321168854,0.14583847450916432,0.3602449740822942
5.38,-0.14157707558440916,-0.3537398831304663,0.8823464024165053,-0.030114667746423934,0.13519572502762195,0.3567759495001316
5.4,-0.14110675207251722,-0.34807446356032656,0.8835562655941579,-0.015421748160157712,0.11175063762358915,0.33835758920864767
5.42,-0.14010322188721683,-0.3420677782892313,0.8854125248105406,0.010359026519629319,0.07524769509278206,0.30395885241124165
5.44,-0.1386640311664261,-0.33584240153100064,0.8876834893345674,0.021250008501971774,0.02449647426044298,0.25392681416724444
5.46,-0.13685824033269714,-0.3295616281901164,0.8909377364287492,0.018249736400389592,-0.0130037574723757,0.18847113426546058
5.48,-0.13495902415456543,-0.3233350669613035,0.8935516237393161,0.004799473412703431,-0.039911908799859674,0.11089551440712375
5.5,-0.13308377988425363,-0.31716295834849917,0.8945859495401779,-0.01679892975590898,-0.05842107937338715,0.023322752128017134
5.52,-0.13134676488687655,-0.31102938674854014,0.8951785468263057,-0.049876866971359575,-0.06614097939596823,-0.06342387525784944
5.54,-0.1299084526151635,-0.3048243203326027,0.8968937924511076,-0.07665649366338984,-0.06068061202381131,-0.13376713748916066
5.56,-0.12878051183334946,-0.29836023989789157,0.899594629134897,-0.09149133794529192,-0.041648440382848234,-0.18867654118491095
5.58,-0.12791197662199327,-0.29146710134929343,0.9035413773964966,-0.09238170159804504,-0.03663423502574364,-0.22521873390196886
5.6,-0.12716408750840766,-0.28408696725937754,0.9086111032426475,-0.07897989165108701,-0.044946988453558316,-0.2436115359167971
5.62,-0.12647752011683278,-0.27631876960603,0.9137794624967174,-0.05407409655631079,-0.03982114382239364,-0.24857598190762972
5.64,-0.1258578042576345,-0.268323567281024,0.9177131349664224,-0.04086086353745443,-0.02250667923607812,-0.24195262933495776
5.66,-0.1253627429141747,-0.2600322797459172,0.9226227970700357,-0.014815683936909541,0.008769126961916817,-0.21932572798445532
5.68,-0.12492039893944251,-0.2515558388346294,0.9279304142307444,0.023827171817306685,0.05252830171555921,-0.18062798018434803
5.7,-0.12443633923127581,-0.24304456115535567,0.9328970246124463,0.07569226409118078,0.08254008306666087,-0.1258577302103062
5.72,-0.12384961819909561,-0.23461510488205264,0.9361141871125855,0.12235025870780097,0.10493915197276994,-0.061079153842747265
5.74,-0.12310199400969331,-0.22638678648519764,0.9376357016356652,0.1626410091921714,0.11805098063775132,0.013515225192596283
5.76,-0.12209966523841582,-0.2185078568100599,0.9378543444988189,0.1902019594445652,0.1204724501602592,0.07448271778917018
5.78,-0.12063293487309328,-0.21126815019562564,0.938005610883115,0.2020584644223189,0.11169543824247485,0.11819158342243505
5.8,-0.1183805465416072,-0.20511042581463113,0.9400616369326147,0.19485531379458151,0.09046051356337129,0.1406550779225405
5.82,-0.1156602920560692,-0.19962296588583675,0.9416614256908218,0.17308862060885077,0.05975476060908248,0.1472185980298252
5.84,-0.1127093832999265,-0.1945056736892342,0.9413253382265688,0.14066345082085985,0.021559725739382356,0.14261961597227066
5.86,-0.1095933175478735,-0.1897196891301903,0.9390516144901192,0.09823078890456596,-0.024546734762709507,0.1278991695824214
5.88,-0.10638634130733272,-0.185250061209855,0.9351307727566631,0.04792605109191919,-0.0616160608025341,0.10616957658437676
5.9,-0.10322712251004204,-0.18116497576507437,0.9310576920771497,0.011102617814174947,-0.08434128543348579,0.0721678068276875
5.92,-0.10046694053313697,-0.1774663127860426,0.9301026616710737,-0.007128989590405118,-0.0884065390976826,0.01930790463359807
5.94,-0.09816110265248881,-0.1738643647855434,0.9306359581085881,-0.0424154996390393,-0.07787383155429485,-0.01599646133822321
5.96,-0.09633986691964491,-0.17023633169670757,0.9326832119987337,-0.06530076664270203,-0.05371173314121747,-0.034820180228109496
5.98,-0.09487400234668072,-0.16641155979975994,0.9353802132095679,-0.07407726754250026,-0.042955422858772775,-0.06858889227132994
6.0,-0.09361104205735081,-0.16232702211615063,0.9380697871674485,-0.07207814567384191,-0.01955430169625321,-0.08868902258449295
6.02,-0.09249370826576525,-0.15795222879311657,0.9406567597063135,-0.057820555341095925,-0.008180828044519181,-0.0929399288577363
6.04,-0.09143564044262523,-0.1532544960106148,0.9437648646758086,-0.02990192063993654,-0.009823958634527718,-0.08042219216249787
6.06,-0.09038726324711084,-0.14838048576987295,0.9460512035292037,0.008409461810417795,-0.0005971705174296694,-0.0556233462425686
6.08,-0.08936423726301122,-0.14341087406140443,0.9477012930053951,0.034629938841995736,0.021064676031672575,-0.017193979230468177
6.1,-0.08834546725145287,-0.1384716082265957,0.9484559223418215,0.049678170397800134,0.05414584337984287,0.03471417553338866
6.12,-0.0872589496067104,-0.1336549214061409,0.9486495455330114,0.052575197647116406,0.07509255012821045,0.07236637245492583
6.14,-0.0859674053813564,-0.12901960129771123,0.9486104807556477,0.04194721430744601,0.08390052667170032,0.09474895144347782
6.16,-0.08432103632289753,-0.12460201726042566,0.9491675534122738,0.04294638011833006,0.08086698705652401,0.10105620648644417
6.18,-0.0823888538482746,-0.1203001539008548,0.9490814381934765,0.05503447355459501,0.090665264016167,0.09436769040645478
6.2,-0.07998435706779006,-0.11619628376515104,0.9506558505043723,0.05002128540715746,0.08527555014028596,0.06927493354963163
6.22,-0.07709230033479099,-0.11233455750162451,0.9534272942505096,0.030623779565088303,0.06525384939859542,0.04224747420439151
6.24,-0.07384406703330607,-0.1086556596482646,0.9563222182375138,-0.003034518279864857,0.031912642120499,0.0007158285307729096
6.26,-0.07034761833385031,-0.10508599122182044,0.9590721162234527,-0.023563837142167338,0.009364583690850846,-0.025868908842254883
6.28,-0.06672878368535644,-0.10150792054153027,0.9618457928066708,-0.03154001080621519,-0.0014247662382176729,-0.0380627805149863
6.3,-0.0630733158048188,-0.09783913862761838,0.9647449259885132,-0.027295661703763432,7.526443016767289e-05,-0.03605497196488447
6.32,-0.059422403817082706,-0.09406607017906297,0.9671436660421275,-0.012020424439887564,0.012873413209337999,-0.020927775858957515
6.34,-0.05577087448995219,-0.09018406876471,0.9697553576365358,0.0167445979789671,0.012137908932707784,0.009791688385213056
6.36,-0.05209025347083164,-0.08627665464656885,0.9709498714748154,0.05600892826793985,0.00025204358448446807,0.05063555393621279
6.38,-0.048346898649193754,-0.08246309366555242,0.9736278518749498,0.07905905944922782,-0.02731304819119261,0.07318744039777417
6.4,-0.0445985531487946,-0.07881440990672833,0.9752573994885384,0.09184024438295388,-0.044345204399536015,0.08389399176844378
6.42,-0.04093140721594995,-0.07546176788140184,0.9765724653832554,0.09354523895903283,-0.04909762853606877,0.08183058195985202
6.44,-0.03737812531283303,-0.07240107523334534,0.9769853092412257,0.08539952480070753,-0.04253021786746434,0.06821283791128721
6.46,-0.03403251203096646,-0.06982610159391658,0.9784216404296038,0.06339209838029944,-0.049474788275753155,0.03675455011338244
6.48,-0.030890010411744412,-0.06773602471327839,0.9813941546323547,0.027634888781885993,-0.041463998599755865,-0.010384813170268228
6.5,-0.0280070548493751,-0.06600335840772731,0.9858827024976913,0.007029837121246749,-0.04656842289500487,-0.07501117466620895
6.52,-0.02531996374209548,-0.06439823352033655,0.9910647555539818,-0.027753599758919303,-0.05055976214125751,-0.12336527315307014
6.54,-0.022859964646951808,-0.06281160571135135,0.9970937257656031,-0.04907693667561467,-0.05764753423183716,-0.1553873379751002
6.56,-0.0206015841949601,-0.061082900054274636,1.0034483940561432,-0.05875581728989778,-0.05221909920067028,-0.17283064865622638
6.58,-0.018552732607651452,-0.059114864442743484,1.0100682002790744,-0.05565184651653912,-0.05984840412358334,-0.17425806984173967
6.6,-0.016585415864738582,-0.05702046798433097,1.0146783300761582,-0.05122362430878423,-0.0654889426470148,-0.16973411586702106
6.62,-0.014713378105910172,-0.0548046431152529,1.0172544146033935,-0.056372152342634756,-0.06146297785147927,-0.1585704253805065
6.64,-0.013136498303343153,-0.05226738391442105,1.0211503993431201,-0.048544245144698864,-0.04295508173877186,-0.13145841489792134
6.66,-0.011677511035225624,-0.049585576464153694,1.0233663312473071,-0.03115589255078676,-0.034289402544252036,-0.09242728650265315
6.68,-0.010292999913760781,-0.04679772099949712,1.0236771444735007,-0.010551921154226743,-0.02232464884501301,-0.04625552033610132
6.7,-0.00898336511269625,-0.04393193403184979,1.022420598043057,0.019104492459463183,-0.0017093474796927308,0.0110397806426163
6.72,-0.0077367876315428945,-0.04103601968129933,1.0200794181001442,0.03865561466601899,0.008710633532566245,0.08055148473982104
6.74,-0.006498228398576811,-0.03822999379751488,1.0183757148764756,0.07309781927762954,0.03260044787434551,0.13496241378930518
6.76,-0.005212549466619289,-0.03558155479260537,1.0168473559977327,0.09402593796462236,0.04281374048310712,0.17379970053686034
6.78,-0.0037671525323024323,-0.0331958573517079,1.015215996390466,0.10128878787019835,0.04075840735818883,0.1969547959030434
6.8,-0.0019482063949979199,-0.03136052295757686,1.0160726957041308,0.09083029959690098,0.02368579996409671,0.19973934774701427
6.82,-1.4629013736058025e-05,-0.029705025787987716,1.0149499991878501,0.07057247863272652,-0.001915916071835399,0.19320991740540308
6.84,0.002012099650438682,-0.028245466626912248,1.0122066907681104,0.04190713418704528,-0.018482197542929315,0.1775618759343514
6.86,0.004061616037699651,-0.02693467393589859,1.007659216736623,0.00838888864255827,-0.029734089052641247,0.15443377155904556
6.88,0.006055945596506129,-0.025844594915252612,1.0041216273989588,-0.010179449938816575,-0.025467733134048556,0.1153530717389243
6.9,0.00789886158790028,-0.024824029790884272,1.0019875300417138,-0.014032094389745777,-0.03479229333375099,0.059624377414090116
6.92,0.009595036438866365,-0.023765049411087237,1.0014137821627096,-0.03189424698095271,-0.05835403207349069,0.02146704580849807
6.94,0.011114137545268197,-0.022648074081575972,1.0018550463798852,-0.035043395221913055,-0.06751722251194933,-0.0226874701378669
6.96,0.01229377347907209,-0.021356423095256764,1.0040979662833935,-0.053311525805847415,-0.09078439752240891,-0.048623026539352854
6.98,0.013178426933221028,-0.019904657965259413,1.0068182443996188,-0.05976197381597332,-0.10109290953199802,-0.05973829197536324
7.0,0.013674139261337993,-0.01819961473975371,1.010010335710056,-0.054871689822734084,-0.09810561414659619,-0.05631676572857804
7.02,0.013849472269088819,-0.016279708702263578,1.0125549207637234,-0.04041643347321681,-0.08367993291184833,-0.04027762793271857
7.04,0.013640975680882225,-0.014117073689666845,1.0152089991785611,-0.015092255931242719,-0.05668742517847328,-0.00979893861192266
7.06,0.013133299865807012,-0.01179643852011207,1.0175837815785573,0.020971795929325902,-0.018328276230833197,0.03517784067075205
7.08,0.012419398088240103,-0.00942073191013255,1.019688464111368,0.04728615143184043,0.030410405011931433,0.06718810235177791
7.1,0.011625232663537247,-0.007146708239258058,1.0224742777970806,0.06014545478399947,0.06469058315346139,0.0831596187765115
7.12,0.010961575527596417,-0.0050497351196195665,1.0252073383460574,0.059573299556782935,0.08631114814853022,0.08367876004372334
7.14,0.01055377711758309,-0.003155616710687005,1.0276865996323,0.045208300475731315,0.09579439617364997,0.06885166512794398
7.16,0.010433229632396596,-0.001428108972858378,1.0293881726448915,0.040265904503803844,0.09554077774313917,0.04062705183361946
7.18,0.010788099168781968,0.00011188283360396168,1.0319699254727714,0.01933049583085125,0.0808388042524934,-0.004352758257337871
7.2,0.011619869528160635,0.0014713852779658831,1.0355291052903788,-0.012765318487137299,0.051635754220402445,-0.03267209383901565
7.22,0.012656325497804917,0.002779446322723122,1.0377038713267277,-0.03415572046316685,0.03131570141256737,-0.04883601195517486
7.24,0.013831952122237492,0.004116152800110648,1.0386474393683325,-0.045127198813714076,0.02068612891346296,-0.053203924088384015
7.26,0.015090752839016536,0.005535018599411225,1.0382252708899882,-0.04630806976631112,0.01976216131128433,-0.04643605047058293
7.28,0.016457790078572097,0.007161269765190377,1.0386247157190986,-0.03395867040716792,0.032443332620477286,-0.024442721224292214
7.3,0.01789208278315868,0.008927994922949536,1.0382308843239023,-0.009466704706683744,0.03343299884240481,0.011358077036482561
7.32,0.019400464840502965,0.010768310104489733,1.0361823962417112,0.025035897587278585,0.02402110575758621,0.05444277910395749
7.34,0.021083488034297822,0.012658945320719388,1.035496544701965,0.07227731593838543,-0.00016635047170558202,0.07987399532099146
7.36,0.02288165017273206,0.014438796983723775,1.0354927883548894,0.10434818802654429,-0.038643802465876224,0.0877219233861323
7.38,0.02469880923581349,0.015951808762578536,1.0352433814009705,0.12479827825398887,-0.06479710246776825,0.08207150926061356
7.4,0.026408517254218746,0.01707457993594096,1.0346819757510526,0.13362379782851855,-0.09381461725484673,0.06172752185882053
7.42,0.02792650513113531,0.01773937785751455,1.0336998681560154,0.13202167120067496,-0.11009225067961179,0.029400941780427743
7.44,0.029051700233134203,0.01776063396090838,1.033372701879183,0.11451587236323474,-0.11439437076688407,0.01526127385506907
7.46,0.029902810152945797,0.017431255895788138,1.031688896110767,0.08856647362014856,-0.10795022562556346,-0.00919033004899941
7.48,0.030379249828481347,0.016713697726291363,1.0293922423851274,0.052886343085444834,-0.08956902121514984,-0.04594647865679397
7.5,0.03032295452413657,0.015566215615753463,1.0280528032591254,0.028452971511096697,-0.05990094009297215,-0.06596721068561671
7.52,0.029871099707032927,0.014209522554306919,1.0270873588079898,0.016419530678869993,-0.045241644799421915,-0.07128666679774982
7.54,0.029173460614349837,0.012756304597355331,1.0261912509439595,0.016825495549146453,-0.044533937828983905,-0.06200294895822331
7.56,0.028375851608579767,0.011275760959405665,1.023546939561556,0.02276189488922537,-0.0381297040716249,-0.04364743853320015
7.58,0.027390988511480287,0.009738563876281513,1.021114822596264,0.014651700333543256,-0.018148794861541147,-0.010067310553499024
7.6,0.026153831454741837,0.008066191011507368,1.021239709399524,-0.010348943417941035,0.01885068575138101,0.041862779900450765
7.62,0.02483622211693415,0.006330800172134835,1.0219011365309842,-0.021693570141607693,0.04364834040040988,0.07801493732459963
7.64,0.023596243203187334,0.004643199955932887,1.0227964867163697,-0.020826963058407637,0.05612394628341783,0.09958383857419696
7.66,0.02252743116533737,0.003058917803866709,1.0238345822555248,-0.008472594338692158,0.05619650196356103,0.10687762792042205
7.68,0.021669775668420082,0.0015789189784524906,1.0248567697118942,-0.010172215821177723,0.042599939152702035,0.09965384734909798
7.7,0.021084958382670483,0.00017161231475523687,1.0269023844811342,-0.02741677374833205,0.013842066288181104,0.07642774088238788
7.72,0.020629973548885468,-0.0011895378634163897,1.0281493656575587,-0.033414832373266416,-0.007968174671270032,0.0401638489233815
7.74,0.020198160624119752,-0.002494250526408683,1.0274202868686249,-0.048376893711864204,-0.03968784584230492,-0.00397324631266808
7.76,0.01973252154278681,-0.0036762438535162924,1.026447445587709,-0.051528651176939375,-0.05957370178496465,-0.03457798600772871
7.78,0.019158319469686255,-0.004723172906249569,1.0243129523786083,-0.06623514139009273,-0.06771024487044432,-0.05306575922824674
7.8,0.018279942932650693,-0.005486210558273125,1.0235297797920506,-0.06798974943198376,-0.061315204287342925,-0.055641519828807585
7.82,0.017158810491255564,-0.0059831012119208075,1.0226207047136087,-0.057766488382305234,-0.06712230987294114,-0.04279183566853775
7.84,0.0159287737247072,-0.006342890540175341,1.0197030871978394,-0.05723181529479129,-0.06302972059532883,-0.02275246228194396
7.86,0.01449436438523308,-0.00650921851332925,1.0160454525358538,-0.04672205028134963,-0.04778466244074693,0.009592880241436128
7.88,0.012871641697314574,-0.006494792113173988,1.0115411314046496,-0.02615071475303561,-0.02179381342912468,0.05431682358626455
7.9,0.011057530851352427,-0.006295057057414577,1.0071197332121657,-0.016194758083561942,0.015088028299741861,0.08420538896246654
7.92,0.009115396458104408,-0.00595586897265883,1.0043819894423982,-0.02121825619495155,0.035607005277794486,0.09657657860271407
7.94,0.007240546276223698,-0.0055336398398175566,1.002514831836187,-0.04093521226533255,0.04122064074208524,0.09261705989977975
7.96,0.005490315155141098,-0.005021391286568701,1.0004086230083091,-0.04837891475579585,0.059497210591474746,0.07391437464583925
7.98,0.0038723992991152928,-0.004353094713059216,0.9978911471108541,-0.04515376718692359,0.06617218494458306,0.042263771147253285
8.0,0.002492974553865178,-0.003461382785373769,0.9957015184123391,-0.028258297387062033,0.05997487627159371,0.015611102397014366
8.02,0.0013825494202519462,-0.002370419586462936,0.9937581068783407,-0.02246424160373509,0.042432451792512836,0.004240594375339192
8.04,0.0005386317135469698,-0.0011501254809098335,0.9923514682864307,-0.028316777297134384,0.01279226853806707,0.008691269426962113
8.06,-0.0001020371757461104,0.00017745331352843406,0.9918063861500928,-0.020290498465495257,-0.003470580560348356,0.028404038389643043
8.08,-0.0007174129390338233,0.0015599617166404845,0.9893136968692686,-0.014969620911914333,-0.017478829572804243,0.04129774039644798
8.1,-0.0013429790189033231,0.0029948658322162614,0.9855616319285208,-0.019268195645663885,-0.022167053024968422,0.042333937650912375
8.12,-0.0020257175126800926,0.004473878183455814,0.9810879904729423,-0.011345618046762937,-0.014912094829285447,0.029855456138448682
8.14,-0.0027967736268607046,0.0060224133903729014,0.9765737078523712,-0.015023949887754955,0.0036745063380227505,0.0029965536185995365
8.16,-0.0036214362718614474,0.007608275076198482,0.9717104207971087,-0.006632636878021898,0.010136675057345288,-0.01860455214125439
8.18,-0.0044290258039243425,0.009259828262134572,0.9674071790450701,-0.010886800794863595,0.004212527004064505,-0.024730895740901176
8.2,-0.005160300100160986,0.010957183002267612,0.9665495711457894,0.0016513374382863906,0.014753510179733738,-0.011265140650043162
8.22,-0.005866039040265554,0.012712927369570314,0.9673280805144207,-0.0011378152818885168,0.04132165134809808,0.019522656680429688
8.24,-0.006484754280764116,0.014456465507944877,0.9700495687606239,0.011643753581211079,0.052176707855818225,0.05206255070584544
8.26,-0.006999956177604312,0.016203227011727703,0.9713400316559005,0.03323011024285918,0.05346478286800198,0.07328993378157482
8.28,-0.007343163079076378,0.017919412282328222,0.9719606057470328,0.04185966281202377,0.04258583818082549,0.08072964773249182
8.3,-0.007546854042872443,0.019561054268563537,0.9711551095466409,0.04058016082558995,0.04129412652893722,0.07715052087451496
8.32,-0.0074858729739446205,0.02098005399188909,0.9721985585122477,0.022704704484433846,0.024593912261111357,0.05523014189109107
8.34,-0.007167079754863868,0.022180646183730713,0.9751384689844572,0.01996646269670251,0.024797295973917874,0.015956915448284207
8.36,-0.006715808575405254,0.023270456187684245,0.9792988683248828,0.004169652619080958,0.010805755404937667,-0.006962485536395173
8.38,-0.006122789981276633,0.024248385514366266,0.9851959713658132,0.003294457229631364,0.010706500091890251,-0.01241156022171958
8.4,-0.005485940945325574,0.02520778953480391,0.9912912634541811,-0.009591979518980876,-0.0015154066137189307,-0.0031444514679019276
8.42,-0.004825646158656543,0.026158439119795398,0.9957210961052528,-0.014941673443311959,-0.006393269342901917,0.016096600259476054
8.44,-0.004171045035595867,0.02714074958678771,0.9996229992974475,-0.00923833472803333,-0.0003526510588997376,0.04846747134033823
8.46,-0.003534252528883766,0.02816054194371006,1.0021909326392915,0.006115479686900834,0.014994347671568362,0.09238155570097545
8.48,-0.0029000339656165305,0.02920234543186118,1.0033273971160197,0.030810913797036144,0.020487714881039343,0.12515407008918952
8.5,-0.002226004031329556,0.030230986361169547,1.0031475281425863,0.04599622460264203,0.03521518820598513,0.1465435705463309
8.52,-0.0014346768861959295,0.031122115281402837,1.0039228238884186,0.046187590100410146,0.03557599236376914,0.15090514715344172
8.54,-0.00046461550644463984,0.03183806549871222,1.0050925941268216,0.05970570131754933,0.0506191079878153,0.14055171424529
8.56,0.0007151889377644244,0.03235163473806626,1.007338676077296,0.057774160665114545,0.0513364239835501,0.11277001259122282
8.58,0.0021134853052957293,0.032669113867149435,1.0094128025103946,0.04225160668621076,0.03953937845855131,0.06996482568240392
8.6,0.003822683356392567,0.03270563422092896,1.012987124051287,0.01091566999000717,0.012387478087107034,0.009884336782511906
8.62,0.005754846624746035,0.0325332952970225,1.0179326490869984,-0.0031677817396094936,-0.031200413730879333,-0.03286550627769366
8.64,0.007729799273698228,0.03232247802035425,1.0225341360991445,-0.005100858835083246,-0.0636497754573489,-0.061783579562033335
8.66,0.009618280154515896,0.03212326800628446,1.0259288424799708,-0.018263848585976638,-0.08491663390780671,-0.07798760724177625
8.68,0.011259517434017515,0.03195928841962456,1.0292777795065469,-0.020410314111029757,-0.09444357041924664,-0.08000733646217185
8.7,0.012659451193550357,0.03186703636728578,1.0315769981666025,-0.013511070874905797,-0.09379323328211846,-0.0699878229887643
8.72,0.01386684188485334,0.031832609470083394,1.0320156179807367,-0.0031664494022314135,-0.08888509319430281,-0.05222146310940296
8.74,0.014789959896978006,0.03185955262385167,1.0315831169154799,0.016496672912646254,-0.07365586280165322,-0.021760020761819324
8.76,0.015435742365098083,0.031910839224639824,1.0303442480902312,0.04295747841073821,-0.048104804970092244,0.021995392121354526
8.78,0.015797539214223392,0.031904985448919454,1.0290098023941772,0.05592846065964138,-0.009711416194685994,0.08083594046975841
8.8,0.01591934343343034,0.031675209549928696,1.0288362714762092,0.055375360010411226,0.01415736247612702,0.12187357865824225
8.82,0.01601272072104159,0.03113487944823548,1.0302338901837245,0.039686091459713406,0.023534646947352796,0.14420572395406264
8.84,0.016175199642894593,0.03041765819496132,1.0310374888503957,0.03470514262749401,0.02294793166589945,0.15280900959145371
8.86,0.016466634322663824,0.02954114486489963,1.032371519291957,0.04344795531467461,0.03716521813039337,0.14630987322684275
8.88,0.016896312615105588,0.028512736485597875,1.0347358570654959,0.03705894563023647,0.03693709122413825,0.12263509045916833
8.9,0.017491543154147738,0.0273405099047819,1.03702572470768,0.01716077247759907,0.023818554841129616,0.0840145271268487
8.92,0.01825819140408338,0.026034574094750875,1.0395657194190595,-0.016402430033402252,-0.0031478335135571847,0.03063484710442929
8.94,0.019135153469046887,0.024663227430872237,1.042592412605518,-0.036645825569978016,-0.04267798579086995,-0.03719586003750458
8.96,0.02000284051805545,0.023330926778606684,1.0440128775395314,-0.04749862906005492,-0.07383163669350655,-0.09409636445503425
8.98,0.02075408723834524,0.022106933341830594,1.0443122019871711,-0.0667592415619907,-0.09368360566536259,-0.1383779564191651
9.0,0.02119029461489006,0.02113129997468428,1.0452371366826885,-0.07403872645502373,-0.10018864234535815,-0.1677009351040582
9.02,0.02128024615726904,0.020484528046869076,1.0463688688779627,-0.07045750487251037,-0.09360129162456016,-0.18302388442453382
9.04,0.02109715799442224,0.02012263937046929,1.046729027771963,-0.057670543922833294,-0.07554570545847733,-0.1860344749293366
9.06,0.020429253853720984,0.020291087023704038,1.0492762869681092,-0.030447549202247532,-0.07273913423750507,-0.1691927879963216
9.08,0.019489764158605465,0.020762461880614366,1.0521759591193571,0.008233737653747644,-0.05702949255379738,-0.13767189150289705
9.1,0.018347452366574184,0.021362825616940848,1.0542074544756748,0.056629522169695544,-0.0313255545250914,-0.09281883467775083
9.12,0.017016267555613085,0.021961550985253264,1.0556092022799286,0.09264516641386614,0.005886938028690643,-0.03318998548887127
9.14,0.015577258170820877,0.02239959350338052,1.05607939395475,0.11835158624299139,0.031529431448278994,0.03881219266461526
9.16,0.014146938707977586,0.022589775751041784,1.0552886508750334,0.13318312999967002,0.04659011054291127,0.09760442174738389
9.18,0.012835936886373751,0.022395307150357632,1.0538465600655498,0.13534169567887935,0.05091289206819693,0.14125919457101585
9.2,0.011735281137942928,0.021747459599321308,1.0520032636676215,0.12603371162369975,0.06824817319106866,0.17268949081770607
9.22,0.010951737080758733,0.020520004883521296,1.050780727527057,0.10170694105050983,0.07378253430224072,0.18600048703971545
9.24,0.010495669971434087,0.018878115487626603,1.0493044549953334,0.06349252321401737,0.06842423017532434,0.18349320261124002
9.26,0.01020907632667289,0.017077231837761192,1.0457558758239365,0.01588418196663467,0.05456654510497082,0.17468102414509698
9.28,0.0100709081253184,0.015184034197507721,1.0401658168870043,-0.030947300732986155,0.039984135550742594,0.1609187360987341
9.3,0.01004764603681054,0.013280268947353572,1.0326907962722909,-0.07442752111321499,0.021844573504325712,0.1405552222777474
9.32,0.01014989674178435,0.011513068104462586,1.0249387833514951,-0.10648366672688045,-0.004737204832165299,0.10743318716221237
9.34,0.010314842740317819,0.010179760536508849,1.0188914434912772,-0.1229409774718095,-0.01690734619099817,0.055654077397983316
9.36,0.010389178042805099,0.009439339831246616,1.014522933972738,-0.12390321821921743,-0.04487598985868351,-0.011513761973153621
9.38,0.010339827342912838,0.009336777259207958,1.0114419201005198,-0.10873180844116434,-0.08540838332457946,-0.06025015981773171
9.4,0.010131090345768937,0.009693429754078681,1.0081115654045767,-0.08196192043111232,-0.11218494336364492,-0.09735202751639689
9.42,0.009671051682375382,0.010414945787872425,1.0040533062425359,-0.04527790107172308,-0.12634525724137663,-0.12326939600120854
9.44,0.0088823472206352,0.011430521409589271,0.9992407645641757,0.0006272961815817212,-0.1283828449049237,-0.13729755766434365
9.46,0.007408657401105476,0.012792088665101188,0.9962068295737093,0.028294448825761286,-0.11335559794486927,-0.1336244621844733
9.48,0.0051447732646360145,0.014257789907188676,0.995441752414919,0.037113041100942566,-0.08159729604809333,-0.11097095252658601
9.5,0.002232592357081278,0.015649302752866502,0.9963339550035294,0.02875484001083768,-0.034294877013474924,-0.0707343770495305
9.52,-0.0011208521098535892,0.016894114359683736,0.9985041019969211,0.005046239962169985,0.02815801147025847,-0.014684509842161101
9.54,-0.004671538439086512,0.017992386332335648,1.0022817938120672,-0.002683917495107247,0.07427615411382095,0.05808578331338013
9.56,-0.008121556564681527,0.019070672191897023,1.0055917286034788,0.0014872957783281472,0.1090425916828777,0.11749236087738135
9.58,-0.011330284460525622,0.020170365412979195,1.0081869144314006,0.016036580251042883,0.13260279991053336,0.16432759365332922
9.6,-0.014244297247821176,0.02129937609377001,1.0095373288396543,0.03926756717626979,0.14595862919299357,0.19960984171736026
9.62,-0.016847936964046375,0.022440756229381083,1.0092583099371144,0.05063383956881396,0.14886095887847345,0.22318128374744226
9.64,-0.019019599863223092,0.02355346535803784,1.0078865990255497,0.048586577767930635,0.1407888144450286,0.23344918807053774
9.66,-0.020640470214776,0.024606725519324597,1.006078608141534,0.05555081754206017,0.12234140572277624,0.2293552847889302
9.68,-0.021542803933378218,0.025586997657628358,1.0051569568905545,0.04560098659986516,0.08983915531848151,0.20834599281552488
9.7,-0.021633820645636622,0.026403635114345497,1.0064345923430429,0.017529981434397112,0.04140847832859649,0.16937963304680564
9.72,-0.02128794282434806,0.027102349482143122,1.0082662212014546,-0.024841117669492714,-0.02128404002479991,0.11689500670608713
9.74,-0.020767938033021766,0.027759381705704602,1.010158947576333,-0.05339332112823194,-0.0706256199492412,0.0512096606089077
9.76,-0.020337745688592153,0.028498345112439972,1.0118468000622685,-0.06758017618122124,-0.10727177369673042,-0.02872410990241431
9.78,-0.02009886258105363,0.02936644097412499,1.0122146818414082,-0.07189421129735492,-0.13363732275011939,-0.09734835735373622
9.8,-0.02022094431187516,0.03047664668656914,1.0120758175094826,-0.06593828327859962,-0.14772212794085704,-0.15329590217276348
9.82,-0.02076444709657843,0.03186991055939248,1.0113429860929042,-0.050645745472483315,-0.1495355443662968,-0.19663492079438774
9.84,-0.021718020462005938,0.033528029700212236,1.0096903574212708,-0.02704111916063405,-0.13978703854006655,-0.22764155940124822
9.86,-0.023417572862947853,0.035616831261723804,1.009541226644895,0.007769321277256512,-0.11473130590418543,-0.24130262304518937
9.88,-0.0259769578275008,0.03808776341803998,1.0120521151193536,0.055170873188493556,-0.07350644492615689,-0.23463259124659827
9.9,-0.029037932907703647,0.040644655369381576,1.0150713739782904,0.10689566667122892,-0.019807820263919577,-0.20974740218855184
9.92,-0.032533424941685325,0.04300872915395357,1.0193463215913492,0.1429806496016107,0.047591593730059514,-0.1648153216609703
9.94,-0.03623757232723515,0.04485721104517123,1.024784961952892,0.16593315164352343,0.09912651722935235,-0.10395503083850816
9.96,-0.039872421271852664,0.0462838502321996,1.029097057138184,0.18015633251248345,0.13844481377976375,-0.031941937018413705
9.98,-0.043304843437320294,0.047275551923754,1.031923856629323,0.18634067153576217,0.16612599495243804,0.04986533070768538
10.0,-0.046375282893728664,0.04776019797647678,1.0335162756284069,0.17967269191595098,0.18479611864567086,0.11683239478056207
10.02,-0.04885377837261214,0.04763678113885487,1.034515379516386,0.15800347999217434,0.194168785626401,0.1670457938297904
10.04,-0.05044930702794325,0.04682601714349143,1.0358442855710754,0.11903602580924277,0.19326363628006732,0.198674226754572
