0.02,-1.5,1.5,1.5039121394180301,-0.01717168215785456,-0.016823637332296797,0.020476314256728845
0.04,-1.5,1.5,1.5078128462438118,-0.04644999280224316,-0.04501999357674989,0.055974394350518236
0.06,-1.5000655995460914,1.5000642791626002,1.5116096650416393,-0.0882953113277207,-0.08366728045570486,0.10736410838689185
0.08,-1.5003055638541565,1.5002895601717094,1.5151486129334257,-0.11717809785438692,-0.10915805226932401,0.14447487350498714
0.1,-1.5008926846485333,1.5008113003460222,1.5185035564552307,-0.1319721496934604,-0.12253379342539181,0.1660214462083117
0.12,-1.501977933294173,1.5017355022387506,1.5219088405384087,-0.1315979112594351,-0.12420763624970178,0.17090453080982937
0.14,-1.5041484088409165,1.5035029185057536,1.5289574380021693,-0.11486094690143157,-0.11425294745115663,0.1558690046219192
0.16,-1.507029540785401,1.5058077002628787,1.5369716335732486,-0.08130876667774589,-0.09125706120205701,0.12311641338915305
0.18,-1.510528875802473,1.5085682220182013,1.5457870146699797,-0.03193816189238474,-0.05458677407706814,0.07445833861985073
0.2,-1.5145016105755686,1.5116567411562516,1.5554066000763214,0.0019351993725805756,-0.028978013240739387,0.04365621415139672
0.22,-1.5187332676904675,1.5148706164798256,1.5657334236033122,0.021640729799538305,-0.015481103513775808,0.02914026144363062
0.24,-1.5230831102333433,1.5180667400528862,1.5764056566940106,0.028421861464208817,-0.014254046278441523,0.02952725129835306
0.26,-1.5274887085883757,1.5211675421777244,1.5872746820176988,0.02275287452578414,-0.025372448225025074,0.044339340183860085
0.28,-1.5319449071001066,1.5241433500852664,1.5984054846613633,0.004389895747796706,-0.04889524507644655,0.07395685040944573
0.3,-1.5364929593177865,1.5270196002869356,1.6096119424007627,-0.02685680262049091,-0.08407241759355055,0.11879724834841479
0.32,-1.5412182090481,1.5298619066719377,1.6206609594720287,-0.06951195241506947,-0.1066254059902271,0.15071314510523873
0.34,-1.546236770433537,1.5327583744588067,1.6312224204888004,-0.12221543696070165,-0.11768486085897142,0.16957960925738047
0.36,-1.5515600530716105,1.5357933124338787,1.6405250682175372,-0.16232334013070676,-0.11805558542795573,0.17533202008523174
0.38,-1.55724716783406,1.5390993476257249,1.6485921870685105,-0.18954336922897025,-0.1086936905829074,0.16706139610879683
0.4,-1.5634347163961744,1.5428952561012244,1.656215123327783,-0.202269979203893,-0.08904855661138915,0.14249432501972353
0.42,-1.5704813703879477,1.5477545554760643,1.6661126952745227,-0.19637606182011066,-0.056156076949011556,0.09655764198077446
0.44,-1.5782629110795812,1.5538167272802335,1.6784044956009674,-0.17344993597961167,-0.04124912700977879,0.036411282106783606
0.46,-1.5864541807923342,1.5609503679738093,1.6923580134559586,-0.13602137430424052,-0.03757966156570126,-0.0025473150233172146
0.48,-1.5948221945206003,1.5687630237150705,1.7063405903840725,-0.08592530443782069,-0.04382359536491893,-0.024462512324973033
0.5,-1.6033379198467168,1.5771541894868877,1.720689577522806,-0.02260377033058202,-0.06128185056337393,-0.03001024211400314
0.52,-1.6121167919617923,1.5861102300979875,1.737718073842912,0.02407178986417116,-0.09233157147549273,-0.016972952340126024
0.54,-1.6212927818325957,1.595217652719578,1.7575843223037069,0.052368769064378484,-0.10548158834114568,0.014831268989463879
0.56,-1.6309820604188994,1.604180485551612,1.779188051800908,0.06317062402238549,-0.10294513429578617,0.06493740691069325
0.58,-1.64139776142751,1.6127428056815882,1.8039127267115864,0.05459996281532475,-0.08304328221465995,0.13556891149506048
0.6,-1.652552470260823,1.6207504896986944,1.8323398109055014,0.03493004685918562,-0.07482717544134923,0.18692066404369498
0.62,-1.6642555985196428,1.628242315672408,1.8644013538858581,0.0007015680008810899,-0.048079479041906396,0.2180423583843786
0.64,-1.6764587051363071,1.6353390489812287,1.9003012443612637,-0.04835222291342991,-0.003163901397715322,0.2271732253429459
0.66,-1.688986732632433,1.642335397118143,1.939746628214142,-0.11292960500158863,0.058251578480645445,0.21245359946425074
0.68,-1.7015910388492208,1.6496708814808239,1.982851310847519,-0.16423940731740752,0.1321744242990797,0.17508553839287633
0.7,-1.7139262775860824,1.6578680399792785,2.029064626195959,-0.2011616720782168,0.1867996942790142,0.1178906103695999
0.72,-1.7254861125835352,1.6674108481453258,2.078516504270769,-0.22403759868711504,0.2208151180731613,0.04266738196879997
0.74,-1.7358125039253525,1.6786046968045516,2.131257700482477,-0.23229157409190118,0.2333266953323381,-0.04902460020177247
0.76,-1.7444449090240193,1.6916498849490667,2.18768091560207,-0.23179364316071419,0.24299995740015362,-0.12551753712805486
0.78,-1.7510681367275502,1.706492440423301,2.2479577932610106,-0.22776424048214297,0.2540382151233422,-0.19031128884035153
0.8,-1.7554687283739387,1.722960063528551,2.31207852915478,-0.2209253791368808,0.26712856351906294,-0.2438806889388264
0.82,-1.7574655978370703,1.740850669083091,2.3800126556408516,-0.21141515972868594,0.28249355947047267,-0.2863185377576154
0.84,-1.7569004858785333,1.759945938846462,2.451720532609395,-0.19910508249354994,0.3001527323929507,-0.3175503989173886
0.86,-1.7536357163671565,1.7800166271538693,2.527148429243713,-0.18350907238918168,0.31986815631047294,-0.33727598672215875
0.88,-1.7475622551933512,1.8008238574888753,2.606198203451859,-0.16305853395374575,0.3406245929007288,-0.3445155827462972
0.9,-1.7385718235052345,1.8221301149284423,2.6888027991363894,-0.136934408184828,0.36186818751391614,-0.33877988226372535
0.92,-1.7265470695899818,1.8436951394200056,2.7749642669210695,-0.10601862332894008,0.3841441328729001,-0.32059447722841483
0.94,-1.7113999387216752,1.8652685372473148,2.8646486025728723,-0.07036828705733696,0.40726896367611765,-0.2899308997852251
0.96,-1.6930528850980178,1.8866003595700633,2.9577920931896102,-0.029517135117832115,0.43051253013110863,-0.24642641311850794
0.98,-1.6714250867832998,1.9074471860859392,3.05431253894318,0.01711920468072669,0.4528217242573218,-0.18964814562521548
1.0,-1.6464275040443452,1.9275758601575819,3.154110583194996,0.07008126384082888,0.4728382874110414,-0.11921727461346333
1.02,-1.6179693702652056,1.9467692192563253,3.2570507555914197,0.1301663664931753,0.488472787917472,-0.034749794554690266
1.04,-1.585978288931581,1.9648371329030312,3.362921889580889,0.17811981958005965,0.48147767566882566,0.06432707631241885
1.06,-1.550385122203548,1.981614963818834,3.4714836938128855,0.21315919565540656,0.45022151478581335,0.17843156400641946
1.08,-1.511426176588297,1.9971758677102998,3.582195536783424,0.21834311308044965,0.40592444187640697,0.26538157595713363
1.1,-1.4692541580529865,2.011653062280127,3.6949895718424424,0.1930601939022625,0.3493620382423339,0.32569841062375954
1.12,-1.42387013823039,2.025180058016618,3.810443073692063,0.1527890225539657,0.2895070675824513,0.36973981355113555
1.14,-1.3757552444321728,2.0380429621119345,3.9285790339997124,0.09582128813851319,0.2235721457248195,0.3977303079542467
1.16,-1.325295792540924,2.050499345694928,4.049925857527886,0.05138435340582397,0.14357333308079445,0.4092342976633756
1.18,-1.2734349143688948,2.062860639402504,4.173508370042662,0.018874346259159076,0.0500511372005189,0.4024316511422755
1.2,-1.2215923186853688,2.07516492708276,4.294379250835567,-0.005003851634397698,-0.032947345660546926,0.3878370124626122
1.22,-1.1699654742998449,2.087398510419282,4.412457560271104,-0.019664663110141003,-0.10648007651496717,0.36826162080057057
1.24,-1.118706765877128,2.0995445817783556,4.527746428886597,-0.024685764296480367,-0.17080007576924372,0.3434977333547424
1.26,-1.067943823524211,2.111582829703313,4.64026249884747,-0.019528861673366912,-0.2259013448039064,0.3127519476852971
1.28,-1.017782087707144,2.1234893800681203,4.75001768094519,-0.0036668611212197864,-0.2716153177390328,0.2753925178043857
1.3,-0.9683057140081832,2.1352363353291057,4.857020299682489,0.023291651057083012,-0.3076048341590199,0.23109114978471243
1.32,-0.9195788506678074,2.146790862232965,4.961277530341088,0.061490565670144735,-0.33337083197232276,0.17990614885392847
1.34,-0.8716471615979672,2.158113911316605,5.062796984148947,0.11073471364213659,-0.348287966080483,0.12235285451773939
1.36,-0.8245391863399293,2.169158781365964,5.161586353377633,0.1698085416387616,-0.35236155686360565,0.059387609909663304
1.38,-0.778266825673717,2.1798700955678743,5.25764939340342,0.23031371608747728,-0.35336068746803473,-0.009051004066729438
1.4,-0.7328343555449093,2.1901804075237004,5.351000879101404,0.2784652629895588,-0.34443125809961406,-0.06977272687758779
1.42,-0.6882496854613648,2.2000262581955345,5.441643862451898,0.31383390665049476,-0.32669801643897883,-0.1218790246378234
1.44,-0.6445109874601447,2.2093627277713805,5.529586631136361,0.33639485644610867,-0.30109977034424074,-0.164973946252793
1.46,-0.6016045785410717,2.2181608243934225,5.614844633911704,0.34645391775417606,-0.26833135576770717,-0.19909066649428148
1.48,-0.5595030542298649,2.2264051554175066,5.697441368446694,0.34455552873870177,-0.22882512548015677,-0.224605802346078
1.5,-0.5181636043655747,2.234092033857052,5.777408321181715,0.3313929956695082,-0.18276444374934017,-0.24216231251450396
1.52,-0.4775264795481141,2.2412281115044768,5.854784024775043,0.3077277453883207,-0.130119466679972,-0.2526094740251112
1.54,-0.4375136231401878,2.2478295816492864,5.929612271700624,0.2743155699532541,-0.07069691506778915,-0.25696015204768746
1.56,-0.39802753529473267,2.253921955107629,6.001939501060942,0.23183478774760494,-0.004198025087891684,-0.2563637641213219
1.58,-0.358950489769417,2.259540379174401,6.071811365441764,0.18081024046264285,0.06971960534479196,-0.2520957178976664
1.6,-0.3201442804657398,2.264730435402147,6.139268489399042,0.12152531096785478,0.15137926214914985,-0.24556841614117383
1.62,-0.2814508784204352,2.269550637262498,6.204334672469689,0.06272111858834212,0.23215976446673428,-0.23890410614518004
1.64,-0.24269352644743006,2.2740698726224604,6.267031575515911,0.013180094144119617,0.30324090749925264,-0.23157879685260704
1.66,-0.20369957778581205,2.278360732411852,6.3273549448442905,-0.0267038479973022,0.36484892671633884,-0.22183665550961038
1.68,-0.16432145537073983,2.2824865530018013,6.385287124047185,-0.05627454973015348,0.41723765354271236,-0.20810312190206784
1.7,-0.1244362689628927,2.286501304905487,6.440803541119416,-0.07475734851074166,0.46061486125449386,-0.18901480896220776
1.72,-0.08394468347588835,2.2904494539945492,6.49387799724246,-0.08139862941968212,0.4950771489389078,-0.16348267280504428
1.74,-0.04276936277979997,2.2943656724480217,6.5444867874481645,-0.07560260402910167,0.5205593499977816,-0.13077693237773483
1.76,-0.0008532282058223359,2.298274308469975,6.592611714750009,-0.05706043481788582,0.5368072716506156,-0.09062098324818071
1.78,0.041842306754190976,2.30218855580734,6.638242062488212,-0.02585839631842977,0.543383332821121,-0.04327573703355365
1.8,0.08533903269268552,2.306109298366238,6.6813755735866724,0.01745926104501242,0.5397111263945652,0.010413462135583775
1.82,0.12964353843120927,2.3100236448806593,6.722018458372816,0.0719030175332959,0.5251553925307144,0.06903833227250335
1.84,0.17474872049799298,2.313903215451935,6.760184423869732,0.1361449486270421,0.49912359247611365,0.13073488002762707
1.86,0.22060636610530782,2.317704427060478,6.795843196865924,0.19553647018429668,0.46838481659834075,0.18966059189225026
1.88,0.2672155723226495,2.3213602918057807,6.829066245380992,0.24001764497140463,0.4281436795954923,0.2382592346421495
1.9,0.3145456093531569,2.3248079574571605,6.859872269647275,0.2700850613031377,0.3794817856711676,0.27662185530745137
1.92,0.3625525362801872,2.327995883824022,6.888285051269733,0.2866298815571901,0.3231761872856067,0.30532920325242824
1.94,0.41117749680349697,2.3308821326856477,6.9143338612796965,0.2907474295018013,0.259704139642233,0.3252690034056859
1.96,0.4603450339177133,2.3334330112926134,6.93805288610713,0.28358925488899256,0.18928108538841723,0.3375029015994266
1.98,0.5099614846824689,2.3356221699456885,6.959479704941567,0.2662545730678956,0.11191571548030056,0.343182004746972
2.0,0.5599135609947997,2.3374302192635654,6.9786528424467,0.2397083718610429,0.027471298733849566,0.343502090207269
2.02,0.6100659582721234,2.3388463645766473,6.995601792929765,0.21362628110796006,-0.05555740087111552,0.34118992579329255
2.04,0.660264049716216,2.339866232618406,7.010355994579455,0.18822110581822288,-0.1373045858845644,0.3361412064551892
2.06,0.7103530930038857,2.3404848291116176,7.022930848509396,0.16373254060465472,-0.21789959157459993,0.32818172975778837
2.08,0.7601794008111571,2.340697762740236,7.033328129423612,0.14044604507536723,-0.29746187444540384,0.3170601315608281
2.1,0.809591414279124,2.34050243712474,7.04153648199037,0.11871503239328565,-0.3760950013129114,0.302433643166841
2.12,0.8584390979053386,2.3398976603568227,7.047538536897743,0.10772926784230348,-0.4448774651404967,0.28404276088302366
2.14,0.9065775431184712,2.3388878621330997,7.0512982922757725,0.10821706828851554,-0.5037966028545359,0.2605593071549783
2.16,0.9538862939816479,2.3374715090367975,7.052774160151432,0.12091539419529843,-0.552725526082772,0.2309199370271474
2.18,1.0002709069236615,2.3356422672000456,7.0519172631962865,0.13826619882207192,-0.6001413240949219,0.1937850904310033
2.2,1.0456554866074228,2.333385279118962,7.048686784929228,0.16079324988719748,-0.6459913330310396,0.14838462932725355
2.22,1.0899663765147656,2.330690153783085,7.043038654486424,0.18936656393999768,-0.6897944955621315,0.09390196199628646
2.24,1.133131663796337,2.3275520572911748,7.034925705013129,0.2248777468636063,-0.730922679245435,0.0294805061915907
2.26,1.1750814007235983,2.3239723800650105,7.024298133002168,0.2681583209380608,-0.7685802986414847,-0.0456944491968977
2.28,1.2157434589631033,2.319957690483775,7.011109062185817,0.29857274873692385,-0.796878187529419,-0.11388880650056826
2.3,1.255052584010637,2.315523707793339,6.995304915292577,0.31407380463560197,-0.8168767770143154,-0.17288216456228178
2.32,1.2929560949844614,2.31070718425162,6.976845858287479,0.31311323451738143,-0.829449185975449,-0.22104271865467978
2.34,1.3294144262845728,2.305563189259352,6.955707225965558,0.29477837670703927,-0.8351745302231404,-0.25746090101261876
2.36,1.3644018006906475,2.3001629489918596,6.931880010248298,0.25885802841994504,-0.8342815803977616,-0.2820182051490662
2.38,1.397907155207738,2.2945922198794326,6.905370500772843,0.20585392852727957,-0.8266532579469851,-0.29540779654776816
2.4,1.4299353905636758,2.2889501152652434,6.87619911763463,0.136938591740354,-0.8118922629943908,-0.2991070024910588
2.42,1.4605089621608314,2.283348258800109,6.8443984320018645,0.05384318194158158,-0.7894384439220422,-0.2952839645042131
2.44,1.4896747996326283,2.277909537709177,6.810005626359096,-0.031971933425668606,-0.7676275123730661,-0.28728659137305396
2.46,1.5174961005550751,2.2727680016939473,6.773068061451809,-0.1203448042582252,-0.7459731941201594,-0.27524280324944034
2.48,1.5440433888039322,2.268055613237507,6.733623217094689,-0.2110780731311643,-0.723956044868627,-0.25932073336708816
2.5,1.569393263385111,2.2639018356540554,6.69169787628401,-0.3039239985422393,-0.7010288292608906,-0.23974370187640653
2.52,1.5936270895867968,2.2604331874764667,6.647307395825434,-0.39857373227818815,-0.6766240348434095,-0.21680076870442042
2.54,1.6168296260965556,2.2577727463073924,6.600455075700991,-0.4946519493639068,-0.6501635226883508,-0.19085182039751494
2.56,1.6390875821142783,2.256039587729785,6.551131644675216,-0.5917178716706529,-0.6210700145297767,-0.1623262207168405
2.58,1.6604881001730052,2.2553481479671826,6.499314884963847,-0.6892732542585243,-0.5887797877642832,-0.13171454321558929
2.6,1.6811171634376405,2.255807502798595,6.4449694239149,-0.786777071132399,-0.5527556626588596,-0.09955375286628934
2.62,1.7010579307523683,2.2575205598564754,6.388046725271226,-0.8836656227902704,-0.5124992001550337,-0.06640723648487595
2.64,1.720389008681565,2.260583166936786,6.328485316316202,-0.9793758705857746,-0.4675610464019067,-0.03284202266162357
2.66,1.7391826772092334,2.265083145356727,6.266211289601036,-1.0733692741323304,-0.4175485787966003,0.000593905212831397
2.68,1.7575030945200305,2.2710992646789103,6.201139118502466,-1.1651534565289867,-0.36213038610928805,0.033391294901071567
2.7,1.7754045161646688,2.278700183171744,6.133172824006631,-1.2542996533733597,-0.301037562731543,0.06509394834928593
2.72,1.7929295745638165,2.2879433869848618,6.0622075252831085,-1.34045494099553,-0.2340622092075495,0.09530621947986467
2.74,1.810107481533045,2.2988753587888695,5.988131773283809,-1.4126747145953362,-0.1686662208858552,0.11239879448196005
2.76,1.826952188320809,2.3115337411820516,5.910830336908611,-1.4727621039253986,-0.10646813573898498,0.1172953482567859
2.78,1.8434780468564793,2.3259362237991077,5.830203258519952,-1.522567095818826,-0.04860861447698128,0.11099652833188975
2.8,1.8597028418032613,2.342090014973703,5.746168694455955,-1.5635866164337864,0.004086427376081726,0.09424326642755071
2.82,1.8756508854188698,2.359995271902881,5.658662466782948,-1.5969932369416895,0.05103487164295008,0.06756921353335096
2.84,1.891359992183154,2.379602280218639,5.56763672657979,-1.6305898969445367,0.09849752576429223,0.03831847668966076
2.86,1.9068714031367366,2.400942223440572,5.4730598161721655,-1.6665830309141036,0.1497900574089351,0.008075688624897139
2.88,1.9222285565916537,2.4240107989042063,5.374900920441739,-1.6947129737917028,0.20614686649853725,-0.014290322339825405
2.9,1.9374698397231738,2.4487926754616556,5.273127531675462,-1.71390424675844,0.2681865483870795,-0.028818985305834124
2.92,1.9526140038217186,2.4752707628087363,5.167724521617654,-1.7228546623609948,0.336294610816651,-0.03529223186420496
2.94,1.9676626028554094,2.5034284949748367,5.0586961695006,-1.7199275232351272,0.41059281861936914,-0.033109312184926534
2.96,1.9826031205158408,2.5332512354587307,4.946068175230174,-1.7029846226578846,0.4908909158678188,-0.021108692955530056
2.98,1.9974128028372373,2.5647267918067214,4.829889549879939,-1.6691231074920083,0.5766045601113133,0.002698052196181819
3.0,2.0120635026626505,2.5978381697141457,4.710235003878228,-1.6299911366361628,0.6561271584026593,0.03096564290274061
3.02,2.0265264995509593,2.632576026897019,4.587204107540064,-1.584987877057264,0.7292913799091013,0.06430773221572822
3.04,2.0407810802565076,2.66892884645978,4.4608991119898835,-1.5335167373404734,0.7958929310653171,0.10332990522974846
3.06,2.054814192042488,2.70688291408661,4.331423737910273,-1.4750602917928506,0.855693414350683,0.14855416852280223
3.08,2.0686199596763317,2.746422326932791,4.1988821434240124,-1.4092947624951762,0.9084308822634268,0.20030419905091304
3.1,2.0821991078787887,2.7875290252358327,4.063378070515554,-1.3362439572119678,0.9538417821745262,0.2585513665295639
3.12,2.0955583245246903,2.8301828386088794,3.92501416225055,-1.2564540528822332,0.9916970743979183,0.32274007685598555
3.14,2.108709593270698,2.8743615400970994,3.783891438112673,-1.1711423891457982,1.0218517322434857,0.39163922520082634
3.16,2.121669517914619,2.920040902274434,3.6401089116814824,-1.0822481383772697,1.0443001537382999,0.4632918553548105
3.18,2.1344586549357105,2.967194750864979,3.4937633332516267,-0.9923164092244898,1.0592223771538516,0.5351314376982915
3.2,2.1471007627814935,3.015798168341089,3.3449498057929863,-0.9041081612790753,1.0669375557143748,0.6043255649410537
3.22,2.159619252759779,3.0660027582885077,3.1938107425491467,-0.8155822891892748,1.0641355084725708,0.6700718105952029
3.24,2.1720402761954123,3.1236169424647073,3.042269242846181,-0.7171236560547736,1.031396965902907,0.7286444077710723
3.26,2.184518942065021,3.1887831024705897,2.8907270974740795,-0.6068219565351074,0.9746407157394257,0.7825316563888062
3.28,2.1972844028125675,3.261253117685519,2.739662318286939,-0.49358935726710884,0.8932403555402917,0.8223772404179127
3.3,2.210630005334563,3.340650250336741,2.589713782254404,-0.38205069967671806,0.787409764813402,0.8426588256996078
3.32,2.224886315354023,3.4264207882062605,2.4416541859757417,-0.27283047513736997,0.6580330019086085,0.841026470268128
3.34,2.2403797702424932,3.5177810831682415,2.296346837130081,-0.16379987291606915,0.5065841475838576,0.8164710970811505
3.36,2.2573759486684835,3.613669280492809,2.1546801901346693,-0.050923520900530136,0.33529193901606086,0.7675313318199903
3.38,2.2760087413672743,3.7127154212748024,2.0174758978522895,0.07178075349011985,0.14764589449930773,0.6907535470509509
3.4,2.2961991479490558,3.8132452088199345,1.8853637773728031,0.1947699692945437,-0.03424977529361589,0.5833132603442399
3.42,2.3175799359342464,3.913344892269604,1.7586565709441704,0.3274900177818978,-0.20442559018979045,0.4420192253276316
3.44,2.339468608366462,4.011189901992478,1.6372473660951532,0.45725841853430527,-0.34063794734454284,0.27111185152930045
3.46,2.360896285219773,4.105186563298083,1.520619675031071,0.5834802157479834,-0.438951735409919,0.0753228074960748
3.48,2.380734690612813,4.194263475550454,1.4080223787433805,0.6992851593476693,-0.4975018730070648,-0.13637723950611355
3.5,2.397804359238553,4.277885629225775,1.2986305272637084,0.817849568970378,-0.5410308528882395,-0.350223572960349
3.52,2.4109691528546144,4.356008492343994,1.1916954548952092,0.9362626081089095,-0.5704198053243643,-0.5637952192420065
3.54,2.4191432747713484,4.428883127096126,1.0864473656141262,1.0516848195753956,-0.58721331762187,-0.7745461589636699
3.56,2.42134673761336,4.49701960184268,0.9821190624231603,1.1618288172122142,-0.5934209722368424,-0.9803359932108892
3.58,2.416746962672602,4.5611428911276155,0.8779637478861675,1.265271518197324,-0.5912571892357813,-1.1797755263457776
3.6,2.4046879215526547,4.6221457295591835,0.7732670375174988,1.3615172244219973,-0.5828915166107029,-1.3723133816314501
3.62,2.384708357523888,4.681041358742476,0.6673538840408753,1.4508691650062193,-0.570260251163539,-1.5581237342029572
3.64,2.35657896206029,4.738920489657964,0.5595861627710668,1.5334499499475047,-0.55530387466674,-1.737283851596364
3.66,2.320829421818735,4.796870116143182,0.4493147177307661,1.595594572959202,-0.5472877921573949,-1.8989822340389904
3.68,2.2784001643194447,4.855771492763889,0.3360058093441617,1.6332518464846177,-0.5545287984986524,-2.040300109381912
3.7,2.229827658279924,4.916397934070312,0.2193347620594615,1.651789820496412,-0.5803139807397727,-2.1656061754210034
3.72,2.175590506636172,4.979424392965088,0.09914078724941949,1.6550291760051037,-0.6265874107851701,-2.2780109363404724
3.74,2.1160020959476507,5.045536486558802,-0.02462880740896893,1.645211967033568,-0.6946918715555461,-2.3795085685938147
3.76,2.0665662412571026,5.086156718476579,-0.00872949431060047,2.6316090692416596,-0.22451814044798402,-3.102113555042146
3.78,2.015974019247292,5.127900488521846,0.0030903856085800815,-3.067370390132776,0.5273576649055682,3.0403213024531053
3.8,1.969619498779807,5.170195948868626,0.017280103195053836,-2.5134619443877915,0.6312083233879651,-3.067756546049764
3.82,1.931470868265347,5.208866531122502,0.029401839967510262,-2.008174916881425,0.6555086424559382,-2.897762195166642
3.84,1.8996565444964297,5.242143285122066,0.03591303941678166,-1.37455605143246,0.6962039833631037,-2.6176234744448066
3.86,1.8745008340167872,5.26847589102163,0.040869443490785175,-0.5849743149848814,0.7157439691599677,-2.2432806801688328
3.88,1.8526335123249098,5.287045129762971,0.04315861393457242,0.1346684180793864,0.5992974521999249,-1.9781769494091814
3.9,1.831579659957407,5.299051539414966,0.04684257747133126,0.7521040477732853,0.41942759473888475,-1.8337261171677406
3.92,1.8132943600765286,5.311079361319006,0.05651188631758703,1.188682557328221,0.22027666173522867,-1.8270497746754313
3.94,1.7936941217381783,5.32288572104879,0.06346326252587403,1.620994738641817,0.04333455165527448,-1.8605628668785446
3.96,1.772450117312619,5.334957119553257,0.06714745671219295,2.057896383414415,-0.11619998588970967,-1.922253834895136
3.98,1.7494893887077396,5.347534274675966,0.06681309550079904,2.4942466035636475,-0.26813300681688135,-2.0068607720723595
4.0,1.725014718034848,5.360552845704257,0.06170645238659658,2.937418567383493,-0.4154112441563283,-2.1326510021272553
4.02,1.6994206339205045,5.373662205142603,0.051278544768008874,-2.8790964397101986,-0.5427787340310628,-2.3261019571382953
4.04,1.6706473177846752,5.384830642944863,0.02937614827830242,-2.34559989744619,-0.618168262276613,-2.615995630982088
4.06,1.6436986324367564,5.381857147188419,0.030416749183982635,-2.199323522887043,-0.21123945386560136,-2.784500393082697
4.08,1.6177643930764591,5.375217212730104,0.033809382513087544,-2.17476641097518,0.20532251833346662,-2.9055604598330262
4.1,1.5922851641684403,5.36678122964204,0.03488511965425041,-2.251414209105118,0.6146093478998198,-3.062283785679218
4.12,1.568706873505296,5.355437371777125,0.038682258199237075,-2.5277941876660432,0.962653966387774,2.87728992424227
4.14,1.5490073350045712,5.337977122530447,0.03913129672538084,3.0258038874769637,1.0340534563824333,2.0945769857078558
4.16,1.5304453699511178,5.318875894582817,0.03761819689215565,2.474206409641678,0.793274832154335,1.5106137764347913
4.18,1.5146821851214434,5.297287739933195,0.038668805905435276,2.263941829431511,0.41974962158179846,1.2567532847828478
4.2,1.5003791605833658,5.274465857801392,0.03739423201687115,2.202691252458716,0.005060776019625521,1.1152469451289009
4.22,1.4896605939519365,5.249853210819004,0.03853934282957329,2.253475328201333,-0.4056534122980646,0.9715080520626037
4.24,1.4828515793040913,5.224613863967189,0.04201881527523699,2.4543401745878892,-0.7669631400629011,0.7138902843400136
4.26,1.478087027733565,5.199058598522498,0.04339850598110565,2.9539811930797155,-1.0021135107856873,0.16922269492198333
4.28,1.4754501742177075,5.173261666562105,0.04299100106372337,-2.632305675953581,-0.9512255877955312,-0.5725511099494067
4.3,1.4817661937917523,5.147701971197531,0.04392770543484587,-2.3387105019554104,-0.6174530969365699,-0.9492717950507956
4.32,1.49530024652609,5.122410264377211,0.04046009822132032,-2.3406950812998306,-0.17737649378364018,-1.106134639408413
4.34,1.517145016752247,5.098878635073637,0.034614015639844134,-2.5577048814272016,0.28760623571203375,-1.2851097954565471
4.36,1.5464570206447692,5.080495319393978,0.028489719624168398,-3.1218889998606123,0.5769536591181869,-1.723363990300945
4.38,1.5799485857559445,5.070571502258669,0.022407025493711184,2.632793904734511,0.2784870996964663,-2.1906975094067986
4.4,1.6124758074206869,5.065599037503778,0.01907410909957501,2.552030662973363,-0.18692083574983265,-2.425046429748703
4.42,1.6414581783747035,5.064423549920914,0.018651221757467504,2.768073142914879,-0.44107476518643773,-2.688103734210261
4.44,1.667833409641207,5.064810021090498,0.01667439375011837,3.0901572850046306,-0.49236917058449603,-3.001363982323683
4.46,1.6916768288630728,5.065966257407422,0.012456353062302798,-2.9498113510141084,-0.33129582583556333,3.049459556282505
4.48,1.7096275754825807,5.067131140721715,0.0005811895755736367,-2.9460861472976387,0.011543092659664146,2.9896114942700818
4.5,1.7231278666746646,5.065503995156237,-0.018759806082731405,2.9561070378355847,0.2961008928272805,2.9762305516598464
4.52,1.7375281516545327,5.064999146613646,-0.03455395822532721,3.026269503424066,-0.12504421926525236,2.9719556614084874
4.54,1.7504227044237421,5.067409358970224,-0.04922542834442932,-2.7719997314964138,-0.11358226860467248,2.895795936149681
4.56,1.7575576292621657,5.0667852915004294,-0.06330168405768705,-3.097763089161036,0.1574966447501073,2.975957116778042
4.58,1.7664972747850096,5.061886593366055,-0.08160924269371195,2.745970264340474,-0.18783701491824312,3.0979626210399975
4.6,1.7727469107691796,5.063889672640099,-0.09038504174295513,-3.1117625680699663,-0.24539785543252435,3.0951489921274624
4.62,1.7742382003815629,5.068917294097476,-0.10382846715155547,-2.8053595536956917,0.22548150454520355,-3.0779242369674353
4.64,1.7783941157217606,5.067882037981192,-0.10939302323212383,3.099683052415499,0.20561266234242292,-2.9958893014533263
4.66,1.7849349200612779,5.067249524648018,-0.1161606699416753,2.7755268109741236,-0.15754499106540515,-2.862979654365425
4.68,1.788044091207739,5.070876529530263,-0.1174355811068613,3.113050366358295,-0.29040195240202504,-2.8327044321199097
4.7,1.788128655060941,5.074509789072742,-0.11904116427599207,-2.8594760083151938,-0.04712147800035948,-2.771255427272755
4.72,1.7878722705952257,5.074783598074096,-0.11981317859616786,-3.0204544429896414,0.2707520921999525,-2.6531726982782953
4.74,1.79088637396148,5.074696537776435,-0.1199324943233098,2.9314341581092904,0.17242370415156144,-2.5881514458289425
4.76,1.7946238416168003,5.0771772633577505,-0.12063492340468997,2.8602419073063263,-0.20558021909395235,-2.4742703600580778
4.78,1.7949273574703462,5.081149249444071,-0.11975795960710701,-3.077741243987871,-0.3315117896132638,-2.470860132439812
4.8,1.7901464283049358,5.083085502740615,-0.12323481005775881,-2.8307995399854007,0.019790381957720163,-2.422600298501805
4.82,1.7869489900930897,5.081544968763615,-0.12527465601083007,-3.090497545242358,0.3464909395105408,-2.3606449156237885
4.84,1.7883621582824472,5.080795934372985,-0.12685691338033184,2.8633900598176543,0.14153712966835838,-2.305076581480114
4.86,1.7890205104922943,5.083452712673263,-0.12750242761446526,2.970471981313704,-0.2209326204220486,-2.1669915309501655
4.88,1.7865260745120266,5.085379903553625,-0.12741566822612946,-2.942433938069315,-0.19954359034071914,-2.115222920156454
4.9,1.7829562649090003,5.082950081538796,-0.13166655238766048,-2.9596382899770166,0.20849537722284026,-2.0029764155839898
4.92,1.7840964902512038,5.079452140998798,-0.13930013843109676,2.848257706095708,0.15871093379187548,-1.9715114716188271
4.94,1.7834737640074505,5.080489341102295,-0.142870458420014,2.9515446248661514,-0.24550766358727097,-1.8180542573585758
4.96,1.7795099319451915,5.079332159740913,-0.1441355220924067,-2.9148232283545608,-0.19070135136781444,-1.7620392257229882
4.98,1.7762821499659973,5.073461269063639,-0.14897722424457982,-2.9029108260950642,0.29344958418483574,-1.6454892709793103
5.0,1.7783732694799006,5.070459609082952,-0.15370758627481146,2.952731454154079,0.1213934685760275,-1.6485673767515967
5.02,1.7785428263336818,5.0704885118961736,-0.15706868740310895,3.0079463101467123,-0.3412295369134314,-1.5355031395474128
5.04,1.7764162383756676,5.066013239539655,-0.15585388290533478,-2.9577833806934812,-0.18270180657847482,-1.4984297639227122
5.06,1.776015852999233,5.057282733106523,-0.160267876092029,-2.9484095328129887,0.3120627054134087,-1.427963125823539
5.08,1.7798231050457538,5.052621062062531,-0.16472025807367457,2.8844261156470288,0.13931478832309568,-1.4873691304562717
5.1,1.7809411031672628,5.051221103832822,-0.16684242196676358,2.9567463798761913,-0.3200108396931825,-1.3928113968584312
5.12,1.7788146354049208,5.046208327814209,-0.16521541847898774,-2.9344024276005705,-0.2534964830937621,-1.354004089568782
5.14,1.7787816216437768,5.036355186764167,-0.16792704084067894,-2.7982541574728717,0.24187145196346588,-1.246815405840414
5.16,1.7847404066692854,5.029836533938737,-0.16998168789370907,2.9725576984426727,0.3242073361455559,-1.3150355933111355
5.18,1.7894369273196262,5.027752742084904,-0.16921870300681727,2.743885636326019,-0.08316319603258912,-1.2068893475742741
5.2,1.789337525020971,5.025043876754338,-0.16511974628212925,3.020245725342699,-0.3280896933438697,-1.0560581304303007
5.22,1.788928231851256,5.019317897544195,-0.16132421138036146,-2.842002183079386,-0.2680398002095732,-0.9786161306833095
5.24,1.7934395373471284,5.011060528853067,-0.16041658182558144,-2.7785902773666242,0.19457515939268413,-0.8414504357843756
5.26,1.8020535393598276,5.007615087532421,-0.1607085239109405,3.0246239930101106,0.31564420462357773,-0.8832239408899022
5.28,1.8076108815157785,5.007013422524476,-0.15868998754576438,2.8002569203626866,-0.052409361027225744,-0.8162378932042197
5.3,1.809595579659625,5.004500034414248,-0.15480055034969473,3.052429171673345,-0.26792673941361056,-0.6945061202579238
5.32,1.8120918062001017,4.999476175960905,-0.15212775498799352,-2.855674430774999,-0.19701737432031702,-0.6143979521741563
5.34,1.8192601038319398,4.994968574182317,-0.1529696056173155,-2.9367287295005053,0.21201009990041925,-0.5167090372018167
5.36,1.8280636604050104,4.995395985046444,-0.15761881155542892,2.844062479343783,0.20270645064440868,-0.537813566455649
5.38,1.831726761685278,4.995012307095732,-0.1576159457124353,2.962847663678251,-0.1357989639983613,-0.3914017408486351
5.4,1.8347077591364547,4.9919975042756235,-0.15854592436460002,-2.908999354713592,-0.2733884013178014,-0.2989830645916969
5.42,1.8421548530641139,4.9908374303081215,-0.16077899690603745,-2.98800939320342,0.12626324244982912,-0.19973665052967293
5.44,1.850031298653459,4.993784668661942,-0.1674977563343631,2.7839218041862117,0.09405398364431716,-0.1994891784346072
5.46,1.8548988446173529,4.991678051851856,-0.16777928683946575,3.0789544643891795,-0.05043691644746314,-0.10680398174384234
5.48,1.8594120709826618,4.98808433363068,-0.17190343431632052,-2.786984252715498,-0.11469934680316428,-0.023955963016694733
5.5,1.8654299175510989,4.990000304186932,-0.17600367803001243,-3.096728627975441,0.18350953119569635,0.001649424905225322
5.52,1.8685556580727805,4.995421930621135,-0.18407437709423077,2.7560799936480818,-0.16843424225786635,0.009468129021385153
5.54,1.8724897889194505,4.993936880221162,-0.18370068915861523,3.114654991727982,-0.12990139811597953,0.052546540091022206
5.56,1.8779212224954955,4.991646795878181,-0.18648320399639104,-2.7641856367674293,0.11424856995395508,0.14572553391847845
5.58,1.8804539749140454,4.9946106099569985,-0.1880916649730341,3.1209650904677098,0.07684997391286585,0.1667623399951523
5.6,1.8807565466821339,4.997790698618647,-0.19134784334942037,2.781619196838478,-0.3102923395951096,0.296800820120487
5.62,1.8871064169474117,4.997352047002773,-0.18608399192143796,3.0234751448684185,-0.1594676515567049,0.32763938971927226
5.64,1.8943312683630498,4.996551630142567,-0.1859370454865439,-2.9983435585791534,0.01930537937836612,0.3878934692917669
5.66,1.9004963368976415,4.997879276470937,-0.1905384354214611,2.8903271153472647,0.11284308009936234,0.39780572315195417
5.68,1.9059866175774194,4.994647331589382,-0.19123561272588663,-3.0969749924463668,-0.0500903537148897,0.4895033578948765
5.7,1.9112375715154073,4.992675366457017,-0.1968722584935973,3.0082742334142623,0.31107285816529445,0.46794372599010164
5.72,1.9125388190706567,4.987093157262818,-0.19733743359094486,-3.134129128110647,-0.01993510117223929,0.5406980137216416
5.74,1.9132265889440518,4.98273175037324,-0.20255370603346642,3.0318289613057834,0.3350008246613386,0.5034663929224114
5.76,1.9103285986487941,4.9743534869375265,-0.20266554474433418,-3.0593545947004723,0.018635801956450072,0.5444029923971349
5.78,1.9035530079605398,4.9666198713589935,-0.20760570679285775,2.8993874067515018,-0.4930608655784428,0.6584587382585562
5.8,1.9053213461965275,4.96237836078478,-0.19972764073624533,3.026429008406163,-0.24879388323942297,0.5828675679039067
5.82,1.908142964222911,4.958350712265273,-0.1970821650771726,3.139043107119026,0.01689776748383476,0.5446986784281908
5.84,1.9092501012908882,4.953314186000622,-0.1952164908505001,-2.9303426007285864,-0.19924234802927185,0.554542390378054
5.86,1.9105610295855642,4.952594149815839,-0.1968902715297206,3.110907550842074,0.07677528032998839,0.572789611514194
5.88,1.9097395290640171,4.949794949762276,-0.19739891977092028,3.1223806479191345,-0.24327148002115298,0.606378401294785
5.9,1.9131675866642814,4.94763312190396,-0.18339348002079855,-2.890801452461121,-0.17064834405198331,0.6158364886253348
5.92,1.9138439034776988,4.948432836813779,-0.16759343243746663,-2.9118289482562196,-0.1570055876181564,0.6062050863896374
5.94,1.9138997165658223,4.949106225315454,-0.15306565806062397,-2.9309718484732588,-0.14435078327549158,0.6078304411667477
5.96,1.9144736914048126,4.9531265726335,-0.14814808533201182,-3.032274700278448,0.019176733388569626,0.6331555741249089
5.98,1.9134787375296345,4.960240715641315,-0.15118504021289675,2.9028556500592306,0.28947852526069096,0.6147100668090318
6.0,1.910943715555458,4.962532119688386,-0.1496659266295766,2.924211579147153,-0.009559347039702773,0.6446178018430622
6.02,1.9087649415354284,4.962699782327217,-0.15064707362448748,-3.0922355026851336,-0.28400929272981373,0.6689085236117454
6.04,1.9107306930846675,4.96470601539898,-0.154975153379829,-2.964764042041977,0.09137613907673321,0.7422041802422282
6.06,1.9104604570536103,4.969675498791869,-0.16331290517445296,2.8148942875480896,0.2421174471094874,0.719214102829392
6.08,1.9106834033802258,4.968138882211663,-0.16400171225469584,3.0304402830699084,-0.032658128059804975,0.8227864254347563
6.1,1.9118538361190114,4.965487062919985,-0.168367366666065,-2.868800031610086,-0.2822836429450327,0.8377422410955846
6.12,1.9129898911663719,4.968836734979164,-0.1720432229558951,-3.0788799279910695,0.06564133535454943,0.9295415882202896
6.14,1.9111173123477492,4.97484621361252,-0.1816870308628599,2.6269771089840486,0.05298978745590307,0.9693163585609517
6.16,1.9149774653293103,4.9739756503996695,-0.17899942727037974,2.9211163655566628,-0.11890220839742446,1.0820252367037524
6.18,1.9205975618511268,4.972605237574668,-0.1796780110064471,-2.9311178591876192,-0.21136496813890782,1.1348932117047572
6.2,1.926040071573124,4.975573932788971,-0.18267031728151323,-3.00160673462069,0.2295262718760471,1.2360618252376163
6.22,1.9265470374341813,4.978200067145196,-0.18795806055862707,2.8100963248106914,0.06734899344436467,1.3001526231285099
6.24,1.9315363317971195,4.977960599325308,-0.18794571505479973,3.08132701073585,-0.2312009187630154,1.429317606761188
6.26,1.9373791480833242,4.980713182442419,-0.18702117599970738,-2.7947005015566027,-0.01826649448798143,1.4781506300227518
6.28,1.9385897074443112,4.985272873293022,-0.18742192302819058,-3.1384384392579507,0.21122396187244877,1.5205639443458259
6.3,1.9367175406309936,4.9864627081075,-0.19212693719435103,2.8164885467300604,-0.16708866705602554,1.604233098687948
6.32,1.9403095465136067,4.988806361474869,-0.19113704006277818,-3.0864231284348347,-0.24244466618808852,1.670462523497407
6.34,1.9450942309142587,4.995578908630846,-0.19527497299849436,-2.7830629920013132,0.20196277295171414,1.7869044320971808
6.36,1.9442120975628756,4.998889950606844,-0.1967760248168188,3.041489139921031,0.17047154312690596,1.808428467940678
6.38,1.9448479212533922,4.999186092016806,-0.19732723176463912,2.888347267982438,-0.29347640785522,1.9656125704042715
6.4,1.947784058728736,5.004224243363703,-0.19278338166539807,-3.018078741403255,-0.28977607610820844,2.003086861721283
6.42,1.9488141577727234,5.013690488029674,-0.19343891096715687,-2.8009023295252327,0.17059718022787454,2.0896735310527723
6.44,1.944369923785536,5.020201880152871,-0.1943330080988657,2.9893421008774355,0.369875380860411,2.0554477282384243
6.46,1.9429919271247427,5.0222007870840555,-0.190369257372257,2.814048828318024,-0.0023994868768151454,2.1826918924202494
6.48,1.944983784966585,5.02489005482716,-0.1859314473843693,3.04083533604945,-0.34725694899211645,2.3492319841043097
6.5,1.9448475094082969,5.0306176383100745,-0.17964514094399217,-2.8746601933290745,-0.20545077809612278,2.4107084148801374
6.52,1.9401176184386317,5.037288621449948,-0.1779759047660175,-2.9200751636111666,0.2359231080487785,2.5336918559335
6.54,1.9334476607827757,5.0389895967585545,-0.17925083046385407,2.869309855069232,0.2516935810581053,2.545124865470217
6.56,1.9316948853419735,5.040382672718201,-0.17657643259625894,2.8524605619046417,-0.1359528553918204,2.7326226189478637
6.58,1.9308943442129634,5.0448665517868045,-0.17363286237503503,-3.0737473913089484,-0.37593435508208184,2.848388327295037
6.6,1.9254146913190597,5.051284091188602,-0.17326636630727077,-2.790224892662612,-0.002939403920769273,2.946649049473164
6.62,1.9166711199904802,5.053375655206531,-0.1753271694532032,3.138779450442435,0.3989385241855744,2.9888269954346245
6.64,1.9130487284743205,5.053517900459066,-0.17221991784046098,2.8114035423713073,0.1329987908693732,3.0487491100538118
6.66,1.9121742921520222,5.056139937103591,-0.16814386002990722,2.8850664909904737,-0.25089993934430765,-3.045305655409616
6.68,1.9089614941614776,5.061360684882689,-0.16307709513735577,-3.007273413201281,-0.3530518765792801,-2.9851489411953165
6.7,1.9029496343514885,5.064662035695251,-0.15707582666438108,-2.770211080053639,-0.05063478384933497,-2.9055676006420637
6.72,1.8965934525605133,5.064841137351277,-0.15112401168068199,-2.8656972604814364,0.3178333219986328,-2.8019609854485634
6.74,1.8929143699674362,5.062689667398976,-0.14463677175427944,3.0584315397856088,0.4377194770415162,-2.808938227424402
6.76,1.892760727645456,5.061220390847554,-0.13775254741206067,2.8199747714239924,0.23433324504646535,-2.732447901398403
6.78,1.8937300979629654,5.062175537378362,-0.13229533984109798,2.7954588705859402,-0.08696983785966787,-2.576430010424915
6.8,1.8934732124986995,5.065419971939961,-0.1282537883976368,3.012453941232432,-0.37069574222065843,-2.4646785319289477
6.82,1.8900061185063448,5.068293511331844,-0.12411918075999835,-2.9015731822278013,-0.33891074911786057,-2.4408741565024243
6.84,1.8848120628563736,5.0676381875954375,-0.12073419655598423,-2.744666094610685,-0.01059422417401004,-2.339962893559739
6.86,1.881459888336155,5.06427897638663,-0.11731180370424757,-2.912696704819134,0.3079481800711692,-2.242428459802995
6.88,1.8814088593823368,5.0608579788739,-0.11397086623968922,3.0173410757213426,0.33774482993957317,-2.223426239972526
6.9,1.882702628559043,5.060026449011334,-0.11121620114945735,2.8139975566174225,0.06940705852288338,-2.134741440288109
6.92,1.8825976998338512,5.061630022891155,-0.10927262504308456,2.9219513305719826,-0.2446987246225418,-2.00439405949356
6.94,1.8796869824648068,5.062971960980593,-0.10805106442906298,-3.013546943458434,-0.3333281357443307,-1.9595097379207584
6.96,1.8747451643539688,5.059491019019023,-0.11112839865942543,-2.84427834610847,0.03225994788467726,-1.8698042448079777
6.98,1.8737640640146032,5.053047516784911,-0.1179006222667903,3.040703483112072,0.28956861074114776,-1.857858368687881
7.0,1.8733845716512658,5.051087895758161,-0.12116997160326229,2.940331659039859,-0.053538182475409354,-1.763572633614222
7.02,1.8703114716249758,5.050070888780664,-0.12472042302088246,-3.0244103339701938,-0.31111918942886146,-1.6910873431611155
7.04,1.8674835047715719,5.04422964258867,-0.13023003897204427,-2.9539458774553986,0.08590246470237077,-1.6106247328807812
7.06,1.8688435337178777,5.036968648630096,-0.140189682563137,2.830293951387691,0.24358027780493122,-1.6142377040644116
7.08,1.8655158509408492,5.033911779816806,-0.14291996230396192,3.056352636280768,-0.014570922524613976,-1.4875073930215654
7.1,1.8607059629039657,5.031268058116492,-0.14937604373822982,-2.8500729052467197,-0.2552988750078575,-1.4249756922848926
7.12,1.8611672240059947,5.02574304856488,-0.15505764836316718,-3.0310011792611347,0.13220857687765808,-1.3719146821704034
7.14,1.8661434447733605,5.021453022814838,-0.16564310096368123,2.6610945629401743,0.09541526858424919,-1.4162960504057598
7.16,1.8628209590004203,5.018713629268655,-0.16485998023657275,2.9734469488128155,-0.03711318960352417,-1.3358040241520968
7.18,1.858236144968088,5.015971111027593,-0.16880734016129464,-2.945611568026277,-0.17398423327460086,-1.2958596489915981
7.2,1.8590295405063506,5.008538418286734,-0.16879481556699738,-2.7868086537579213,0.36084131806665376,-1.1727179538945007
7.22,1.8650871529950395,5.007071970527892,-0.16558815420283352,3.0778416082992055,0.3589384842820113,-1.2350927356769432
7.24,1.870600140520263,5.008774799894027,-0.1628576634370257,2.773213338431784,0.038049870272020024,-1.1877981517214193
7.26,1.8722868600141587,5.011046774324731,-0.15875885254897937,2.9074473441525805,-0.333675301418691,-1.063412810701013
7.28,1.872385786969882,5.00966548112536,-0.1531101063631088,-3.015573864903895,-0.34441217881431774,-1.0145793215105086
7.3,1.8750403297535196,5.003366389041526,-0.15241555136590498,-2.810165284195064,0.03211115710060991,-0.9032186869257821
7.32,1.8828786344245054,4.9980179011983275,-0.15564389281674956,3.136883285084674,0.43358549724574275,-0.8777090513411123
7.34,1.887944317564212,4.997768158652072,-0.15318047205030838,2.840209714177838,0.17291885680451324,-0.8430651428535209
7.36,1.8899625089029564,4.998268093820369,-0.1511973005528339,2.8348903010466264,-0.24299173757379597,-0.6872034049905146
7.38,1.8902514777836927,4.995172972751966,-0.14759289969944994,-3.090797485870438,-0.4058509149243245,-0.6094441638629045
7.4,1.894620136603022,4.987853749256886,-0.14709046816652613,-2.8060384214795002,-0.06403440101360851,-0.5312375418824217
7.42,1.903950163562195,4.9825904686998586,-0.15003680845134265,-3.0498193742774786,0.3966462133325042,-0.49105824170344387
7.44,1.9106186901399096,4.983648484976655,-0.15258518533027643,2.8687000488190106,0.11127946594875084,-0.5066778285705558
7.46,1.9134858839980953,4.984051868582946,-0.15384021171823947,2.99446148945572,-0.31080366628680084,-0.3719333453069729
7.48,1.9186836722088518,4.980724470762428,-0.1520410200494612,-2.9575127901371756,-0.18716673211798196,-0.2846966383706649
7.5,1.927829507353436,4.9777472668063245,-0.1558045623743717,-2.9292086939497737,0.2982798912097072,-0.19250940494317834
7.52,1.9345986154362893,4.979921776641549,-0.1597887930144306,2.932042062711193,0.12864699982869654,-0.225850305839255
7.54,1.9377693961366516,4.980979321420542,-0.16233799053099535,3.0020426876383057,-0.3114865342280643,-0.11009692576678135
7.56,1.9445168606192182,4.9789701849910735,-0.16106268361857867,-2.97959717247457,-0.14841867834243366,-0.035643046990699624
7.58,1.9547200319665041,4.978146558539658,-0.16601389735436603,-2.962900678543906,0.36225049258952075,0.0248348434429861
7.6,1.95968425914919,4.980938236212806,-0.16932501117504306,2.9959426844200645,0.07176095402801895,-0.03151617100167438
7.62,1.9622109654722633,4.981752679316866,-0.172443210679371,-3.1273558650880524,-0.3769719804622276,0.013508333820604693
7.64,1.9704766740193145,4.981147894803445,-0.17505687323367053,-2.9660352720136967,-0.0059055342777316324,0.06427137092717514
7.66,1.981082060156286,4.984053395138779,-0.18258351644762855,2.89301250662931,0.35365930733788004,0.024235712950963963
7.68,1.985388757456982,4.98365588065299,-0.18133890920365464,3.0082752691149346,0.032310481886859706,0.141058640029022
7.7,1.9888779806030996,4.981883766902101,-0.18381871010867937,-3.0214979681269285,-0.31544363200798253,0.2139576957309857
7.72,1.9962014904041772,4.98307616607829,-0.18718417683287453,-3.038510326961395,0.10299473663853123,0.2733476332921527
7.74,2.0020562792468684,4.987072921811757,-0.19445612965726222,2.716374764183845,0.03603175003871899,0.25252890841168546
7.76,2.008487418883797,4.984005520990092,-0.19298145992616625,3.0612151532940914,0.04867795113994354,0.3430362180806617
7.78,2.015024420555319,4.979757470158823,-0.196225424458349,-2.8238149000467363,0.00886973309174221,0.4244322321273216
7.8,2.010655737188955,4.980567753534386,-0.18448278008457666,-2.9376583691750278,-0.2993155663689072,0.35508384896627276
7.82,2.0089287213685956,4.982190745469829,-0.16759658833721766,-3.021212752147673,-0.3416422222576166,0.36826814590544793
7.84,2.0093228733333373,4.983072147671383,-0.15303825222741646,-3.0318299544712373,-0.31314011987553053,0.3801829075784402
7.86,2.0117982612945484,4.987156582470095,-0.1476142530460465,3.0917326351188072,-0.1857091439966448,0.397154008279991
7.88,2.015445340357171,4.991582343015958,-0.14584548591590604,2.9028019917299392,0.06705293348543781,0.37542763060331347
7.9,2.0198013438244593,4.993166871801319,-0.14398686583888137,-3.1213001637962017,0.24267207374021263,0.3969696087436968
7.92,2.0215010061070338,4.9912632902051675,-0.1478341549896831,-2.8597773037166356,-0.07519116743114519,0.39080815551358294
7.94,2.019869413003855,4.993225332123288,-0.15439526391049813,2.996747102454438,-0.2313461682497165,0.41019159907619906
7.96,2.0226558163559507,4.995327208111627,-0.15761221149239527,2.9853089577404748,0.1678219638519051,0.3397957996344816
7.98,2.024729437743629,4.993893696257194,-0.1591970147727115,-2.9085764068565765,0.14799822000294358,0.3092148962461997
8.0,2.0223583104870637,4.993583645401714,-0.1638331133670378,-3.083025893776776,-0.23342309039467524,0.22530133670747196
8.02,2.0226377925984402,4.996366651994664,-0.17115565562114485,2.872623345532301,0.11632785567243448,0.19121832399506164
8.04,2.022851328224656,4.994115678236479,-0.17367197814281582,-3.0239649632497194,0.15306894670984642,0.16098908026081424
8.06,2.0189714362883056,4.991055948153408,-0.18035948976367458,-2.9851409152281083,-0.33904983983987863,0.07195151310330333
8.08,2.0197811911812056,4.9918480195144825,-0.18557724206935033,2.9812173875031505,0.0015820522216369126,0.06452518783752549
8.1,2.0216600296542135,4.98922601049513,-0.18887098203786637,-2.9523307979366646,0.33563102227231556,0.04957025962085369
8.12,2.018246861948727,4.989130784209937,-0.19119163680077153,-3.0915815853817064,-0.050012917351651955,-0.030617975943561606
8.14,2.0145876635573283,4.992337165963711,-0.1989542697565969,2.63197423004843,-0.028338161031093472,-0.05324021837699004
8.16,2.010666685293394,4.98678144281131,-0.1947486849918162,2.956338761938744,-0.04007710542769252,-0.12316171222244293
8.18,2.0067290143800203,4.980183734875072,-0.19576212907690144,-2.9885053697780437,-0.04610124894842288,-0.19294590510531537
8.2,2.011030888982558,4.979950053650676,-0.18244075525377879,-2.99604292817852,0.2667573492396785,-0.14791273354379325
8.22,2.013118201249535,4.982320788533933,-0.17506593430620476,3.0913934302583645,0.14922343764905577,-0.17711043295482773
8.24,2.013762707500227,4.985009859558758,-0.17134749615403305,2.974886117045153,-0.1274680377420994,-0.15755061920974328
8.26,2.0146042338233974,4.984865529292773,-0.16770562432045874,-3.0512506715915944,-0.12819509152673753,-0.12500572162199752
8.28,2.018741912334875,4.984381650368139,-0.17075480185311576,-3.0429689753498628,0.2540859736552125,-0.0627032437207704
8.3,2.019519985160435,4.986331416383648,-0.1763317724500659,2.9439282875446655,-0.052401542792089494,-0.0685907031523333
8.32,2.0196714286398434,4.984367815954554,-0.17934143093362517,-2.963661162886012,-0.20460385091828875,-0.0489953936929096
8.34,2.0236934909205777,4.984411783588226,-0.18430232788603815,-3.137659461621901,0.18373527822568983,-0.007514805804547239
8.36,2.0247410797073697,4.985959020561119,-0.19185629447381902,2.9808773461016154,-0.24182189545666444,0.02885102772579633
8.38,2.0298205974239028,4.984335857927003,-0.19431645771201708,-3.0119885863692315,0.013992605221866983,0.04967043425092712
8.4,2.0358227520560392,4.985316144726043,-0.20069146469750107,2.832911801253593,0.12218151124070593,0.05141009690629871
8.42,2.0395633824837573,4.981212004881085,-0.20127301224819077,-3.1317631467184897,-0.06107250881172588,0.12633900268084508
8.44,2.045205709833493,4.976196361244421,-0.20729367623809694,-2.905269507328066,0.3824181694097145,0.18382184142395164
8.46,2.044004040011258,4.975075847745629,-0.2091916408715761,3.058441696483912,0.061688787211899916,0.15664125207913815
8.48,2.0407513124469143,4.972281087732866,-0.21191094295073618,3.111149743184082,-0.48567280136034235,0.22462728714387334
8.5,2.0448161991371334,4.971564752784578,-0.2048973759426158,-3.0944112169780453,-0.20765201448293658,0.2500579340419552
8.52,2.0532141444830025,4.972059465363573,-0.20782287595116664,-3.032668013866446,0.19208496455841897,0.28719958690836594
8.54,2.0583592853377835,4.974273741464056,-0.2130995451064667,2.8497964104457427,-0.05864114879180674,0.2710387317755182
8.56,2.0640951860388945,4.971342803976614,-0.2134197933950185,-3.05358310236327,-0.09763168380452741,0.3476408485217901
8.58,2.0711957694155796,4.969949231973116,-0.2182209434082001,-3.1404505217766903,0.39344158476093416,0.35458088950446576
8.6,2.0716366325134006,4.967647509152642,-0.22049004218549387,3.1000701288575168,-0.05120305393264724,0.4199309606103935
8.62,2.0750979047015825,4.965017888855539,-0.22100565211682696,-2.8081546744645203,0.09200667285794474,0.46367729255397055
8.64,2.0755377276266427,4.966972245791458,-0.22204998379037316,3.055125834232943,0.11234564519529565,0.47401884952991513
8.66,2.0738732624807654,4.966561650271062,-0.22214584630572534,2.9528980502130295,-0.3496011703445479,0.5572092917696845
8.68,2.077926095741905,4.96681874839249,-0.21618158471674415,-3.1328517487727954,-0.11772051668532024,0.5752108093080589
8.7,2.0854977551783254,4.9680265523685465,-0.22026394840717659,-2.9225973270733534,0.2738557739071731,0.628211835117694
8.72,2.0872589835449817,4.969511157835896,-0.22345306983297483,3.0623531424995134,-0.06960889677795393,0.6251862267784392
8.74,2.0925278900967688,4.970337939176309,-0.2238947510639548,-2.948305843713411,0.13976874898575983,0.6672373152226857
8.76,2.0939059068988026,4.971814925374913,-0.22700848982405974,2.9494982345311676,-0.03943121331591516,0.6448247029343447
8.78,2.097773164728475,4.970014849327544,-0.22687739103059545,-2.970309637407359,-0.05179341836634022,0.6697697411985379
8.8,2.1033995733021547,4.975733486942023,-0.21697513877761657,-2.9019325621571253,0.49789925058402934,0.7847227100082714
8.82,2.101230624281821,4.979780188099167,-0.20362073504997288,3.1346754992431234,0.41632002892643016,0.7545966090090682
8.84,2.097515438858024,4.982827147476546,-0.19387299016234744,2.894938395296167,0.2265338699714239,0.7625353048894954
8.86,2.0932514698084863,4.983596408701729,-0.18622180047875503,2.826489632827634,-0.11490225528568468,0.8514563478016346
8.88,2.091573815882736,4.9827047275730205,-0.17868121683516328,3.1042032945100035,-0.30380608229063955,0.8965328049481536
8.9,2.0923878246988683,4.98261850153482,-0.1724176448833229,-2.853778050791346,-0.1781791971001888,0.9555825119831374
8.92,2.0935919544745425,4.987459148608496,-0.17121440197293494,-2.9227758827628367,0.2148822434803891,1.0957964697185874
8.94,2.089872955016122,4.993322260165682,-0.17373446224247122,2.865519689676704,0.22065202325501876,1.1182683674454972
8.96,2.086893622923557,4.994475145481632,-0.17248360128648588,2.8296916985095817,-0.20055600848218622,1.2866424394986824
8.98,2.0880735216997968,4.995609785222171,-0.16903960836039195,-3.0779427937291097,-0.3319506753116387,1.3906877697426228
9.0,2.0915499737063525,5.001200692271453,-0.16999445389984733,-2.7779294174422815,0.04178876807487976,1.5271121799554428
9.02,2.089758652255187,5.00812194774055,-0.17198353091518923,3.0971656052037027,0.30798630362452845,1.6018988328079697
9.04,2.087971046022562,5.0107014772809295,-0.1709214096112809,2.8246251614873663,-0.02078675888874523,1.7363094274701918
9.06,2.0898962687326246,5.012900016839923,-0.1682863702165662,3.052954808481281,-0.3420122818872808,1.902556366501985
9.08,2.091319393596208,5.018683694424729,-0.1640790903531386,-2.8667256765373312,-0.19099405215829565,1.9788661174023559
9.1,2.0889390405025887,5.026933573184663,-0.1644915866805797,-2.910782937077738,0.2757881446778417,2.0975627293659147
9.12,2.083772668521479,5.030347122246081,-0.16614470527682346,2.929298387456465,0.16428313404649353,2.1013251119084213
9.14,2.082241250634851,5.0325014191603215,-0.16583562453118594,2.981303565460357,-0.23878907302190489,2.2358315119226146
9.16,2.081160634811156,5.0382802682524925,-0.1638417645315196,-2.9411912968129243,-0.1877514362274333,2.3122568147624913
9.18,2.076519692580545,5.045546471548707,-0.1668342294542514,-2.9366318049555327,0.28019259527564516,2.4142272689574495
9.2,2.0709332243491763,5.047271830686899,-0.17049432880818313,2.922161535429278,0.114721875592324,2.438986347176692
9.22,2.06932338254055,5.049487835823967,-0.1717916531599278,3.089551860151413,-0.252966317494005,2.595385506560178
9.24,2.064941715951618,5.0539826238504615,-0.1711377263291063,-2.8735475944190547,-0.04192317038252797,2.6810856078407634
9.26,2.057598809673516,5.056217656468376,-0.17461719350560653,3.1226060840496226,0.3415615150571081,2.707631703917442
9.28,2.0544083429418594,5.055807333721181,-0.1738578616707918,2.839844039315073,0.042972418861832576,2.741412768678303
9.3,2.0542318824904426,5.057428134619972,-0.1720928426238378,3.0302375842369127,-0.31297150823710723,2.8587734886588874
9.32,2.05162736950523,5.061816594131168,-0.16888819445531414,-2.8600166802059435,-0.21565512955937313,2.9071019916132856
9.34,2.044503889057888,5.064289952497117,-0.16916196715870707,-2.941026909996765,0.22653516501279378,3.0101306167944544
9.36,2.0377904969037135,5.061447479558645,-0.1726323073525635,2.815101053666987,0.23973427656515392,2.999275075576442
9.38,2.035627066337963,5.062225906938823,-0.17013939397415812,2.9238738528508095,-0.09358738043278884,-3.123151534759192
9.4,2.0335446883479587,5.065458379403864,-0.16930774742356094,-2.989191688945723,-0.3216056374939196,-3.02503388730435
9.42,2.027987876438083,5.066330422119038,-0.16558004696482842,-2.819018488787937,-0.0003036117184605094,-2.921178344648289
9.44,2.022672250426752,5.064115748557337,-0.16179051818626616,-3.0347650239705777,0.3258946526880932,-2.84086828116414
9.46,2.020650266049897,5.060957033780588,-0.157297191154475,2.863484159330469,0.2593946441890158,-2.838672143568502
9.48,2.021003573227806,5.060482943954989,-0.15201247496924195,2.800275766925496,-0.07064042222800625,-2.711080969257762
9.5,2.02057148760705,5.062875619068944,-0.14737702926076326,3.034205719104697,-0.3312165948453918,-2.6005823044595404
9.52,2.0172024081150584,5.065375660249637,-0.14318907210178794,-2.8711272076463557,-0.28393036520389875,-2.5649166720906287
9.54,2.012964893147541,5.064482992038569,-0.1381730052382848,-2.792872815288942,0.04771626170053969,-2.449046740289113
9.56,2.010582049886115,5.061350541551155,-0.13371006814585606,-3.0204070359279602,0.3234524243482818,-2.3746962469268884
9.58,2.0111968699226086,5.058408359754293,-0.12971196724872283,2.9113974644088247,0.28078574930283895,-2.350289587847863
9.6,2.0129119287995834,5.058205168850686,-0.12625569523694852,2.7624562985969763,-0.029189303558733934,-2.2353343107374894
9.62,2.0127604618711636,5.060569669569267,-0.12301358716493932,2.9290286724997996,-0.33621569509345345,-2.113851131419737
9.64,2.0093652441509997,5.062332245889056,-0.11969396685700685,-2.9875569666088215,-0.3650944414412421,-2.083837110694201
9.66,2.0031200424162625,5.059069224315951,-0.12077388398564565,-2.7811959706596596,0.004523936895674152,-1.9942752792005662
9.68,2.0002666265591063,5.052786450284227,-0.1224399447163901,-3.0472757428021437,0.3685363658783573,-1.9538031303119694
9.7,2.0028716548791867,5.049341951276754,-0.12555113664430884,2.8792434494020065,0.12374208189535253,-1.9604552290181894
9.72,2.0040156828049485,5.04922820284705,-0.12757754579190442,2.9956546472724024,-0.26850463716505496,-1.849510881059429
9.74,2.002185725313504,5.046651749759477,-0.1275494571542601,-2.9757044326384237,-0.14793461706049532,-1.7900114634314912
9.76,2.0005639208971884,5.040096646480199,-0.13354982155977588,-2.96996163914102,0.306031979702332,-1.702236476427137
9.78,2.0037459879354476,5.036234596376194,-0.1405047052773324,2.8761959425082835,0.12918046235069694,-1.7264604368265613
9.8,2.003857454743882,5.0356133475979785,-0.1442819593511459,3.060934338994123,-0.25652954932072275,-1.6371528278428
9.82,2.0015208685169,5.032096698212549,-0.14618253586800142,-2.8329435927571365,-0.11518023692755491,-1.5871655624188101
9.84,2.0030118118610734,5.025338358515946,-0.15057585219523217,-3.0445075009586873,0.28908946923918033,-1.534465530296255
9.86,2.008579233851264,5.022108528071948,-0.15739583569801677,2.7589384762948663,0.05145944916844166,-1.5695375956948314
9.88,2.0089488844484,5.021432826503574,-0.15843111275392074,3.0151299446584843,-0.271372804915021,-1.4988065797848629
9.9,2.0070141952065588,5.017900209770714,-0.15836529681400657,-2.855885948924055,-0.1451649604874662,-1.4562803844780552
9.92,2.0089063985869258,5.011597848943569,-0.16080325372451224,-3.057136951394162,0.2380068643314448,-1.397060843372568
9.94,2.0140030356314065,5.008560793594351,-0.16675696923208977,2.7699150945215933,0.009926473119826688,-1.4131652269929906
9.96,2.0133643666803716,5.0062207196928235,-0.1667754208283293,3.0786544215996012,-0.1565127790779531,-1.3340761178722627
9.98,2.0116467924404526,5.001854724628367,-0.16845331455554774,-2.776046501221537,-0.025229596990993024,-1.2678717696986201
10.0,2.015173785160417,4.9984574240001916,-0.1704985857960832,-3.1293055092609583,0.10362381963863145,-1.2264735110403708
10.02,2.021345041349908,4.998295967048962,-0.1792726919792047,2.7061353036150644,-0.21567167718123598,-1.14869490120568
10.04,2.02091217284342,4.993586588903093,-0.17761085876461255,3.0549241949691694,-0.18823028598464697,-1.1062985154441671
