0.02,-0.5,0.5,1.4998699770118573,0.005034149665689449,0.0026509479551269518,0.0012696453099698027
0.04,-0.5,0.5,1.4993579449493757,0.010065267197557964,0.005300097022090025,0.00255217197920293
0.06,-0.49999059885156516,0.49998220189796566,1.4984641322232288,0.015092827392750377,0.007946782420096131,0.0038473061647834447
0.08,-0.49996236482113027,0.4999288578169452,1.4971886894633935,0.020116806451829363,0.010590835383378638,0.005155007814520905
0.1,-0.49990583867039395,0.4998222737226443,1.4955316561111576,0.025136999939757973,0.013231907363460851,0.0064751410549021594
0.12,-0.4998115347457155,0.4996448108012687,1.4934929837340116,0.03015348282307514,0.015869921155825188,0.0078076991621329256
0.14,-0.49966994293113,0.49937888785233736,1.4910725258641297,0.03516640173249191,0.018504841987013024,0.00915270019075036
0.16,-0.49947152951734347,0.4990069824682047,1.4882700429551978,0.04017604682757937,0.02113671094830303,0.010510195250169926
0.18,-0.49920673749910804,0.4985116311795057,1.4850852277274476,0.04518336880489427,0.02376620461556807,0.011880576140949966
0.2,-0.49886598682705574,0.49787542953605624,1.4815177078819617,0.05018999156151352,0.026394583879335604,0.013264549146209911
0.22,-0.4984396706904238,0.49708102688179434,1.4775671158670878,0.05519950629114169,0.02902527175812221,0.014663950893874109
0.24,-0.49791815081076896,0.49611112107756256,1.4732330867432224,0.06021726885033409,0.03166388436268355,0.016081742133712124
0.26,-0.49729173820558487,0.4949484345874802,1.4685154753088348,0.06525409676322746,0.034322213682615246,0.017523921386531333
0.28,-0.49655065936462905,0.49357567324886203,1.463414692917504,0.07033093421939268,0.03702479641690723,0.019002279298835405
0.3,-0.4956849805558986,0.4919754327370405,1.4579324634006583,0.07548323150526559,0.039823867524121606,0.02053777240421416
0.32,-0.49468454819438473,0.4901301880980202,1.4520706817000668,0.08076870358040862,0.04277635353749468,0.02216308109632819
0.34,-0.4935387492051854,0.4880220951044247,1.4458324516036545,0.08628041179923535,0.04596436446351152,0.02393063452133007
0.36,-0.4922365802553743,0.4856333162778782,1.4392153495023015,0.09199951625017155,0.04936654588726911,0.02583299338468624
0.38,-0.4907662484414232,0.4829455582310128,1.4322142166406169,0.09785402583643985,0.05291330111360122,0.027833090055186523
0.4,-0.48911507264374693,0.4799398389272654,1.4248250255310906,0.10379494666624527,0.05655856993958411,0.02990697604417466
0.42,-0.4872692270606902,0.47659584921538306,1.4170538911301984,0.10974807317899996,0.06025457087360384,0.032112186109382386
0.44,-0.4852058241558078,0.47287826268832384,1.4090504506565116,0.11286844368920834,0.06116780330114733,0.03550605008024223
0.46,-0.482900984472229,0.4687509817162001,1.4009557455741046,0.11294409890632331,0.06684374595444541,0.03869745760161251
0.48,-0.4803573022731701,0.46421638062124615,1.3926532189646472,0.10926913334163406,0.0686553064022225,0.04321035743403672
0.5,-0.47754506854483486,0.4592643101715931,1.384250067427674,0.10641151899087192,0.07635442187417858,0.04870957649618714
0.52,-0.4744615820876438,0.453918517217574,1.3756762857713571,0.10032221090204922,0.08057380883392101,0.05580567077238583
0.54,-0.4710638829769238,0.448176953307867,1.3670884700550534,0.09423234901354241,0.08539682821383815,0.0650898793336057
0.56,-0.4673219773335641,0.44205339897041745,1.3586304448595858,0.08734759987612042,0.09009405407959867,0.0761314582010954
0.58,-0.46321194015874506,0.43557486925282746,1.3503329281720635,0.08010545017262766,0.09394997917797772,0.0885062767092641
0.6,-0.4587118268342176,0.4287744281082977,1.3422101715750026,0.07247359934924803,0.09652500435055639,0.10185027269760612
0.62,-0.453804057450098,0.4216879145117157,1.334270586126281,0.06460314409702037,0.09756104332425032,0.11605366642214833
0.64,-0.44847833841703066,0.414353950453726,1.3265099054845777,0.05668304621234265,0.09695483259577597,0.1312271345144099
0.66,-0.4427355912768737,0.4068139505807573,1.3188856300037028,0.04913445318275236,0.09460339595886534,0.14795666175628605
0.68,-0.43658245629774695,0.39910752666105653,1.311372745137002,0.04226491578480637,0.09059696365679311,0.16671236194345243
0.7,-0.43003136375771994,0.3912711359053346,1.3039634881821522,0.036193572603580595,0.08517546358145825,0.18778170799858412
0.72,-0.42310142540814955,0.38333752846126673,1.2966528233022412,0.031138856139458212,0.07829324803679609,0.21132301057652148
0.74,-0.41581774259965304,0.3753352447609284,1.289433760684882,0.027199714875373607,0.06992618328016074,0.23746504028240636
0.76,-0.4082104152534512,0.36728711592326907,1.282306789339483,0.024282163263063535,0.060203594377716975,0.2662480553929562
0.78,-0.40031455596487525,0.3592094501103956,1.2752781734194931,0.022199783184964097,0.04931270658397226,0.29764018123719765
0.8,-0.3921699310541429,0.35111196257061283,1.2683554419541352,0.020746881545921338,0.03728092271381278,0.3315063316103372
0.82,-0.3838175121164527,0.34299768962260235,1.2615940243597878,0.019828028789274334,0.024067581456381194,0.3672545698845923
0.84,-0.3753012859604212,0.33486307317939473,1.2550855055492938,0.019132784554632173,0.009834870831859457,0.4037360469318563
0.86,-0.36667478978489687,0.3266987573267096,1.2487775379876618,0.018616476034998494,-0.004100536614144454,0.438841003248874
0.88,-0.35799442741377324,0.31849112725003215,1.242507249809388,0.018012198577063005,-0.017428604969786782,0.4706130888950246
0.9,-0.3493092287733615,0.31022156961487257,1.2362466243987589,0.017124660795885597,-0.03027891151553331,0.4988288195862804
0.92,-0.3406644754227909,0.30186942516067883,1.2299838453337484,0.01584632717601302,-0.04254210172277065,0.5235306655958523
0.94,-0.3321029320555325,0.29341354763294963,1.2237010884694481,0.013907426288291785,-0.05391838672183083,0.544880127548556
0.96,-0.32366374375437323,0.2848348661057964,1.2173378568879434,0.010168973672894812,-0.06293767839058785,0.5636226370966784
0.98,-0.31538628155085835,0.276113671382313,1.2109254267824376,0.005315349276660814,-0.06837563462398162,0.5803598809016237
1.0,-0.3073049830103142,0.26724063600461906,1.2044701584695423,-0.0004439793287926239,-0.0709846855255389,0.5947074749977034
1.02,-0.29945032640757485,0.25821276381792074,1.1980737568732278,-0.0050275381295099095,-0.07084267155650513,0.6066126863294384
1.04,-0.29183796375934035,0.24904236670708652,1.1916841764907065,-0.009386030577753696,-0.0702458480573117,0.6149783333136664
1.06,-0.28448224310497233,0.23973798161484994,1.1854115736636637,-0.011372837252946993,-0.06734993608216124,0.6206832347443915
1.08,-0.27738296181477645,0.23031700835801955,1.1791480312121807,-0.013075170317975867,-0.06447213854741024,0.622653182066597
1.1,-0.2705347371564498,0.22079093108931488,1.172901012546127,-0.014374288245174201,-0.06148555000561854,0.6209570860971003
1.12,-0.2639411234150881,0.21116719713668514,1.16682789436577,-0.012257757076377353,-0.05503095921809807,0.6171613348667723
1.14,-0.25759229949112084,0.20145888139375878,1.1608812423191786,-0.012026321694126723,-0.050174600535621776,0.6110050386910454
1.16,-0.251461594982902,0.19167524597946856,1.1550534374636199,-0.012153249209702142,-0.040334999283995955,0.6046377935362364
1.18,-0.24553405667141706,0.18182756023984298,1.1493743400752854,-0.014748279568467332,-0.03230561725050823,0.5962381489214534
1.2,-0.23977367508582953,0.17194141767907073,1.1437554924410032,-0.01964447331509651,-0.02278958613052328,0.586351612018577
1.22,-0.23416136894316206,0.1620444085918734,1.1382360194467946,-0.02608676489355322,-0.012574704608316589,0.574604549980926
1.24,-0.22867646076821357,0.15217543141822024,1.1328247969860428,-0.03350888944126407,-0.0026827530448340835,0.5603442385665502
1.26,-0.22329898252993605,0.1423803865754169,1.1275548353434295,-0.042349986354859585,0.00602053649989634,0.5437052187170893
1.28,-0.2180090821984204,0.1327062510037127,1.1223848691560157,-0.0519267412238278,0.014013819265993672,0.524207457192357
1.3,-0.2127940313704121,0.1232043507881615,1.1173590504423616,-0.06245282878370808,0.02096403343106812,0.5022591827735319
1.32,-0.20764254891894798,0.11392777563929897,1.1125182409306427,-0.07375415444181999,0.026978219338783017,0.4782679906436345
1.34,-0.20254619142399116,0.10493183930762884,1.1079056332065256,-0.08538972658940641,0.0322844689311476,0.4527566268096458
1.36,-0.19749805368405962,0.09627164566718333,1.1035365253237024,-0.0960149356387118,0.03652151431464445,0.42678833699492297
1.38,-0.19249057702962835,0.0879945843460001,1.099338970427532,-0.10342788865623416,0.03803682690178118,0.40179274675434273
1.4,-0.187516306001203,0.08014759430207137,1.0953095467817273,-0.10704977559912458,0.03645256133222603,0.37835948880074016
1.42,-0.18257101419394783,0.07276376332860816,1.0914715085913065,-0.10716145756142136,0.03190300154098667,0.35657489655551167
1.44,-0.17765572417191527,0.06585784964866308,1.0878552391056477,-0.10447689218125077,0.02502167230052678,0.33603075508372027
1.46,-0.17277803192335392,0.059425557750336144,1.084479966283449,-0.09992590162994612,0.01639438673918424,0.31609384068059837
1.48,-0.16795119096039285,0.05344349451745279,1.0813164834144546,-0.09381273987992529,0.0066508003972737045,0.2959266984833561
1.5,-0.16319386301561317,0.04788075581341927,1.0783455557921853,-0.08509328396131662,-0.0023536618326172186,0.27477737119266255
1.52,-0.15852838938494673,0.042701735623744075,1.075563968095387,-0.0732479163524428,-0.00933643179851035,0.2522892653824598
1.54,-0.15397212071398925,0.03786205487262242,1.0729611651511644,-0.05817977251030344,-0.013292944284004798,0.2282303478054225
1.56,-0.14953344344945943,0.03331060554809763,1.070558502238605,-0.04056503227207683,-0.013998330963611959,0.2028762227299736
1.58,-0.1452080534985991,0.028987222716511125,1.068392113275076,-0.023928363034627424,-0.01186202498021034,0.17794003133600217
1.6,-0.14097743716468175,0.02482060704174703,1.0664280573635314,-0.011083805627171246,-0.00616014867007096,0.15472844998072993
1.62,-0.13681668298230423,0.020746584834241542,1.0646574423398825,-0.0021267108978265557,0.003158035563951234,0.13344864100182352
1.64,-0.13269184796802902,0.016717335261017346,1.0630197439719258,0.002059482433294353,0.014837631959959399,0.1136990633659522
1.66,-0.12856012105189657,0.012702203193299472,1.0613909631669605,-0.0006672598707999435,0.02571181796994205,0.09407221854900127
1.68,-0.12437276065854924,0.008689792670767242,1.059845342184925,-0.0048069645243166825,0.030219343593983303,0.07377748710237815
1.7,-0.12008726397691102,0.004693915862752924,1.0583941375799535,-0.010568433813851528,0.028545782903558286,0.05273269644212138
1.72,-0.11568600654321876,0.0007305468288133629,1.057059910816067,-0.017366069711329653,0.021659877170328537,0.0315072608464531
1.74,-0.11117929405630111,-0.0031812038891668223,1.0557433576353805,-0.024112825868411063,0.014505230635847298,0.013835160029554046
1.76,-0.10659422624593015,-0.007017847930180766,1.0544438012569297,-0.030677304578513354,0.00730440029697444,-0.00012260864877792956
1.78,-0.10195817144991054,-0.010754767441771717,1.053161561145902,-0.037022935688794334,4.948372914938104e-05,-0.010363969597461657
1.8,-0.09729796937164123,-0.014366078727431113,1.0519267943107475,-0.04256392246256765,-0.007848795722110839,-0.017172235130657076
1.82,-0.09264090860183587,-0.017827508402893943,1.0507185843652807,-0.043897654964755305,-0.01598408282207436,-0.02224637581748676
1.84,-0.08801661905355,-0.02111761804461059,1.0495179474700238,-0.045130221669201415,-0.023847328489176218,-0.023699976623368327
1.86,-0.08345607643907768,-0.024230303715273134,1.0483290686432287,-0.04649869267983702,-0.031399371851801215,-0.021501822310448577
1.88,-0.07899150435491757,-0.027156502945997956,1.0472298935820847,-0.0496282573764583,-0.03710182270760543,-0.01646925324630166
1.9,-0.07465533786169583,-0.029887342378499396,1.0462860010559365,-0.0562177455579682,-0.0396494302602116,-0.009477978691602867
1.92,-0.07046834991717851,-0.03241471694269568,1.045412720515665,-0.06755998094374882,-0.0407163182541196,-0.0010857930451752566
1.94,-0.06644078153425813,-0.034714672498779416,1.0445870779712796,-0.08055890696255184,-0.040583788573488634,0.00999006297923308
1.96,-0.0625743890108733,-0.03675041037767766,1.043707830735273,-0.09156776291946306,-0.03908724541765741,0.023364811781465007
1.98,-0.058870066985079,-0.03847687658084935,1.0427317886322003,-0.09749673885093324,-0.03594181286622639,0.037618236955301275
2.0,-0.05532623280734075,-0.03985564852924986,1.0416409801899948,-0.09808104490962678,-0.03226617873038118,0.05213469950567412
2.02,-0.051933974354115446,-0.04087231276447643,1.040371934706425,-0.09436326246859246,-0.027477258036666216,0.06707580717158157
2.04,-0.04868396177306979,-0.04152846520027685,1.0389048565408712,-0.08685938616107519,-0.021772918860117774,0.08245773071637083
2.06,-0.04556252234473014,-0.04183975188953245,1.037235715798492,-0.07642924074877094,-0.014950734181004448,0.09871504422798616
2.08,-0.042553297254099606,-0.04182905172166529,1.035432350736516,-0.06472130171127627,-0.008326023958685709,0.116711117709884
2.1,-0.039633777064506,-0.04152884087306063,1.0335843590160412,-0.05328560037762502,-0.0038712070845715704,0.1371455277280644
2.12,-0.03677799074125478,-0.04098441509614237,1.0316742998146904,-0.04313289178260856,-0.0030439511239707603,0.15959885234986984
2.14,-0.0339676626290307,-0.04023941267879941,1.0296904563337108,-0.03495606558594319,-0.00678993431984772,0.18351821790463907
2.16,-0.03119876170497534,-0.03932947954857583,1.0277201446369408,-0.02813545671166794,-0.016419703015761025,0.20779594970593437
2.18,-0.028484877512362623,-0.03828736548235682,1.0258455014145984,-0.022041430679763135,-0.031057741198002375,0.2320689508665278
2.2,-0.02586244233438529,-0.03714806570469276,1.024116784357457,-0.016376526080176788,-0.046830137300846175,0.25513472944912563
2.22,-0.0233836080875998,-0.0359525847779425,1.0224674867364363,-0.010405773352435548,-0.05970750384282159,0.27630582527643743
2.24,-0.02110151121477477,-0.03474234854979468,1.02082888973104,-0.004891955241526388,-0.06681511257960888,0.2966181504921088
2.26,-0.01905823554938216,-0.033557853206999014,1.0191938671305734,-0.0003286155738708077,-0.06735341405349464,0.31669172218869235
2.28,-0.017273520587074206,-0.03243278072681028,1.01756374536308,0.00393424044745397,-0.06048376381052826,0.336709134839617
2.3,-0.015737193260927974,-0.031388267880837824,1.0158586529365206,0.00667235282791366,-0.047467307281826895,0.35595542670197916
2.32,-0.014411766212550586,-0.030433699114340778,1.0139861746741663,0.005411174668602166,-0.030804533076249734,0.3734993661170116
2.34,-0.013252918849843472,-0.029569411074519034,1.0121147654615235,-0.0018513289896130547,-0.013926083155280326,0.390079803547208
2.36,-0.012205047808767164,-0.028772910456701807,1.010440390008552,-0.011675058115695768,0.00021876102072162783,0.4046058878022019
2.38,-0.011211772491728817,-0.027991271782954033,1.008798091370848,-0.02070863017638208,0.007703673965361606,0.41907734253261125
2.4,-0.010236661530069056,-0.027167768251326864,1.0071706006105439,-0.02960859593121257,0.0075283207738400144,0.4336551113954217
2.42,-0.009267881347571182,-0.026258262431554956,1.005557007238305,-0.038468517955589136,-0.0003747932044514909,0.44847673205473654
2.44,-0.008322802578675705,-0.025227309190297188,1.0040944616420082,-0.04288784188146219,-0.01162263566641315,0.4647790748056471
2.46,-0.007445415207003732,-0.024061710256204575,1.0026401499631785,-0.03949802566468387,-0.022906422760321368,0.48101469411396813
2.48,-0.0066906097770676,-0.022760827213556944,1.0013785402312547,-0.03197160011623857,-0.030581610220944945,0.4952360758531524
2.5,-0.006095497592419876,-0.02136038171343501,1.0003180008205892,-0.020518807301736344,-0.034418301214215845,0.5073792188046033
2.52,-0.005667851447364162,-0.019907199079955803,0.9993017500036055,-0.008280237546418325,-0.03120811786533243,0.5189516149088594
2.54,-0.005396470286812532,-0.018450550634718406,0.9982567379308762,0.0032767037019335705,-0.021273780986542336,0.5299680805377829
2.56,-0.00524630119874699,-0.01702729793869406,0.9971679526405082,0.013894006097725833,-0.010351708618418191,0.5378518290681308
2.58,-0.0051611582100359096,-0.015658066122139786,0.9960457037140678,0.02363882746064943,0.001406665633503184,0.5425708882205174
2.6,-0.005083244518232795,-0.014359633973213135,0.9950426701216055,0.027746371808701698,0.010987009053746987,0.546248516377877
2.62,-0.004950202991936999,-0.01314266000320386,0.9942356895150865,0.0280553863231883,0.016573381911891987,0.5480492040251742
2.64,-0.004719475688866052,-0.012000710288685539,0.9936174458169996,0.02475503206306206,0.017976167903678154,0.548007365353739
2.66,-0.004375097459026701,-0.01092035716088792,0.9930367951628953,0.02086490456138408,0.012287573601107044,0.5474429208762964
2.68,-0.003919151423829067,-0.009887538758240381,0.9924967005784068,0.01746754373025545,0.007263544574405803,0.5435117186629683
2.7,-0.003378538339930749,-0.008901096839010938,0.9920199428237391,0.01378287385922635,0.0020610810845471395,0.5364010830814169
2.72,-0.0027774523971600905,-0.007960222084462499,0.9916187568797068,0.00934377310543612,-0.0038642753681569462,0.5262384516543441
2.74,-0.002141763690932651,-0.007063138296018024,0.9912807987765265,0.0048477372469672405,-0.009887493640725444,0.5129452406466715
2.76,-0.0015012257841170882,-0.006206743086824046,0.9910077805978204,0.0007637606988760879,-0.015592306733346302,0.49655337931424015
2.78,-0.0008861353378653572,-0.005387321715482295,0.9908089284414768,-0.002284330962425195,-0.02034100298987267,0.47713256670584137
2.8,-0.0003251213979829692,-0.004601096499429509,0.9907032077806592,-0.0038068919514639126,-0.023641273113599894,0.4548508423867698
2.82,0.00015837030666654921,-0.0038449996874531547,0.990707265784379,-0.0034510306230751465,-0.02518004285257061,0.4298843250324659
2.84,0.0005480525738245748,-0.0031179358350599973,0.9908675742401741,-0.00041564116159082114,-0.024160113442992577,0.402701085030758
2.86,0.0008374916342322718,-0.0024216941266572926,0.991214109898009,0.005474732373578104,-0.020448207542739898,0.373651520617353
2.88,0.0010335837168832483,-0.0017638149873175732,0.9917978485873956,0.013509143469421258,-0.014805332139820592,0.34329726928877624
2.9,0.0011579874849504182,-0.00115921514950114,0.992658258539244,0.02204980786301536,-0.008751440043967475,0.31200017768128996
2.92,0.0012455739520002803,-0.0006243198527969519,0.9935057787921664,0.02442750580665082,-0.0033623052246060225,0.28100658080511215
2.94,0.0013271324462958266,-0.0001802823734345908,0.9942511666227132,0.02162681352681426,-0.00030418123863645364,0.2511764034560682
2.96,0.0014221097391778062,0.00017053650917774553,0.9948801398245274,0.01579935828450836,6.855826581779864e-05,0.22355161352683942
2.98,0.0015362342516710484,0.00044150683424474613,0.9953721804087314,0.007054796006535392,-0.003452020723095188,0.19781035416507517
3.0,0.0016645244403557596,0.0006507690337247409,0.9959383563047183,-0.00028311977193268116,-0.011952478228744208,0.17345336125495125
3.02,0.0017848557907178529,0.0008300076590009104,0.996514009546835,6.238562904136885e-05,-0.020188192791516686,0.14913229407775305
3.04,0.0018586326454951426,0.001002088381283196,0.9970985652701718,0.0003375170930812732,-0.020580310264853314,0.12485380131462798
3.06,0.0018539357429281022,0.0011619979300624634,0.9976916239202462,0.0005185252664559819,-0.013138742197190868,0.10062424013460428
3.08,0.0017724454541428584,0.0013108550132202082,0.9981322829954372,0.0038094460656273943,-0.0010645851218198735,0.07800587608128505
3.1,0.0016402847486007364,0.0014524365876961759,0.9985491618585046,0.006370076392901585,0.009931834289157906,0.058668613767766255
3.12,0.0015052943379481566,0.0015789885543315589,0.9988886127360738,0.007218331356927366,0.014933725572947563,0.04022421095076247
3.14,0.0014108360205340987,0.0016827399980405458,0.9992366005508783,0.008110061820521033,0.012117650933038895,0.021763780374606995
3.16,0.001375126364562149,0.0017609033762235444,0.9995209682838063,0.007622589019070069,0.0029133122229843852,0.003977985341696597
3.18,0.001385992798064134,0.0018092949804539254,0.9996719210863477,0.004351070432495034,-0.009164711633444535,-0.011404097400538615
3.2,0.0014089944684147655,0.0018262476514181543,1.0000282835171714,-0.002816516778234494,-0.01736242528784166,-0.024802588958252082
3.22,0.0013957665118566115,0.001826497889821384,1.0003943450950394,-0.010006274796498411,-0.017742192869699577,-0.038146941031609774
3.24,0.0013145371312055616,0.0018395200107016883,1.0007739578516368,-0.017141216878920524,-0.01039972054271305,-0.05158862102157924
3.26,0.0011682114206636042,0.0018926354316723562,1.0009891466401004,-0.019962048475824116,0.000414063921555316,-0.06343629688806343
3.28,0.0009828209655375181,0.002018519422079695,1.0014077592545871,-0.018877447477303435,0.007370631467397434,-0.07333115330199491
3.3,0.0008045016769289633,0.002226309672522738,1.0020274552291764,-0.013814459111347408,0.010531563742906692,-0.08128215248889642
3.32,0.0006606641480513073,0.0025058239384245047,1.0026576436619903,-0.008713436287503016,0.013777409933955794,-0.08552442338578713
3.34,0.0005627664559169759,0.002836040038207821,1.0033109302544743,-0.0032985464307797832,0.016757470938184506,-0.08617220712246451
3.36,0.0005227625624400708,0.003195965201943825,1.004038377038222,0.003436771901634681,0.015543003530338792,-0.08506822966283158
3.38,0.0005465709951592655,0.0035625182183645666,1.0046011703146573,0.0067528787844187985,0.010856095967630206,-0.08192085718899382
3.4,0.0006294794013161753,0.003910305893230194,1.0051339730163884,0.010799069025592594,0.006838094770172415,-0.0754372625217094
3.42,0.0007524634601452928,0.00422801700169344,1.0056561627282647,0.01459527363457261,0.0025197519061117384,-0.06544331860766268
3.44,0.0008987789126033699,0.004501430504238697,1.006160259644154,0.017915568960453217,-0.002317837744387091,-0.052018276242717085
3.46,0.0010510715795979788,0.004717035590958524,1.0066532166635964,0.02086719288991922,-0.007562930019037246,-0.03510031604121547
3.48,0.001190530217503669,0.004862886083588217,1.0071405907699722,0.023536437014362317,-0.013118107578557577,-0.014639943659172955
3.5,0.0012974331927568961,0.004928040384772363,1.0076204567974636,0.02585815561888329,-0.019015878684715812,0.009334663106743211
3.52,0.001351246478400339,0.004901216271172542,1.0081170579155214,0.027605626793223727,-0.02468954814829476,0.036699607682518814
3.54,0.0013294154631603018,0.0047695451875344914,1.0087197053421257,0.026980117329073638,-0.02792332897161696,0.06647404091751821
3.56,0.001214614303921636,0.004525960125009236,1.0093312949421547,0.024987248898294356,-0.027271080532692792,0.097551407293895
3.58,0.0010008814352332998,0.0041732306134946336,1.009820051029542,0.02130198292968187,-0.022422668900375572,0.12835335120513994
3.6,0.0006951764910376795,0.0037181041752533807,1.0101171409680418,0.016099854164879787,-0.013858581469870082,0.15847230142069438
3.62,0.0003181237699849389,0.0031752725998974458,1.0101631127071078,0.010095118469828234,-0.002800300735850506,0.18818567465429895
3.64,-9.931618487836539e-05,0.002566833762939773,1.0099409299112934,0.0034725631818074013,0.010051841245877095,0.2176924311976275
3.66,-0.0005195523600998044,0.0019208401050521801,1.0094441585820635,-0.004738933854616361,0.02274831951962035,0.24720725203231886
3.68,-0.0009000295016440144,0.0012708372564012834,1.0087578126577645,-0.014944155570107325,0.03316010683580906,0.2768317192568393
3.7,-0.0012001420746726467,0.0006603047585580216,1.0079818127886928,-0.02398196775917491,0.03926637065844502,0.3050887525909981
3.72,-0.0013953548253525664,0.00013848933938967218,1.0070477357399807,-0.029706389315190346,0.04141182868085451,0.3315025317060234
3.74,-0.0014774303185599307,-0.00025335440535349194,1.00592763004714,-0.0316318375341403,0.039536496535013135,0.35613555307571765
3.76,-0.0014493403574172596,-0.0004895856078058044,1.0046205341857943,-0.029787237472358785,0.033614882008368874,0.37899845144137667
3.78,-0.0013240539083044602,-0.0005632758342167162,1.003128911790867,-0.0241807853376954,0.023679544797571964,0.4000625207743163
3.8,-0.0011202260465779821,-0.00048070304629643584,1.0016100303548336,-0.01775089518520051,0.012738487606702605,0.4178818520668139
3.82,-0.000867735679465198,-0.00027402686171219733,1.0001137155530846,-0.011182302811171635,0.0019459783425111905,0.43201229808915886
3.84,-0.000598000418647462,1.6662707959289578e-05,0.9986335385978546,-0.004585201100498018,-0.008797217916042918,0.4423817361502971
3.86,-0.00033996980292273993,0.00035027578197060154,0.9971702131163852,0.0020881042512398557,-0.01946241376533855,0.44899920048438685
3.88,-0.00011993895443157543,0.0006850415912215324,0.9955988579337272,0.006387763589699739,-0.026392183075294354,0.45362142056703664
3.9,3.756743369164796e-05,0.0009807937994548274,0.993857381542086,0.007103464888144295,-0.0293968953762887,0.456395107631858
3.92,0.00011276018502349763,0.0012083107841093016,0.992123999757103,0.007875713145478414,-0.03233686146772077,0.45545925928548164
3.94,9.415252615837531e-05,0.001357709545328858,0.9905013763762214,0.0066654707341034574,-0.02947921999586283,0.4554983467920348
3.96,-3.437025036175173e-05,0.0014154317519251215,0.9892569754891748,0.005788471760698733,-0.026297481617932657,0.45532245343828087
3.98,-0.0002628912345868308,0.0013924988025022897,0.9883448914377687,0.0061884569162849725,-0.021856733998770802,0.45450464360912446
4.0,-0.0005814288874514193,0.0012978218751959274,0.9877934361945501,0.007145754107542996,-0.016870047254078743,0.45331202921679037
4.02,-0.000970418577672864,0.0011398823524525798,0.9875009713549191,0.00605012597941307,-0.013966235208706988,0.45075323549958973
4.04,-0.0014091371687034887,0.0009246394382493241,0.9874463598116962,0.005185727755685,-0.010848399496731463,0.44664373445054467
4.06,-0.0018880774178293353,0.0006624772584398972,0.9875560150191068,0.0028628499979933227,-0.009186522954239858,0.44028899902943297
4.08,-0.00239758449680701,0.000362105741740376,0.9878493203061229,0.003139237826002105,-0.00448889093111632,0.4320901905729385
4.1,-0.00293482205261018,3.615387110710846e-05,0.9881927454196631,9.127091401861661e-05,-0.000566666230533211,0.4217808315994714
4.12,-0.003482404370988827,-0.00030801011371672397,0.9885228507114597,-0.004590290938901721,0.004515441041886125,0.40886262607644297
4.14,-0.0040314913859517435,-0.0006531761631585161,0.9890163066372586,-0.0071269369452878996,0.012103565513330708,0.3938411355143823
4.16,-0.004570687462751282,-0.0009736099876597536,0.9896586085783817,-0.008464109742361215,0.020988737958066567,0.376467155962818
4.18,-0.005075049003842061,-0.0012480520172958897,0.9904531467319747,-0.009346594249547582,0.03022081325759576,0.3568228464309374
4.2,-0.005515314135956528,-0.0014617670320990557,0.9912073346987956,-0.00875036117269817,0.03345516294463015,0.3366982911797747
4.22,-0.0058568755432281076,-0.001599484461197374,0.9919649759999581,-0.0076736032623030345,0.029550019323217963,0.3165997139041587
4.24,-0.00608720987491949,-0.0016623906966795026,0.9926681252856729,-0.004748228986557269,0.020629463723492756,0.29614223135788675
4.26,-0.006217824205909624,-0.0016613501179227822,0.9933235042951345,0.0004216375257551803,0.010331002171968374,0.27542465237090313
4.28,-0.006275828942010238,-0.001618568661997853,0.9940097581725358,0.005614615849007461,0.0020821387248974453,0.25438020218066754
4.3,-0.006294516708981294,-0.0015664358976069822,0.9946802195454633,0.010015279168381415,-0.001999179342130112,0.23356789885140974
4.32,-0.006299949031154233,-0.0015333100659259758,0.9952923797382931,0.015342482951935311,-5.857754559041908e-05,0.21346065339668432
4.34,-0.00630389132145721,-0.0015408366401389274,0.9959643945488635,0.015887080876302542,0.004218261821331807,0.19422582659366688
4.36,-0.006295585327145169,-0.0016059077226057948,0.9965505621730261,0.010821458469492158,0.006532995440667303,0.17601464716196702
4.38,-0.006260034203324643,-0.0017268077332641607,0.9969983145648202,0.0022948440743247936,0.0045154276146434184,0.1591885437957102
4.4,-0.0061925715818667475,-0.001884089832635268,0.9973614057407141,-0.008796509866419276,-3.351099609148502e-05,0.1445888539075306
4.42,-0.0061065704107512485,-0.0020472204980833517,0.9976600808681865,-0.014017051763995597,-0.0026106440509122194,0.1307337376256784
4.44,-0.006025890809370701,-0.00217509024415957,0.9980761742907329,-0.0135859252432026,-0.002989837442164234,0.11584624239288323
4.46,-0.00596243552651048,-0.0022501730534025487,0.9984576125902404,-0.010012200329170188,0.0013087062664252508,0.10133778384042469
4.48,-0.005916130119933178,-0.002275672671838776,0.9986846194188655,-0.0022448936276473616,0.009228575017075616,0.08841089065762738
4.5,-0.005868706231938957,-0.002260789993223857,0.9989901918262837,0.005713400964067236,0.01608677228829878,0.07820638825344922
4.52,-0.005786700722352465,-0.0022341757342184015,0.9992245219295098,0.010027505880280963,0.018948052959552944,0.06888525769231464
4.54,-0.005641026429739253,-0.0022247480797514163,0.999404818902928,0.007922962647168907,0.020381531587953014,0.06015869743716276
4.56,-0.005418480612929197,-0.0022495152363825976,0.9995938581836424,0.005851688451982202,0.013987717447357323,0.05137797356609686
4.58,-0.005114892496976371,-0.002300336408485321,0.999763204777486,0.0033033124081180594,0.007001153538768128,0.04607513796532409
4.6,-0.004755478241133794,-0.002371258404503226,0.999941667176557,0.0008223684016356477,-6.723495072364712e-06,0.04451713831552613
4.62,-0.004368384848970096,-0.0024537774678719915,1.000114421405393,-0.001319023003578631,-0.006489450090792465,0.04644319207088625
4.64,-0.003981492542556145,-0.00253939969978231,1.0002249129242453,-0.002036210358777494,-0.009952477119450381,0.05064422110694701
4.66,-0.0036207039375228556,-0.0026209468093676773,1.000356126940663,-0.0030111138181116784,-0.010835820985527246,0.05732270053374121
4.68,-0.0032989493855035135,-0.002696526186079517,1.0004245737043893,-0.00265202042336756,-0.010122113245481897,0.06691100959702019
4.7,-0.003019949041418377,-0.002762821317110179,1.0004390901890299,-0.0014344634838773268,-0.007970485251447215,0.07934202552906285
4.72,-0.0027809013669698813,-0.002821449822116559,1.0003990950994923,-0.001490531215553423,-0.006257730384152202,0.09449437349663779
4.74,-0.002573238354666616,-0.002876941439411007,1.0003093358499833,-0.0029961101920062154,-0.005000216923329834,0.11232042466733919
4.76,-0.0023904900195202724,-0.0029289174502167377,1.0001841917661543,-0.0049427755774455765,-0.0031386112444781425,0.13289014561440474
4.78,-0.002228434729506338,-0.0029714907795451787,1.0000122569159002,-0.007151709996957475,-0.000796110769543849,0.15601609998402266
4.8,-0.00208119230900185,-0.0029965506311010522,0.9998190722748633,-0.009041170257444895,0.0009449323853191155,0.1813888398446229
4.82,-0.001941621307839392,-0.002993966675190054,0.9996856514946741,-0.009302451879648899,0.0008291697719862588,0.20826180804496186
4.84,-0.0018049635247427294,-0.002955207255140201,0.9996238817135703,-0.006503264313731846,-0.0014793434436171748,0.2357693627524795
4.86,-0.0016728001893120121,-0.0028799236340186366,0.9995842375883915,-0.002997904992599273,-0.005276884714400516,0.261759089695603
4.88,-0.0015524420825111357,-0.002781055000715524,0.999580156766492,0.0006886461643279197,-0.008516554205781303,0.28519122442295597
4.9,-0.0014554117044822006,-0.0026762130832454186,0.9996115909308779,0.0045588524829553115,-0.008520693481957893,0.3065807345137698
4.92,-0.0013900931876349258,-0.0025835753575122124,0.999687616214876,0.008972472078167369,-0.0036230618376561215,0.3266758862542106
4.94,-0.0013509682351061881,-0.0025178134325278983,0.9997176596087362,0.01233442584746941,0.006202480579877538,0.3454220037229759
4.96,-0.0013140291396309118,-0.002489800841193598,0.9997296562055858,0.015969715779680597,0.015644453840534214,0.3608189779539569
4.98,-0.0012377277777346945,-0.0024992106865535458,0.9997557792613219,0.019447670818315898,0.017427675573288417,0.3760244400405637
5.0,-0.0010818192732707506,-0.0025456270684185676,0.9997908091015252,0.02285646717421609,0.01138961444036896,0.39105743472190563
5.02,-0.0008297568403026356,-0.0026402106515414866,1.0000281941669569,0.022308049142126554,0.0015290165880447687,0.4041189694043005
5.04,-0.0005003547760488884,-0.002802390124604994,1.0003748595456596,0.018852793987068142,-0.010261768739430003,0.41478587503559483
5.06,-0.00013306144217375705,-0.003039092042058404,1.0005502617835043,0.011802234670033806,-0.018380335072453607,0.42356896299748986
5.08,0.00022723687152409998,-0.0033554679583643375,1.0005389426881064,0.0008764555421544399,-0.02252556674525721,0.4306030869339494
5.1,0.0005410315642366968,-0.0037426753828703327,1.00048875605724,-0.010961774939107024,-0.019780046995094724,0.43722613467070554
5.12,0.0007741866394849676,-0.004170345807620536,1.0005163727496695,-0.021329539542664245,-0.015633481327657246,0.4407328273251695
5.14,0.0009153126255716482,-0.004591331040538984,1.0006940273194136,-0.02866675152166681,-0.00868725483833701,0.441837877618476
5.16,0.0009677905820669153,-0.0049638750706503115,1.0007606260534538,-0.03272033855568316,-0.004168802521914246,0.4407954906913806
5.18,0.0009432271971060192,-0.005251108235322411,1.0007350951617449,-0.03134217200618278,-0.0016799758199081115,0.4386775404298621
5.2,0.0008494180821290338,-0.005429441182599181,1.0006949841591324,-0.029141183143463128,-0.0007876244838378748,0.4339283186081632
5.22,0.0006973274572245208,-0.0054988011092037955,1.0006679649322598,-0.02613858692935432,9.452844672465251e-05,0.4259093325002831
5.24,0.0004942856357921274,-0.005465262582371211,1.0006587644989084,-0.021976277771076413,0.0011146409644294541,0.4147746749454194
5.26,0.00024919522716412677,-0.005337804579307556,1.0006689731944534,-0.016446511824598425,0.002311463802601123,0.4006351542242038
5.28,-2.6556351937023152e-05,-0.005129473517279412,1.000696704997568,-0.009492895539661471,0.003649570595744296,0.38355292260225987
5.3,-0.0003189647883925295,-0.004858112699105854,1.0007427884364253,-0.0013766379064408247,0.005104865943622095,0.36351395903669487
5.32,-0.0006117992279659691,-0.004546773340556132,1.0008219412709516,0.006491739043454189,0.006459091464238484,0.34044754780397823
5.34,-0.0008875457406751179,-0.004223483204284334,1.0009159231602145,0.007088145589394069,0.007638956283471445,0.3171509014537175
5.36,-0.0011316152109253229,-0.0039155526478226645,1.0008992932326086,0.0037394449978048593,0.009955676342360819,0.2928327705201162
5.38,-0.001338510411201872,-0.0036248701237563746,1.0008676490123891,0.0019167005165944412,0.011553943741388724,0.2688720889659037
5.4,-0.001502459725614005,-0.0033372723055212503,1.0009471908319794,0.0033299485423309806,0.009323351007171802,0.24583007506150673
5.42,-0.0016215586493488006,-0.00304521964785744,1.000945526451211,0.006541514728519577,0.006835318935034186,0.22454032251503728
5.44,-0.0017026680178968514,-0.0027570997797107073,1.0008693884400708,0.011077697568332014,0.006327342965049173,0.20541238877060367
5.46,-0.0017507566447583273,-0.002488919228765342,1.0009315868405024,0.011116434727741683,0.007880549774165873,0.18762244836196468
5.48,-0.0017662863628429607,-0.002257710477166572,1.0009203904012176,0.008756468448100454,0.004467887067205954,0.17080626325203338
5.5,-0.0017431984605792217,-0.0020638629581547336,1.0009220580957996,0.005928002012464566,-0.003228195021757711,0.15540209404344427
5.52,-0.0016961497260036156,-0.0019022048119302691,1.0010740107471872,0.0002965814280826925,-0.00727804005704037,0.14204680180031495
5.54,-0.0016580233369360051,-0.0017655353234953825,1.0012165736485559,-0.0031654959393978407,-0.005688107196591366,0.12891298812260718
5.56,-0.0016480733759075793,-0.0016341786411606398,1.001368394983179,0.0010661086775680352,-0.003923877479009415,0.11580708955147848
5.58,-0.001661879178459973,-0.0014934727039155938,1.0015266861833758,0.005301825418683931,0.005603009363233733,0.10276444340553012
5.6,-0.0016900486421160248,-0.0013586403791103852,1.00157332800578,0.0070597091406793535,0.01257865360803384,0.09224138010677539
5.62,-0.0016949119400521658,-0.0012418023600664462,1.0015060355218375,0.006362621098972906,0.014371997276890727,0.08296233764114681
5.64,-0.0016479972919080836,-0.0011481304300639185,1.0014481640509239,0.005699167501604696,0.008339477053503285,0.07364394455124619
5.66,-0.0015430592117077824,-0.001074670085682866,1.001379955335062,0.004710039048814974,0.0018960281842231586,0.06787685290629875
5.68,-0.001403875462246811,-0.0010211932293367066,1.0013213573093804,0.003763493121550843,-0.004564038128851784,0.06584339863817819
5.7,-0.0012560495705064548,-0.0009858557694698896,1.0013020504365429,0.0022441676889170146,-0.010091273983627918,0.06709844523821197
5.72,-0.0011247869484254437,-0.0009660330086530784,1.0011811491443432,0.002949859222640258,-0.010828189766543716,0.06980514546358982
5.74,-0.0010333781493025095,-0.0009579114813951787,1.0011478203404411,0.002070517627270512,-0.0075838601729387445,0.07433689027341835
5.76,-0.000982294386704365,-0.0009638441373282307,1.000993095922014,0.0034560702539320875,-0.0019787486219444345,0.08127339429907714
5.78,-0.0009594581486348454,-0.0009797769507285078,1.000725386698353,0.0029271638442120553,0.00217277882264716,0.09039638189604957
5.8,-0.0009431800407237693,-0.0010096344659988096,1.000403736743623,0.0010563926734778054,0.004306411262125733,0.10201024140806161
5.82,-0.0009174948808962493,-0.0010500166722961408,1.0000419511808292,-0.0019140354582727341,0.003996776980246631,0.11600294747598322
5.84,-0.0008746129242151221,-0.0010927668350262992,0.9996810384368375,-0.00517430313750401,0.0021027382076146627,0.13279840507859908
5.86,-0.0008168627006450064,-0.0011260840138067514,0.9993763044680728,-0.007462274209435114,-0.0008925678877014341,0.15244111385412254
5.88,-0.0007537104521698481,-0.001138315086252969,0.9990464307403204,-0.005707632483003111,-0.0028363040847418633,0.17363316395488632
5.9,-0.0006986023741484952,-0.0011218219553796387,0.9987626969104003,-0.0013024854079344817,-0.0028301453526416716,0.19587103478819562
5.92,-0.0006590318314128517,-0.0010843070748484493,0.9986581018734687,0.0030464449838850586,-0.0021492918541849296,0.21871896764363372
5.94,-0.0006317638376932595,-0.0010438786619795986,0.9986839593983653,0.00552603190883439,-0.0013010188839472393,0.24115383498056023
5.96,-0.0006102052121730194,-0.0010170980892321327,0.998747492472049,0.0063580385510385775,-0.00015751845840740326,0.2621334452991366
5.98,-0.0005884416693543521,-0.0010127121076963983,0.9988320508246399,0.006849403791934686,0.001118869108566043,0.2810902467422455
6.0,-0.0005608151639666218,-0.0010326365818332968,0.9989285907762631,0.007755055790173913,0.002507672531950851,0.29789984294645266
6.02,-0.0005215078508513179,-0.001077210845374705,0.9990387946058216,0.009426729220844815,0.00435413758977997,0.3124376648742378
6.04,-0.0004638688137821673,-0.0011479873377223107,0.9991581707113039,0.011650365652811974,0.00635772732880102,0.3244495958162045
6.06,-0.0003785537815363413,-0.001248757192793573,0.9992947055443112,0.013757844591911454,0.006425497651308482,0.33391480204739377
6.08,-0.00025413944335416785,-0.0013857029964420616,0.9995323692369955,0.013931983354120409,0.002425893935514327,0.3415803272503451
6.1,-8.697857357947906e-05,-0.0015666526808165934,0.9998996623919604,0.010990645741245406,-0.003944301421712282,0.34697053126279076
6.12,0.00010617648849632763,-0.0017937385009505142,1.000104899003217,0.0043829449344516755,-0.006853860915602202,0.3504491265449954
6.14,0.0002992850205902763,-0.0020663795120416787,1.0003069330012353,-0.0024569906277838666,-0.009461025300916807,0.3503421401597478
6.16,0.0004730973390346607,-0.002363901257209049,1.0004688644402244,-0.010262719422795065,-0.011054208246570593,0.3470016076732028
6.18,0.0006096476521245605,-0.002664764534364321,1.00052573622445,-0.020303203892785268,-0.010385063000099108,0.34102839177505545
6.2,0.0006912081573998015,-0.0029420958312713448,1.0006145840463965,-0.02909951981295691,-0.008939757022372322,0.3320531676709481
6.22,0.0007081094125102649,-0.003158173900329875,1.0006793897111461,-0.03169788832780226,-0.006560691021182144,0.32303239017583524
6.24,0.0006552419822717221,-0.0032784126320824824,1.0007122293809516,-0.028014307294587464,-0.0027104535918135173,0.31432592916893215
6.26,0.0005394725611360202,-0.0032903971792689595,1.0006896787629191,-0.01950118255988724,0.0010539719937111224,0.3050594746850011
6.28,0.0003797443325619258,-0.0032012256576833004,1.00066590870426,-0.008020524733533346,0.004233868145961665,0.29487220161097805
6.3,0.000201065884969519,-0.0030377388459475923,1.0006538898169244,0.0045218367592123315,0.006479641658475065,0.2838910300445039
6.32,2.9323556877419846e-05,-0.0028392264397112824,1.0006699828234182,0.011896257628021241,0.00858597424979324,0.2724831272487886
6.34,-0.00011283132226369184,-0.0026508105371826174,1.0006993464287568,0.011580345114073316,0.010580183760200314,0.26101968656576835
6.36,-0.0002114325657015526,-0.0024971865949382985,1.0005954231169485,0.006317316844245996,0.009677260076038259,0.2508885230973003
6.38,-0.0002601623989946036,-0.002375567485029732,1.0003405477052076,-0.0021997803057534028,0.005349614277301787,0.24283112226026274
6.4,-0.00026577544849416064,-0.002268680226453093,1.0001023756383536,-0.010672197920308494,0.00044117220884577594,0.23816250216955326
6.42,-0.00025289125812499446,-0.0021483122673333775,0.9999095833428978,-0.012986700131952045,-0.004647891027521045,0.23406628524902598
6.44,-0.00024815701486521604,-0.00198722813110907,0.9996930704107222,-0.00917757229774074,-0.008047191742950648,0.23027002501864005
6.46,-0.00027355370638309855,-0.0017800632903015273,0.9995558422250672,-0.004822434805972323,-0.008357391898455578,0.22737687596909467
6.48,-0.0003389329435235911,-0.0015444666551611573,0.999527328411352,-0.0009574132851152409,-0.004636447166406037,0.22523857326947463
6.5,-0.0004407770957769827,-0.0012979248784326899,0.9995354390219886,0.0022648783105523934,0.0017388057916584703,0.2247713024788707
6.52,-0.0005610725986223922,-0.0010519834141549818,0.9995392714033264,0.004973004310318302,0.006932907726342848,0.2264554346994677
6.54,-0.0006724502909747421,-0.0008135400225531723,0.9996325387810442,0.008966898729010943,0.006782068767045269,0.22877845931730145
6.56,-0.0007528274088412126,-0.0005882058401018353,0.9997320321405165,0.009466892163869355,0.0036591851980272466,0.23143047848652135
6.58,-0.0007996303921492116,-0.0003909640441462167,0.9997901857866643,0.005209664992699155,0.0004193487793252618,0.23456181395334522
6.6,-0.000824241772730016,-0.00022624602798508142,0.9997924475561256,0.0026556684060012378,0.0018124483326312012,0.2390460861992409
6.62,-0.0008424614775093333,-8.122319934249149e-05,0.9998111137984551,0.005628564424962572,0.0030979468952047604,0.24390394299100432
6.64,-0.0008512994984886146,5.525137141121052e-05,0.9998294829927374,0.007273633106480933,0.0010356790319968523,0.24810821556809864
6.66,-0.0008427379787429998,0.00017283563950645954,0.9999118587078166,0.0066400157281885815,-0.002821141271038604,0.2509454512929611
6.68,-0.0008231513753813612,0.0002634520351008129,1.0000280169609481,0.0034948816831681276,-0.002866943189487435,0.25385556785636315
6.7,-0.000807645720477914,0.0003272443655317705,0.9999745567038031,0.0007227635993343459,-0.0017644488817501536,0.2571920139825815
6.72,-0.0007996181183284115,0.00037484168086017157,0.999935857214047,0.00042601752457988745,-0.00045323092759245987,0.2609912936259795
6.74,-0.0007975410032072485,0.0004179198034108968,0.9998811498184066,0.0016025791560296031,-0.00013906544192997025,0.2633028285353033
6.76,-0.0007967623093378438,0.00045887344793399214,0.9998605676413481,0.0032943342213552123,-0.0010003130502305984,0.26355395379664737
6.78,-0.0007948459208724451,0.0004934209519100745,0.9999447119854997,0.0032841818937568044,-9.330305162177962e-05,0.26398432067891875
6.8,-0.0007933411992060737,0.0005148183185036715,0.9999221133281014,0.0019277067576778072,0.000653924011094608,0.26626801854909843
6.82,-0.0007888456751737941,0.000523733886585434,0.9998811159792251,0.0013261557318496435,-4.4655821544889604e-05,0.2679603381613703
6.84,-0.0007798411044952189,0.0005259505587865511,0.9998851445875436,0.0008932240256551294,-0.0012353145890185496,0.26776973079986954
6.86,-0.0007696190474216386,0.0005230344234726308,0.9999447021799625,-0.00019522925103819172,0.000680261022657217,0.2696933367614136
6.88,-0.0007630382373062767,0.0005156001245184143,0.9998885979701394,-0.0011295475933963443,0.0015529265760283113,0.2727583803493083
6.9,-0.0007541222417427821,0.000509604081450116,0.9997896930073941,-0.000874700499143448,0.0007477087330168549,0.2744913069918764
6.92,-0.0007404534505566833,0.000509631123610909,0.999766705910158,-6.877622296214448e-05,-0.0005963848299552023,0.273743079465785
6.94,-0.0007248858648452594,0.0005137917440861467,0.9997807479516361,0.0022545834282097586,-0.00018012735884992634,0.2719329773691619
6.96,-0.0007116959951077565,0.0005175699301905941,0.9998649296236269,0.003580365605102962,0.0003178001666519126,0.2698852707237634
6.98,-0.0006968356358545329,0.0005127068973702142,0.9999199065957036,0.0038194654479219927,0.0012934291765654032,0.26842794287260957
7.0,-0.0006770795194191875,0.0004947464418691831,0.9999470412202506,0.003111261460439512,0.002280189813891699,0.2687475032445464
7.02,-0.0006485807838397672,0.0004638583264128621,0.999929404718183,0.001673275287531712,0.0025569873877376997,0.27168787271581235
7.04,-0.0006084512714886168,0.00042377002181758503,0.9998449037900285,0.0006732908293881407,0.0008534926507139505,0.27327253850052335
7.06,-0.0005564241924251872,0.00037992180333615413,0.9999369180934188,-0.0005914496223535632,-0.000878525706459603,0.27455725792237123
7.08,-0.0005005833044041988,0.000334503009408276,0.9999509542770335,-0.0021633690968991632,-0.0011981225179950137,0.2761776324335373
7.1,-0.000448677312000294,0.0002904010730873989,0.9999119316664221,-0.0028118769189186847,-0.0015057654986712422,0.2775429525991128
7.12,-0.0004036362095548596,0.000253204975681124,0.9998684049466328,-0.002470730816410277,-0.0020408767722127105,0.2771751266337848
7.14,-0.0003674653815942076,0.00022516404293403526,0.9998867854078515,-0.0009465462447110316,-0.0006824020649189818,0.27588134029074163
7.16,-0.00034177260847154236,0.00020434360151979605,0.9999445081836398,0.00033436323854377583,-0.0008095388391860274,0.27393182602370725
7.18,-0.0003196723749488316,0.0001863713313776627,0.9999883433339369,0.0010200244861606799,-8.52568857816547e-05,0.27203265047910913
7.2,-0.0003002784006812723,0.00016630257751049202,1.0000147691896422,0.0006591436075937423,0.0012155662129623617,0.27122128177661886
7.22,-0.00028017019749942236,0.00014242736970176625,0.9999230963593184,-4.2231312147001067e-05,0.0016845356723557499,0.2723943926388973
7.24,-0.0002547510565708556,0.00011734844322671735,0.9998641708258299,-0.0003039132302044013,-0.00015654469958675964,0.2731956166474017
7.26,-0.00022282285562164836,9.429128571688969e-05,0.9999381786166032,-0.0013629619957094812,-0.0012504547513916638,0.27427524779896595
7.28,-0.00019181900483589788,7.221957187032398e-05,0.9999535556901413,-0.0024038028198940927,-0.000997458258264548,0.27550138522440193
7.3,-0.00016689416339101638,5.391201531473603e-05,0.9998980256256391,-0.002282480569347657,-0.0015050334502361002,0.2764656598973873
7.32,-0.00014842374175052164,4.3760388706056784e-05,0.9999097848543484,-0.0015609049237110917,-0.0022730631251978678,0.27495314794945525
7.34,-0.00013813389357542687,4.06553335782439e-05,0.9999446335236127,-0.0005300285411361151,-0.0011471415012690518,0.27304276573934844
7.36,-0.0001381635596210165,4.1047682365037604e-05,1.000007898612917,0.0003116038563498888,-0.0002494005107124784,0.27148285620760676
7.38,-0.00014305615804351823,4.2223404198953786e-05,1.000049039892439,0.0007456987099814686,0.0004907985832253101,0.27041557478295003
7.4,-0.0001485567524647924,4.196481963610818e-05,1.0000750218954486,0.0006725678234208678,0.0009876729658128245,0.2702195521548157
7.42,-0.00015148604326735204,3.9462890792588255e-05,0.9999998445315538,0.00017127060890711476,0.0009175891644487945,0.2717866078808744
7.44,-0.00015002878830232987,3.547295013138695e-05,0.999879845581367,0.000559402025296362,-0.00016416119063355236,0.27149021382762717
7.46,-0.00014477473864694953,3.181846408539002e-05,0.9999242824897785,-0.0006055618929520317,-1.5597180821310328e-05,0.27217091574509916
7.48,-0.0001395564570285545,2.590571520727508e-05,0.9999276622186224,-0.0006356875624499715,-9.819654191187289e-05,0.27362272723829556
7.5,-0.00013502705985497768,2.2227577653310374e-05,0.9998617791166589,0.00016905086695474027,-0.0007332919788520687,0.27288217527948755
7.52,-0.00013156751871470972,2.0896479381235335e-05,0.9998794847684669,0.0010819504791684848,-6.327341168094719e-05,0.27133899097533937
7.54,-0.00013073720512114353,1.813344618821925e-05,0.9999530527244922,0.001126280793719065,0.0007309203808150594,0.27037090257231045
7.56,-0.00012902389988151672,1.1285441046651403e-05,0.9999648619874831,0.0003943783094754115,0.0013304430053014391,0.2711897110472058
7.58,-0.00012345337785228013,1.0259308676907173e-06,0.9998953471890722,-0.000107705843275959,0.0004792257121918578,0.27310727130595625
7.6,-0.00011235355782256665,-9.319344817832328e-06,0.9998942909724563,-0.0002806831872160962,-0.0010124671351001647,0.27286095267296084
7.62,-9.953719315828981e-05,-1.87267206732455e-05,0.999963470327376,-0.0019615271772240673,-0.000659854584425233,0.274789296526569
7.64,-9.070660653726975e-05,-2.813618642036422e-05,0.9998964285732314,-0.002504791509907955,-0.0009170198496138253,0.2764983592853494
7.66,-8.644443529899123e-05,-3.086073573662643e-05,0.9998168666341797,-0.0017877522803382761,-0.001642944879352406,0.27608766756351005
7.68,-8.850268269276121e-05,-2.4872569067800598e-05,0.9998512854546585,0.0001609033895512046,-0.0003634677245851679,0.2747900548936145
7.7,-9.874660625810031e-05,-1.3852646741001701e-05,0.9999246210916596,0.001570476681322392,-0.0003293146395284871,0.27278648107699394
7.72,-0.00011017844057852653,-3.8319050888823385e-06,0.9999846588073127,0.002213696528976233,0.000522294919602892,0.2708999786397851
7.74,-0.00012118864572656015,-5.087891776922522e-08,1.000016694568743,0.0018379037423157912,0.0019745466736914956,0.2701371239789584
7.76,-0.00012802740005270804,-3.845654179509093e-06,0.9999280035565967,0.001132969187194215,0.0027031091705861455,0.2713232447051447
7.78,-0.0001253836840051124,-1.2564404664409072e-05,0.9998789926065189,0.0006028508267833066,0.001002339003499034,0.2729273152875195
7.8,-0.00011092806184843424,-2.276750017637738e-05,0.9999727944051536,5.33677560736157e-06,-0.001088111558258062,0.2735055653356578
7.82,-9.216189038759029e-05,-3.415186118570307e-05,0.9999791204626357,-0.0014718994008270495,-0.0009107220460556361,0.2750142245001234
7.84,-7.746720363074444e-05,-4.668657613807992e-05,0.999942670084938,-0.0018718658164375902,-0.0012166075185770157,0.2763836003631659
7.86,-6.774485370467957e-05,-5.4666341438089975e-05,0.9998731961566669,-0.0012840194908431807,-0.0017910749589888665,0.2756733110539779
7.88,-6.477399045308669e-05,-5.674793099885346e-05,0.9998949406159682,-0.0002456497822264413,-0.0009252431496452506,0.27402936311405834
7.9,-7.00535512706439e-05,-5.585157462954029e-05,0.9999755523734645,0.00040091660868254964,-0.0002664663102827268,0.2726332897946572
7.92,-7.904930982082005e-05,-5.5009958170224995e-05,1.000022904785714,0.00044910990196294986,0.0006289131317712584,0.27189864015792126
7.94,-8.860846439532294e-05,-5.5926324384068786e-05,0.999988310482383,1.8944804598743915e-06,0.001104312973250664,0.27270051455698274
7.96,-9.53302695544594e-05,-5.786920440454245e-05,0.999929121957536,3.947008646037727e-05,-0.00030172414761420863,0.27358782615056737
7.98,-9.770803359514589e-05,-5.860516735451987e-05,1.0000275957656384,-0.00044257109350679687,-0.0010249826206720522,0.2737088923315587
8.0,-0.00010117809664294427,-5.980789709155471e-05,1.0001161474205014,-0.0016085709370438391,0.0014357177007923735,0.2754137289017647
8.02,-0.00010881060407821453,-6.044860436784078e-05,1.0000491062023316,-0.002892228199531552,0.0026052469804913464,0.27870038402317204
8.04,-0.0001127710864720594,-5.356265399296848e-05,0.9999448004854514,-0.0026501974887601755,0.0015801342433773686,0.280874946451517
8.06,-0.00010993446907425548,-3.277930938224666e-05,0.9998958353913581,-0.001649675985597669,-0.00012784908145851666,0.28051999896413277
8.08,-0.00010395643860375483,-3.9619218296420506e-08,0.999938827900121,0.0009628937313961452,-0.00012182471254461995,0.27881368502478804
8.1,-0.00010024647292391677,3.872586217735676e-05,0.999966844553733,0.0028955412937924437,-0.00040696536891746723,0.2764394521581099
8.12,-9.595577066237014e-05,7.367403388402831e-05,1.0000219555784995,0.004040839150535881,-4.5046101045535514e-05,0.2738757982651431
8.14,-9.011482794824004e-05,9.73082120231347e-05,1.0000531752446162,0.004105748918762938,0.0009924981219090038,0.2721026403897919
8.16,-8.019602470087717e-05,0.00010574362506410191,1.0000541967916081,0.0030556868720602957,0.0019774177397685754,0.2724146095620626
8.18,-6.234188810640728e-05,9.99477440019294e-05,0.9999922256694401,0.0017249513454753937,0.0023060022061436166,0.27514478139703497
8.2,-3.392858756147131e-05,8.480717612655526e-05,0.9998881209149809,0.0008959722039110015,0.0005029585776425064,0.2765276539600549
8.22,5.459016559176295e-06,6.545012898459767e-05,0.999955433612163,-0.00020792948346353126,-0.0014656344018400755,0.27773893471135747
8.24,4.762085937940592e-05,4.331757885328476e-05,0.9999544486499502,-0.0016494908398424937,-0.00215092470396051,0.279313356836719
8.26,8.403315815458478e-05,2.041589526583624e-05,0.9999310528532547,-0.002573654053499705,-0.0023696683870698897,0.2804974138585377
8.28,0.00011055284720355738,1.413955693141339e-06,0.9998981147950314,-0.0025519851429636198,-0.0024988966418925925,0.2808909245727479
8.3,0.00012528258865192088,-1.0419600802245824e-05,0.9998818249433419,-0.0018340993378025713,-0.0028071996364099757,0.27867356935235793
8.32,0.00012758793484977956,-1.5218559270744003e-05,0.9999387770167291,-0.0012448036288767465,-0.001622618714406513,0.27691202535131865
8.34,0.00011734235509572428,-1.613098544788187e-05,0.9999930635134024,-0.0007880003035293033,-0.0004519191127648748,0.27589842486793736
8.36,9.972599494116685e-05,-1.4116953060491863e-05,1.0000087055696278,-0.000173437277548646,-5.366252992541882e-05,0.27526684629097176
8.38,7.956544934101854e-05,-9.60294864720606e-06,1.000043274412336,0.00017484089907891784,-0.0004761905619279077,0.2743314786996806
8.4,5.903532979937565e-05,-4.49776546276013e-06,1.0000626791200462,0.00047074858155678396,0.0009342705289431185,0.27323495708692835
8.42,3.693414958194143e-05,-5.449732271410389e-07,1.0000244389424795,0.00047728283644438315,0.0015916366045628412,0.2732748490354551
8.44,1.8860803356651956e-05,2.618852715559865e-06,0.9999722757353632,-0.0006143689324307316,0.0013029461845930404,0.2752123521157224
8.46,7.315065067707675e-06,5.662487361468999e-06,0.9999204361870073,-0.0007571109658698521,0.00011160164676409491,0.27575924539399604
8.48,1.544307796657049e-07,1.2509348613697929e-05,0.999974407913241,-0.0013187702121347762,-5.8270788836243135e-05,0.2763273277261894
8.5,-7.378812760929295e-06,2.2258091151609097e-05,0.9999394077597415,-0.0008890942940276605,3.886230385337508e-05,0.27669637619690135
8.52,-1.6551538913483515e-05,3.695649761112956e-05,0.9999414137106823,-0.00028402508431180784,-0.0011452029541744813,0.2752045666600391
8.54,-2.6523463306962114e-05,5.5041608045888966e-05,0.9999482386462738,0.001095201998789794,-0.000526144609896457,0.27283501942383265
8.56,-4.1177686573632015e-05,7.296163910166912e-05,1.0000122652290229,0.001830455696290696,0.0004787098917664895,0.27092442950005624
8.58,-5.6642093226531e-05,8.621895121861842e-05,1.0000412861762564,0.00188327230211906,0.0017164825404591224,0.26994339148904356
8.6,-6.845524520785109e-05,9.320813420682222e-05,0.9999761545694493,0.0014335127884799435,0.0021602713610026697,0.2705675137140674
8.62,-7.179203140789973e-05,9.486266203048568e-05,0.999917199805582,0.0010520325943024725,0.000693389729595159,0.2720964569685209
8.64,-6.51408230798808e-05,9.32588850174701e-05,0.9999894092980767,0.0009810588101912291,-0.0010535025421188184,0.2721561655486212
8.66,-5.47582607994306e-05,8.840569220863791e-05,1.0000723780523906,-0.0009043071005047958,-0.0006830587797832518,0.27403679003330716
8.68,-4.7211063572932155e-05,7.893330855396201e-05,0.9999995781228769,-0.0015738425750108488,-0.0009503395542763153,0.27591130437741046
8.7,-4.3186492039110224e-05,7.214100794954403e-05,0.9999041937263496,-0.0012284269771693213,-0.0016662117375282112,0.2758406368526847
8.72,-4.460481011465051e-05,7.043853772554862e-05,0.999938814432522,-5.832975149625846e-05,-0.00015214347460400124,0.2747511868658448
8.74,-5.362969088962988e-05,7.159626482652186e-05,0.9999793647636993,0.0011885236997124335,-0.00031278684639366355,0.2730671285461815
8.76,-6.328388579173649e-05,7.281137593575923e-05,1.0000228461190375,0.0017720912801413842,0.0004479460506886063,0.2713536610540379
8.78,-7.28549250041596e-05,6.923149743476893e-05,1.0000475398292397,0.0013534885503295644,0.0017508600190751001,0.2707662658389172
8.8,-7.89750224877347e-05,5.962594362738023e-05,0.9999504749343834,0.0006926877285894239,0.002385577298818559,0.272122007620319
8.82,-7.699340766619274e-05,4.6725223638017675e-05,0.9998848978985747,0.0004233402656066584,0.00048522765768732585,0.2731253007620226
8.84,-6.489092371851971e-05,3.3728850437208495e-05,0.9999744750794917,-0.0005023684092337203,-0.0009728533737887532,0.2741161166910849
8.86,-5.056397417839216e-05,1.9679450033733145e-05,0.9999865326399978,-0.001655012307975739,-0.0006950434326046679,0.27533680304792807
8.88,-4.038316058018324e-05,6.490442320840837e-06,0.9999336657025171,-0.0015847572549305966,-0.0011758623123031343,0.2764785735333568
8.9,-3.4640064481317794e-05,-1.1304760661176857e-06,0.9999199881691384,-0.0008950401064615305,-0.00201561514083645,0.27505478441038284
8.92,-3.5107905857299336e-05,-3.968493651488545e-06,0.9999550817364887,-3.468030981421086e-05,-0.0009433811103478286,0.27306379660212216
8.94,-4.418839124269042e-05,-5.565490382344699e-06,1.0000157438689135,0.00029591478317723106,0.000299779450870849,0.27176488378577124
8.96,-5.6820449705890116e-05,-8.018244342408811e-06,1.0000340358745003,0.000208837957196392,0.001062149735788425,0.2716140781169451
8.98,-6.802267606692305e-05,-1.1257852275771576e-05,0.9999880331056338,-0.000575370032315702,0.0011733012861632507,0.2733965685259036
9.0,-7.505106213478593e-05,-1.4171554106991323e-05,0.9998811348535663,-0.0002632440758804805,2.2584542149934978e-05,0.27370576746021996
9.02,-7.808364106662019e-05,-1.3516913596634926e-05,0.9999494234185063,-0.0012977139013164334,-0.00015225808005053657,0.27444620273342457
9.04,-8.13033424397619e-05,-1.1867087321616887e-05,0.999933960539809,-0.0013652111469014108,0.00011395192001419323,0.2756207277900014
9.06,-8.644125524360367e-05,-5.5621828334122515e-06,0.9998535146925938,-0.0002524811165091656,-0.0002547806016829987,0.2747904205676273
9.08,-9.263112160645018e-05,6.160319174083245e-06,0.999885765477199,0.0006727048680238602,-0.00015341244807417289,0.2732708170443944
9.1,-0.00010005582690876128,1.856054410874473e-05,0.9999497777794483,0.0011122284826347337,0.0004736148072913031,0.27203232365575003
9.12,-0.00010734302619526036,2.82712024466161e-05,0.9999820471113393,0.0008909578981669915,0.0013128603765066253,0.2717812869115304
9.14,-0.00011173830424957728,3.436544543132386e-05,0.9999166978969573,0.00036657343797630526,0.0014012388271989447,0.2735053076795655
9.16,-0.00011031957927311622,3.850043653265196e-05,0.9997951408186558,0.0007759206807597757,0.00015608305814454859,0.27341983988492624
9.18,-0.00010300973494010333,4.2736007366295005e-05,0.9998224444510315,-0.0009821767055672944,0.00016705969695283854,0.27514457974959006
9.2,-9.430912379467386e-05,4.423182829420467e-05,0.999811351100608,-0.0015880797779322827,-0.0002848358089682079,0.2766939555745569
9.22,-8.603009831572934e-05,4.95987964969838e-05,0.9997892733927962,-0.0012016917980267334,-0.0011221329677659053,0.2763988126172158
9.24,-8.05712153313448e-05,6.072446226199623e-05,0.99982206065759,0.0008479291154011423,4.693032729422612e-06,0.2748345742567817
9.26,-8.068495814735165e-05,7.520342484552186e-05,0.9998910184133827,0.0022497056391542554,1.1122065915186406e-05,0.27271560757919183
9.28,-7.988171742203433e-05,8.64866025603039e-05,0.9999476674671759,0.002866875525020761,0.0006386454069026657,0.27079282565948587
9.3,-7.668020774139594e-05,8.934413229977444e-05,0.9999744112390193,0.0021495992462283744,0.0019036220092006285,0.27021671705015027
9.32,-6.822946442146323e-05,8.235279601518525e-05,0.9998805866912243,0.0012464950575355664,0.0022817852464112076,0.2716557788175321
9.34,-5.025507373721787e-05,6.918015605971813e-05,0.9998240629079883,0.0007145113503742562,0.0003304357286506547,0.2725289777043548
9.36,-2.2063952152150437e-05,5.3640567111974035e-05,0.9998873985877773,-0.00046979947060718323,-0.0009199503696201742,0.2737893726121074
9.38,8.091064696438024e-06,3.578206217452379e-05,0.9999215339053412,-0.001910587666961647,-0.0012254214348702015,0.2752818132075668
9.4,3.4321857111762965e-05,1.8721820519847375e-05,0.9998867334210427,-0.0024152231893208006,-0.0015028901804276056,0.27652060887178487
9.42,5.3902088496960506e-05,7.551317938646626e-06,0.9998348586786903,-0.0019109771277813635,-0.002113268491946847,0.27590659350848
9.44,6.506973116632949e-05,4.0208068497599294e-06,0.9998517001448018,-0.0005736158200780814,-0.0011069098953897494,0.2743957389227324
9.46,6.607855144692796e-05,5.512601338711801e-06,0.9999227420838424,0.0005385385247987748,-0.0009433605927203892,0.2726375610315699
9.48,6.232993291337157e-05,7.985833064856873e-06,0.9999696334368776,0.0009802959122293946,-7.794914340061575e-05,0.2711919660355371
9.5,5.559896154704858e-05,7.435885731725784e-06,1.0000065673499006,0.000675480267530197,0.001025209692922592,0.27094891295551293
9.52,4.959051586510438e-05,3.1942382768793974e-06,0.999948138602549,-3.22837656815912e-05,0.0014342524978442222,0.27279040513205505
9.54,4.810333874052217e-05,-2.498904377266303e-06,0.9998346019400651,0.0002691632661142817,9.827310555173598e-05,0.2733284911999459
9.56,5.2274716949159195e-05,-6.4665586571511855e-06,0.9999230307935943,-0.0006630553190828261,-0.0007229824722849316,0.2740017278591458
9.58,5.708765572033095e-05,-1.1327920454083536e-05,0.99994662182345,-0.0015459529495572958,0.0001259179224347858,0.2753522887005979
9.6,5.8560795373354386e-05,-1.4498443569791728e-05,0.9998608466491233,-0.0016594280719564396,-0.0004915200069191364,0.2769202645315181
9.62,5.8845510510854934e-05,-1.1626198337678916e-05,0.9998238717584551,-0.000958414642906852,-0.0014768242760227663,0.2760028471343316
9.64,5.544370042312005e-05,-2.939854354082987e-06,0.9998457757340871,0.000524075781874993,-0.000844000274506396,0.27414805418431754
9.66,4.5377730553092165e-05,7.799272180969497e-06,0.9999110658841809,0.001311871747492319,-0.0001587241551582601,0.27243498560028456
9.68,3.2702960483726116e-05,1.566940412171375e-05,0.9999585952777331,0.0013237406729295692,0.0009144314478123539,0.271444424958072
9.7,2.0809355117212583e-05,1.8500981200395696e-05,0.9999386752668834,0.0007979875254022275,0.0013978731633230803,0.2721141015504815
9.72,1.3725577737566463e-05,1.732927714876845e-05,0.99988290208781,0.00040074536204348524,0.0002954499825594714,0.2737258828035162
9.74,1.2915760014298936e-05,1.4580626315339746e-05,0.999922949160032,0.00046847774302784175,-0.0011090842696400835,0.273416279691053
9.76,1.366533580070917e-05,1.061998102497982e-05,1.0000114543537926,-0.0011501631036439515,-0.0005633927683536457,0.27523849373072384
9.78,1.0874550046517875e-05,3.840321919714083e-06,0.9999400409120832,-0.001608328128626832,-0.0008065614434268419,0.27697319334517523
9.8,4.752796321906208e-06,7.852920498570218e-07,0.9998482033474221,-0.0009632854254429446,-0.001511984560594381,0.2765303686703365
9.82,-6.269329155404494e-06,3.0853961851054973e-06,0.9998716838469167,0.0006972641981979416,-0.00021161912322680923,0.2751693359305563
9.84,-2.4127189890791874e-05,7.431554844617792e-06,0.9999602449747084,0.001804338361420608,-8.88240898110911e-05,0.2732171689918853
9.86,-4.202584160693634e-05,8.946004805153964e-06,1.000010811790784,0.002120826034685279,0.0008952556241818751,0.2716736365735403
9.88,-5.8347051878964695e-05,3.5992027287612293e-06,1.000036030861378,0.001561697134966508,0.0020784510510559314,0.27168757415221034
9.9,-6.915288048428518e-05,-8.672670507244509e-06,0.9999848752270204,0.0005090300123373517,0.002524838019066153,0.2739947793435528
9.92,-7.05743857882771e-05,-2.4600259376856115e-05,0.9998859031878872,0.0002637189439059603,0.0010242640484999723,0.27506076855378764
9.94,-6.140598845353797e-05,-3.9718835119487854e-05,0.9999897264822737,-0.0004083386817181951,-0.0005980614516784947,0.27551743958001734
9.96,-4.8203316880689825e-05,-5.473202575980592e-05,0.999995758241075,-0.001841856930846332,8.531089463037549e-06,0.27704523101358014
9.98,-3.76479610178144e-05,-6.884900033633863e-05,0.9999221199245197,-0.002120796537049749,-0.0005282420532808793,0.27872001555660786
10.0,-2.905750843106889e-05,-7.595134718253219e-05,0.9998763739586521,-0.0014811749924386283,-0.0015532339998826123,0.2780392293699331
