0.02,-0.5,0.5,1.4997409886421098,0.000950885818406165,-0.00016845333183971152,-0.0006006699378656657
0.04,-0.5,0.5,1.4992672705624384,0.0018634561342160477,0.002325673855597304,-0.0012992650670732592
0.06,-0.5000006251084425,0.499996483683246,1.4985722714272407,0.00471266228989669,0.002759946830329561,-0.0030131715216403093
0.08,-0.4999926775432114,0.49998608347932233,1.4976475658656196,0.007284457665373298,0.005013881204774505,-0.00499344835725952
0.1,-0.49997466566239746,0.4999583760221115,1.4964714846738019,0.010269811318786348,0.007149400568505221,-0.00744764343606683
0.12,-0.4999383545505087,0.499903796521108,1.4950558658363222,0.013457540400843092,0.009559290051682889,-0.010367253163115249
0.14,-0.4998759691329088,0.49981116073127607,1.4934124005853988,0.016870564208504066,0.012198888533775638,-0.013818436447223805
0.16,-0.4997787640728394,0.49966841219997166,1.4915526273704556,0.020479408074236774,0.015067447514258179,-0.01782788284709228
0.18,-0.49963723619704414,0.4994625444279787,1.48948590618776,0.024237900679067927,0.018127344912189883,-0.022415093564745903
0.2,-0.49944113535361634,0.4991796542179317,1.4872217040987588,0.028076980938215257,0.021352908071468724,-0.0275788725852053
0.22,-0.49917972475139905,0.4988052148257234,1.4847641877230897,0.031939756376055145,0.024671196373133985,-0.03328614567003834
0.24,-0.49884180721016724,0.4983241724342099,1.4821190459072195,0.03571767362398179,0.02800094189422056,-0.03949114437019957
0.26,-0.4984160656413272,0.49772120907428213,1.4792908458330458,0.03929012299367452,0.031258425039467325,-0.046149689116966215
0.28,-0.497891398207386,0.49698117727865204,1.4762824294559524,0.04252727889044923,0.03442137295094812,-0.05317255490884434
0.3,-0.49725712851511045,0.49608942515170695,1.4730986236936743,0.04536299756227335,0.03735830518249758,-0.060475469575847096
0.32,-0.4965031328021948,0.49503239966656143,1.4697433160736801,0.047736859847319096,0.04001185183640052,-0.06796439516736014
0.34,-0.4956202789858426,0.4937979168066021,1.4662200964832113,0.04962428360570331,0.04231188046167806,-0.0755284070054274
0.36,-0.4946005752025137,0.49237541327044626,1.462532686000756,0.05105785040634105,0.0442567083047947,-0.0830490742284291
0.38,-0.49343736063624316,0.49075608161809037,1.4586852559854562,0.05209191509260821,0.045882202207123086,-0.0904161548780385
0.4,-0.49212521178834373,0.48893273206588445,1.4546836049510266,0.05276934469362785,0.04719934070989323,-0.09754625342240879
0.42,-0.4906598827091472,0.4868997873328579,1.4505321733084964,0.05315328662892365,0.04820581846215419,-0.10435057163547831
0.44,-0.48903809997378095,0.48465298722793876,1.4462372013353166,0.05333942636095518,0.048972548655920545,-0.1107306284570135
0.46,-0.4872576724113369,0.4821893675060971,1.4418036833033083,0.053365261013508934,0.04953347944439491,-0.11660492892992591
0.48,-0.48531711767849867,0.4795067750303161,1.4372377671906884,0.05330298473924465,0.04993943430045876,-0.12189268590869622
0.5,-0.4832156037094066,0.47660386379065667,1.4325447087609564,0.053165099958066134,0.05017291672481434,-0.12652820052811992
0.52,-0.48095266147654847,0.4734796922161647,1.4277311751125596,0.052993114808948145,0.05031586084837943,-0.13043394149515888
0.54,-0.4785283757023006,0.4701338976279409,1.4228019986414573,0.052787800794281976,0.050357360384864366,-0.1335381932596509
0.56,-0.4759429921761272,0.46656640807969874,1.41776207671403,0.05260119374707773,0.05041509358333543,-0.13574395482037108
0.58,-0.47319701434268263,0.4627775611756546,1.412614673520334,0.05237340114980885,0.05047572752292142,-0.13699023289346715
0.6,-0.4702907329392831,0.4587678230713929,1.4073621001709569,0.05218572008394672,0.05056553872906828,-0.13725608049776566
0.62,-0.46722470510993647,0.4545386806208867,1.4019946939175552,0.0519086638916534,0.05004126390514363,-0.13679320438885595
0.64,-0.4639985720517947,0.45009077883079973,1.396517028498951,0.05077625584042806,0.05209748418378441,-0.13599302975409594
0.66,-0.46061456197986794,0.4454261992953808,1.3909225765154152,0.04783136316620908,0.0516127137048216,-0.13476151473236636
0.68,-0.4570637121441215,0.44054771137878274,1.3852262590062805,0.04448252344010181,0.05363864675335728,-0.1326809522841557
0.7,-0.45334735658847186,0.43546852294776156,1.3794046226056687,0.039899654923171116,0.05536573134180486,-0.12983817284043966
0.72,-0.44945572476472473,0.43020057078305013,1.3734633684051463,0.034496439332759775,0.05748130617508452,-0.12617605127589035
0.74,-0.4453797381942692,0.42476107309073147,1.3674026093217193,0.028425344346314003,0.05983060951966731,-0.12174726433826065
0.76,-0.4411079046350993,0.4191699290690267,1.361232528653024,0.02180387941322066,0.06219929552071766,-0.11647025870143282
0.78,-0.43662720815048467,0.4134495817076148,1.3549690098484122,0.014762148970375194,0.06427064504362802,-0.1101980276758612
0.8,-0.4319247178625222,0.40762521488173975,1.3486213454186853,0.007486057613670978,0.06572443071325465,-0.10298575089073653
0.82,-0.4269888388049853,0.401724289875436,1.3421948957933638,0.00033951931047396776,0.06632230789243107,-0.09502520473288383
0.84,-0.4218106322804884,0.3957758536082709,1.335693231578695,-0.006179577736707968,0.06579026659580062,-0.08658437027286628
0.86,-0.4163847627002173,0.38980909280812076,1.3291216298546698,-0.01146625925045452,0.0639099581779316,-0.07803422722332119
0.88,-0.41071101117293984,0.38385140480553276,1.3224836416205865,-0.015055331087545159,0.0604425768613961,-0.06984421025003269
0.9,-0.4047953571963112,0.37792587290250046,1.315779952029514,-0.016659491395564753,0.05536041225584272,-0.06237435853212267
0.92,-0.3986506224528514,0.3720492746078914,1.3090125294566042,-0.016265616484937233,0.04904955571211826,-0.05570397792998571
0.94,-0.39229661453098175,0.36623073121064686,1.3021819488261852,-0.014265325111210113,0.042083338398944535,-0.049894172342824686
0.96,-0.3857573179687873,0.36047175022047795,1.2953093885591138,-0.011221036318078945,0.03433539655076452,-0.04551799018137803
0.98,-0.37905975698706185,0.3547672484420168,1.288416112316644,-0.007728694254450376,0.026549071160832827,-0.0428894038940187
1.0,-0.3722341252680327,0.3491076780473948,1.281528907228534,-0.0036932301348859596,0.01913332145944908,-0.042314087321519325
1.02,-0.3653112009371308,0.3434811205753215,1.2746695845330345,0.0010069000989095945,0.012810382411303892,-0.04372666734439478
1.04,-0.3583213019290424,0.3378729019100124,1.26782257573926,0.00519176943813931,0.008353001011008358,-0.04651196549559303
1.06,-0.3512899304263679,0.3322655340967106,1.2610012870400813,0.008312332078755947,0.005742098765320651,-0.05036785973692676
1.08,-0.3442350381769991,0.3266429471312563,1.254257370813328,0.010376047770157989,0.005014402276552277,-0.05445701916147794
1.1,-0.33716755500462475,0.3209927875989616,1.2476297025224812,0.01149674330350737,0.005069509148302593,-0.058247736054455254
1.12,-0.330090911117012,0.31530662812684407,1.2411390722210804,0.012722005778822881,0.00496092985034265,-0.06166655335854267
1.14,-0.32300530877280675,0.30957989496928534,1.234784842673577,0.01346944712409916,0.004765963100606476,-0.06468792625167273
1.16,-0.31591163579520437,0.3038075916026084,1.2285706868580955,0.014326866102381678,0.004581091509054838,-0.06725238402702285
1.18,-0.308811057370262,0.29798683239525947,1.2224897277840114,0.014635695038517053,0.004231085870744445,-0.06940177903945863
1.2,-0.30170469263523203,0.2921142202318354,1.2165414909787857,0.01556032588879758,0.004126321772325773,-0.07113506951458173
1.22,-0.2945942663038847,0.2861891095859271,1.2106936204794105,0.014645660663074982,0.0034585660521058176,-0.0725716182893192
1.24,-0.2874805835334389,0.2802079703918922,1.2049393657922576,0.01719056936597532,0.004068279656513989,-0.07370423068842395
1.26,-0.2803661685079696,0.27417489634472914,1.1992654281837385,0.01519112547995938,0.0027973215725897362,-0.07584779956773849
1.28,-0.27324938796016274,0.2680795079117233,1.1936781875570848,0.016102945654497925,0.0029844281814650924,-0.07745710953886827
1.3,-0.26613488001962476,0.2619304557244321,1.1881620630859235,0.014120987179722974,0.0015086199430261156,-0.07907950201708704
1.32,-0.2590222632523968,0.2557239916314711,1.1827244316842598,0.01408160111802257,0.0018614185349127793,-0.07967451024419213
1.34,-0.2519168903491063,0.24946868921795814,1.1773538014253724,0.013506980095669488,-0.0015481513603801617,-0.0806712044614141
1.36,-0.24481737322887853,0.243164695566486,1.1720468696473672,0.01360368184968197,-0.0014067176972952901,-0.08109058584312799
1.38,-0.23773720314051425,0.23681486733807333,1.1668462806908357,0.011877665204954828,-0.004250265240967271,-0.08224786234342721
1.4,-0.23067574251411394,0.23041930794654794,1.161715794169516,0.010620913452697703,-0.003843303011245189,-0.08228729328991828
1.42,-0.223643748935468,0.22398586614022598,1.1566551895753354,0.00942258185042844,-0.005679380042461929,-0.081279829820167
1.44,-0.21663929822702063,0.21751912002730547,1.1516954054539281,0.006150630644958034,-0.005688752915755318,-0.07920377395098957
1.46,-0.20966902205261573,0.21102480243970542,1.1467994874038947,0.002475657340859481,-0.008776497164736465,-0.07636939017277601
1.48,-0.20273192821330335,0.20451574712870027,1.1419878212277463,-0.0019823995344992926,-0.011185633668425034,-0.0723492396480047
1.5,-0.1958389456545383,0.19800751044432885,1.1372445409094032,-0.006167095948016851,-0.01458521062047627,-0.06724360540024446
1.52,-0.18899844177706823,0.1915183805353077,1.1325859263103613,-0.009887877543894107,-0.017956958673132066,-0.06136344605444076
1.54,-0.1822228867739406,0.18506572960404477,1.128016072841858,-0.01284012933148447,-0.020928699056588417,-0.05500936507192707
1.56,-0.17552488953965598,0.1786648443142945,1.1235341352230843,-0.014778710993717923,-0.023406458749727663,-0.04849435635908807
1.58,-0.16891584037828233,0.17232765428755337,1.1191404295239122,-0.015797338774621913,-0.025494226202348372,-0.042122309658302395
1.6,-0.1624055633171811,0.16606180746849736,1.1148379249708429,-0.01641967662682148,-0.027451158566801737,-0.036097720580729534
1.62,-0.15600261321244846,0.15987111668604562,1.110631307310523,-0.017100312572102084,-0.029206410522346783,-0.03053016706274843
1.64,-0.1497148618261474,0.15375755453494563,1.1065158367031964,-0.017662250933208834,-0.030558358592132604,-0.025584937873948197
1.66,-0.14354933582722762,0.1477232518140652,1.1024867640487122,-0.017999642089519804,-0.031603659749007224,-0.021398952025046165
1.68,-0.13751150525216452,0.1417698638685679,1.0985421732775231,-0.01805882166382025,-0.03233689640906556,-0.018119730676931463
1.7,-0.13160560037674116,0.13589816772238744,1.0946806298980383,-0.018043198749563203,-0.03287228685162633,-0.015892164249253472
1.72,-0.12583451688243277,0.13010786053464313,1.0908994161787693,-0.018375442911875237,-0.033205380810437855,-0.014828522458213778
1.74,-0.12020001252783975,0.12439829379989674,1.0871875794174706,-0.018153974728231617,-0.03287587096409108,-0.014838641494086598
1.76,-0.1147012785010512,0.118769396481796,1.0834842983852837,-0.01796235793111489,-0.03249432661691186,-0.018460396919293354
1.78,-0.109339368750096,0.11322159853278384,1.0798669303959345,-0.01699382886443378,-0.031709298837155946,-0.02364777883115539
1.8,-0.10411167678523593,0.1077540819371806,1.0763158720742765,-0.01694353202574245,-0.03131470267850903,-0.030727606333489983
1.82,-0.09901555314827434,0.10236399246191753,1.072861706224031,-0.01662530726756136,-0.0307090420257323,-0.03940953305659916
1.84,-0.09404850127707222,0.09705170935864411,1.0694969457649788,-0.01666453852225309,-0.030762865105606513,-0.050015233382321694
1.86,-0.08920742285487061,0.09181685543783076,1.0662242744748684,-0.017187294328547507,-0.031441620328666334,-0.06255825727951995
1.88,-0.08449166693443502,0.0866607983322012,1.06304623430418,-0.018312027125252837,-0.032820867495004784,-0.07703881040682313
1.9,-0.07990278341494919,0.0815872162618504,1.0599645960097244,-0.02008474707064129,-0.034908591819493066,-0.09348532667253227
1.92,-0.07544478308749498,0.07660275672132955,1.0569834204165487,-0.022439703320072255,-0.03761214941773422,-0.11186013303215238
1.94,-0.07112407646823474,0.071717430628592,1.0541112138308946,-0.025245853859945353,-0.04082014343257884,-0.13203149404843975
1.96,-0.06694880902677304,0.06694439584833756,1.0513565313940962,-0.028335938279352386,-0.044424961675427706,-0.153908691654795
1.98,-0.06292818259324973,0.06229944859865178,1.0487253110707015,-0.03161256710417618,-0.04813187516802273,-0.17740688186198014
2.0,-0.05907181694380819,0.05780031802462993,1.0462186416518287,-0.03496667555932266,-0.05142842120686521,-0.20246782950090178
2.02,-0.055388469623484246,0.053466152060116755,1.0438337742307648,-0.03801343410330672,-0.0539367493091108,-0.229099455982513
2.04,-0.05188394802440335,0.04931667069754268,1.041564944896454,-0.04037876433619895,-0.05560215006210763,-0.25728401227801334
2.06,-0.04855979943239133,0.04537005360668177,1.0394018870719115,-0.04207377624741593,-0.05661752473078519,-0.28701350146196863
2.08,-0.04541379619135593,0.04164140876475565,1.0373352061140733,-0.042886454951372346,-0.05720409273814271,-0.3182116555142847
2.1,-0.04244028052902115,0.03814196657910458,1.0353414892685004,-0.04258561271191847,-0.05732202267597428,-0.3506189219465192
2.12,-0.039632240180328696,0.034879166510154117,1.0333986727963975,-0.04073377823421094,-0.05672632753777427,-0.3838486962182626
2.14,-0.036982796459321385,0.031857076382629634,1.0315093851248356,-0.037114703485733355,-0.055281174682238796,-0.4174902916524318
2.16,-0.03448411605293154,0.029072360894497815,1.0296672538361338,-0.031975252293534706,-0.05288461379845711,-0.45122332647143476
2.18,-0.03212850824858874,0.026513893912662203,1.0278684182463658,-0.02598149145030571,-0.04919503366251692,-0.4846005879229959
2.2,-0.029908812852434494,0.02416394143711313,1.0261211666798196,-0.019652378055155142,-0.04442099266015681,-0.5172899781886431
2.22,-0.027816196509606404,0.021998878351575345,1.0244300437360914,-0.013621636960842913,-0.03954180733346603,-0.5489378536774366
2.24,-0.02584090792734551,0.0199918290192268,1.0228116703468326,-0.009463200731877527,-0.03445933897596051,-0.5793453469874839
2.26,-0.0239739189840417,0.018115638231688727,1.021271697503147,-0.00822514903211658,-0.028804950150993335,-0.6082261199327018
2.28,-0.02220288982369459,0.01634789438885854,1.019795525010019,-0.008798277216624233,-0.023229813428153362,-0.6350404816415307
2.3,-0.02050860897232969,0.014673843063120834,1.0183664421628906,-0.010569229546183983,-0.018970442281655467,-0.6598249483013012
2.32,-0.018869267831571456,0.013083954230715959,1.0169787045318575,-0.012284474016366207,-0.018808300361860993,-0.6833106443130241
2.34,-0.01726465545702522,0.011573561318010154,1.0155783608265714,-0.013245237212268595,-0.024283721418804572,-0.7066431759778197
2.36,-0.015687613922840633,0.01014639705591929,1.0140837641379783,-0.012601682247158576,-0.033337240052473044,-0.7299666108973943
2.38,-0.014149998093052707,0.008820041190336168,1.012520755363157,-0.011759633510540695,-0.04190923626363706,-0.7514990518242118
2.4,-0.012678911222079767,0.007620206660655285,1.0110006715429758,-0.011713992467345542,-0.047732098181620664,-0.7710960518401858
2.42,-0.011300739894906566,0.006572314985872539,1.0096142314382468,-0.01440281063206166,-0.049352553648758145,-0.7890868055479053
2.44,-0.010030617018680552,0.005696140425248667,1.0084044653424498,-0.020617407243542177,-0.047213058256815904,-0.805172637608022
2.46,-0.008860855998376459,0.005003431154318148,1.0073164278331626,-0.02928523524669807,-0.04256051230886361,-0.8187756060818253
2.48,-0.007762122979953528,0.004500934892706412,1.0062294103761396,-0.03801768189420072,-0.03703508215314525,-0.8290973782492478
2.5,-0.0066934805866737165,0.004192913880382447,1.0050183608705474,-0.0442398183226698,-0.028777620963329524,-0.837102961513168
2.52,-0.0056143156352727736,0.0040852670635720175,1.0036617090593023,-0.04722097340540037,-0.017348038332521656,-0.8431618937071551
2.54,-0.0044823932263953255,0.004178958696459834,1.0023295398327787,-0.04348384456854519,-0.0062389223234417335,-0.848659592649208
2.56,-0.0032550047751046095,0.004452811169002133,1.0011388701220592,-0.034712864217336485,0.002248145622050783,-0.8526443163956505
2.58,-0.001911680689270313,0.004863588297908466,1.0001306507744412,-0.0218568800801937,0.00729962766975524,-0.8546708612896124
2.6,-0.00045836354606129453,0.005359129485190565,0.9992265774614256,-0.00709824879082503,0.009682137217350924,-0.8542355165366696
2.62,0.00107629509615761,0.005888567510439243,0.9982846948001549,0.0065662857336659325,0.009376652034085338,-0.8514348889148637
2.64,0.002654913907083566,0.0064073352284232275,0.9972916339199681,0.018623742955179646,0.0069351053641162974,-0.8461974596798714
2.66,0.00423695688484004,0.006881469290058028,0.9962614296219472,0.028407017346359278,0.0031891679523043167,-0.838612918635522
2.68,0.005780578475342978,0.0072857191099247815,0.9952728935635926,0.03497752682132198,-0.0005310996442354146,-0.8292101246316894
2.7,0.007245771901495224,0.00760293837352072,0.9944217955412509,0.03816445222631307,-0.004228519548464272,-0.8190088966863881
2.72,0.008603113666168368,0.007825189974028103,0.9937252848884409,0.03859450472750748,-0.008630937835094525,-0.8083672688121101
2.74,0.009833988088644902,0.007953669171783546,0.9931801772831098,0.037100408311262364,-0.013506089967758103,-0.7968608233609641
2.76,0.010925696066456214,0.007998773323842218,0.9927913772717766,0.034014257723641333,-0.01860092591125666,-0.7843572845163592
2.78,0.01186950994382554,0.00797732949574136,0.9925667407950707,0.0296461913099784,-0.02378839767344007,-0.7709005517813705
2.8,0.012659650679340077,0.007910914020586045,0.9925311106010837,0.024583845298753758,-0.029085146374613954,-0.7566914550530446
2.82,0.013293657365195909,0.007825194785567084,0.9926957324854142,0.01961512201816293,-0.03422932279192813,-0.7418569294090472
2.84,0.013771558460859458,0.0077480808317751905,0.9930299580856958,0.01588744685935734,-0.03872404630891392,-0.7265146305359002
2.86,0.014095174043864735,0.007705661754071594,0.9934403939352399,0.01424684026366462,-0.040600911450229836,-0.7110739316059211
2.88,0.014263261872056138,0.007717687415855982,0.9938589096360577,0.01364981711850115,-0.03802570900832767,-0.6957066357799807
2.9,0.014274547333056938,0.007791097817219955,0.994265387105087,0.013989391126268414,-0.031211886393066556,-0.6805552489925957
2.92,0.01413891039974931,0.007918237843511623,0.9946219395338696,0.015173877911207286,-0.020786582425021908,-0.6656945480941873
2.94,0.013876859920038509,0.008078811507027002,0.99488371067802,0.016841020112108553,-0.010130005598485729,-0.6514801053693735
2.96,0.013515311585286538,0.008242751066905293,0.9951013361749328,0.018250306432391197,-0.0026233790389643217,-0.6376358584017461
2.98,0.013082921714645252,0.008378321530449089,0.9952927068145238,0.01873261048287748,0.0005836806668452146,-0.6237835749524541
3.0,0.012600577300873701,0.008462965100338043,0.9954417427112333,0.01888376580341514,0.0006907752075200737,-0.609339220048848
3.02,0.012078317508240514,0.00848767572433339,0.9955210197688339,0.01889281924280574,-0.0006404667663719848,-0.59406857964974
3.04,0.011516982955942058,0.008451110359481625,0.9955370655790025,0.018461401440047626,-0.0020331327013051797,-0.5780150654182271
3.06,0.0109130393349448,0.008355247469167243,0.9955108992178121,0.016706474614575504,-0.0022946898062025964,-0.5611130196350528
3.08,0.010263749812745176,0.008203655791716176,0.9954529115496662,0.013503078854952123,-0.0008778375274885744,-0.5433335366135141
3.1,0.009572840509820114,0.008001894844374942,0.9953662247271972,0.009232603519369213,0.0017667449548353692,-0.5244309224959376
3.12,0.008852348904798801,0.007756994503619686,0.9952592226020188,0.004915496246582199,0.004934034086811118,-0.5045703761663898
3.14,0.008120341391919535,0.007477538694665454,0.99514805213548,0.0013207741270501309,0.007883240988190257,-0.48390443253736404
3.16,0.007396629677226462,0.007171852497444682,0.9950735480626945,-0.0013275237416197785,0.010291059785722092,-0.4618868877049895
3.18,0.006698851460788947,0.006847166978927003,0.9950597107454652,-0.003031165102484941,0.011830497923820281,-0.4382858634535495
3.2,0.006040752895202351,0.006509201240769839,0.9951137850015763,-0.004021391067552986,0.012220543346309719,-0.4132500034277534
3.22,0.005430869043142777,0.006162473813266384,0.9952204489396477,-0.0046886983420621345,0.011175293263253686,-0.3870953936120223
3.24,0.00487213582707826,0.005811190695478252,0.9953613954481291,-0.005168783198193546,0.008822985154811582,-0.3601407047598329
3.26,0.004361862493097083,0.005460686144177373,0.9955427786349801,-0.005003753001974961,0.0063584805351635625,-0.33280879924531753
3.28,0.003891692616722096,0.005117274782555515,0.9957412030369603,-0.004174337027488547,0.004992178621184476,-0.3059086004448588
3.3,0.0034520168791392076,0.00478459105167573,0.9959578132386735,-0.0034263829439119377,0.004994529525346132,-0.2798431642774807
3.32,0.003036368998315825,0.004461923351021793,0.9961869821748358,-0.002612171099876401,0.005958896324005206,-0.25507389323918916
3.34,0.002643606030803215,0.004147027877319677,0.996418726766305,-0.0014870722090506718,0.007020561428162674,-0.23192382586049473
3.36,0.002276282354586854,0.00383639472460925,0.9966392795273213,-0.0010555802848568037,0.007546133463623325,-0.21032799945073868
3.38,0.0019374059640995867,0.0035253638258488386,0.9968626536478861,-0.002498348491531537,0.006905858793930172,-0.19024490133278765
3.4,0.0016285566608692079,0.0032124620625319923,0.9970800049824301,-0.004906504341965786,0.005252044347717939,-0.1718742317053791
3.42,0.001348445205024676,0.002904322522408983,0.9973040349461548,-0.006072871436549044,0.004119998427828492,-0.15537233896280775
3.44,0.0010921639830198614,0.0026118819573474257,0.9975322760040045,-0.004246053692184594,0.003930000720553164,-0.1404682445998084
3.46,0.0008556095877934141,0.0023405694121413742,0.9977358382345091,-0.0009048328343355476,0.0037670324953214137,-0.12802028408611552
3.48,0.0006368455347455827,0.0020838127998564276,0.9979421015994904,0.0016540086891269662,0.003220565908911326,-0.11823162948390366
3.5,0.00043355074931858255,0.0018289190594842522,0.9981980332126684,0.0013456901385813273,0.001508039993818318,-0.11044422100352981
3.52,0.00024221057385322628,0.0015662944458638328,0.9984593759572261,-0.0033402279500719884,-0.0002123152702814548,-0.10413922800093216
3.54,5.628527559497622e-05,0.0012980292618695358,0.9986942430335529,-0.008659937459024781,-0.00048317904296427485,-0.10070091645528757
3.56,-0.0001289487947599784,0.001043243617877294,0.9989741580279842,-0.012320193029081244,0.000600104119371827,-0.09978759574329249
3.58,-0.0003124723263485486,0.0008233189627188106,0.9993330872353301,-0.012005266509757124,0.0033896428351264697,-0.10049257939663345
3.6,-0.0004890264372019585,0.0006491708027076919,0.9995092206914443,-0.009859682432165845,0.0033161738054316185,-0.1022985392024154
3.62,-0.0006483289519384215,0.0005185427522628705,0.9995030508749934,-0.00881502923479267,0.0039584186252488536,-0.1044941757473226
3.64,-0.0007900013720484479,0.0004265117919462327,0.9996415201044434,-0.0076895966086594075,0.005515630773329091,-0.10733427431788407
3.66,-0.0009128030953976066,0.0003668215297727785,0.9997220838594575,-0.005771324981960343,0.006206274799099162,-0.11101000350925037
3.68,-0.0010110846541813569,0.0003344925517859186,0.9997541937890481,-0.004171001506828605,0.00651910065595226,-0.11506072681974006
3.7,-0.0010825129835370156,0.0003220451353081614,0.9997993007876536,-0.0027556230674588276,0.006444086783949686,-0.11972605497251045
3.72,-0.0011267357454576915,0.00032286018689125915,0.9998277988143436,-0.0015091251827820244,0.006173968196510581,-0.1251904736997927
3.74,-0.0011444809878325057,0.00033140324354668024,0.9998669002293619,-0.0004655706063066966,0.005619541844970717,-0.1314556444939041
3.76,-0.001137516052531426,0.000342780661211644,0.999897167402908,0.00023460723893931314,0.004550610416966091,-0.13841354881949366
3.78,-0.0011084930991226523,0.00035307150261377313,0.9999248536068368,0.0009141013872090043,0.0033465074310477876,-0.1462053535004962
3.8,-0.0010620186819754458,0.0003599947480298539,0.9999377029776247,0.001456770342542878,0.00220823612487138,-0.15471139258451358
3.82,-0.0010031557843659922,0.0003614696348496314,0.9999409075044275,0.0017522096935205576,0.001333760036313702,-0.1637822940224378
3.84,-0.0009366753186987308,0.0003559744996601397,0.9999399488384685,0.001623406001918513,0.0006384040936568538,-0.17304639080961084
3.86,-0.0008661981244088555,0.000342832504581818,0.9999503091814572,0.0010852996669862174,3.160360125080286e-05,-0.18201426009260266
3.88,-0.0007944053805273842,0.0003229882161204494,0.9999684036320323,0.0005262112756573971,-0.00026306536301712747,-0.19030141694570218
3.9,-0.0007233184525383689,0.0002989539074831659,0.999985955194003,3.5169571330475444e-05,-0.00042330362262974375,-0.19768927186057472
3.92,-0.0006536918611095018,0.0002731078377986292,1.0000048031927367,-0.00021013183149701028,-0.0005050255040557019,-0.204096380715259
3.94,-0.0005857704468126296,0.0002474726891505743,1.000012151893381,-0.0005936541535502372,-0.0008198158908560919,-0.2093194156692694
3.96,-0.0005196829142300287,0.00022307123600012068,1.0000365068344483,-2.461826543551212e-05,-0.0007582544019542295,-0.21353311275423595
3.98,-0.0004562686225352601,0.00020158944414809968,1.000002195360204,-0.0013810001762491406,-0.0018552700803602072,-0.21611536799611067
4.0,-0.00039586695679737097,0.00018086850762560007,1.0000729697769857,-0.0005382145922997185,-0.0012887084021614011,-0.21828395672909404
4.02,-0.0003413098200805301,0.00016684238768027533,1.0000469510663579,-0.0015069959812642605,-0.0018480167634081232,-0.21870888534626737
4.04,-0.0002913414699829431,0.00015603059191823766,1.0000822970657843,0.0011547714822064637,-0.00027406294628156216,-0.21940428705756573
4.06,-0.0002470675620709531,0.0001523941124119587,1.000025816766514,0.00044626257272828825,-0.0015533490198500971,-0.21942095936454406
4.08,-0.00020489985191434135,0.00014450037442078042,1.0000404064552542,0.0017546490163845498,0.0006017012063011143,-0.22011927782079924
4.1,-0.00016901446845484186,0.0001362354998332108,1.0000082503028391,0.00037303699408490796,-0.0012719363903666077,-0.22034842140755972
4.12,-0.000132344362988943,0.00012062730431348047,1.000042656275926,0.0011434497335995081,-0.0002123254903629504,-0.22136882786386705
4.14,-0.00010080580603783639,0.00010469985717982927,1.000014346070563,-0.0009169446501278357,-0.0022450164141774066,-0.22134968617318274
4.16,-7.111678312759996e-05,8.452948097348343e-05,1.0000473358678816,6.265216958486744e-05,-0.0011561154994248546,-0.2219021597325646
4.18,-4.912283053505019e-05,6.972668271099204e-05,1.0000172712071456,-0.001596722221172849,-0.00257173254312977,-0.22184642049317033
4.2,-3.1685879148008115e-05,5.570451524532115e-05,1.0000437018555706,0.00018983117997143322,-0.0006923859193895039,-0.2222510018586802
4.22,-2.2555865678906797e-05,4.985615327903746e-05,0.999994105479062,-0.0004301328904195295,-0.0011227726095231116,-0.22234436567726784
4.24,-1.6301646571096676e-05,4.3882327363426735e-05,1.0000240933575792,0.0016880189208454408,0.0011567055563961547,-0.22311903207363204
4.26,-1.3905856486503095e-05,4.048331262843671e-05,0.9999863874419018,0.0006642866858801964,8.114388154973458e-05,-0.22334416919154063
4.28,-8.50814860568732e-06,2.951443178509845e-05,1.0000098306441478,0.0008797507723877913,0.0012164927569995483,-0.22435091090558482
4.3,-3.377899858477313e-06,1.5978305746983607e-05,0.9999825647186885,-0.0013061815619179022,-0.001641114347313606,-0.22445223988545812
4.32,5.690421647774263e-06,-2.0387416856093724e-06,1.0000161780889243,-0.0008572276912171824,-0.000816451603797345,-0.22505787095470628
4.34,9.679522133291342e-06,-1.369307917403509e-05,1.0000037612059034,-0.0018711987173592947,-0.0028514552310950534,-0.2247432260945021
4.36,1.1272415620825148e-05,-2.1309312863856914e-05,1.0000296234871895,-0.000707950436344272,-0.00025790450536247424,-0.22485629278063346
4.38,3.8022938549150174e-06,-1.94861706049134e-05,0.9999707283373449,-0.0006562370711628681,-0.00046762806455481916,-0.2250564420435193
4.4,-4.035076336913281e-06,-1.468202736678217e-05,0.9999810901463972,0.0002868427841147297,0.0031568167005555548,-0.22571848102835257
4.42,-1.3069551993670529e-05,-6.987736824736866e-06,0.9999609871471774,-0.00047508442464476344,0.0016965824486898447,-0.22616589326456907
4.44,-1.0199995691799352e-05,-3.1937410525638303e-06,0.999969975883692,0.0015095104203024954,0.0015325497264711252,-0.22685352757388338
4.46,-5.605544526909008e-07,9.148325594549937e-07,0.9999069801329241,-0.0005598763070903998,-0.0009919625989441932,-0.22685190778099257
4.48,1.3704335045563879e-05,-2.2704519462390243e-06,0.9999397040920377,0.00048758511396360907,-0.0007880203878089156,-0.2274513942117439
4.5,2.472446493613933e-05,-2.4967532882682925e-06,0.9998987364518005,-0.0015228813736334749,-0.0022482702362068615,-0.22721220329350653
4.52,3.223015966224773e-05,-3.910477741310636e-06,0.9999320017814328,0.00038580577922891823,-0.0007222562074019229,-0.22752131678250787
4.54,3.260966909078802e-05,2.3472943410337213e-06,0.9998993135698634,-0.0006873677679368954,-0.0008651553716612483,-0.22751454228247703
4.56,2.981840801501677e-05,7.746156924770143e-06,0.9999565176952044,0.002488946932143598,0.0008525160129457745,-0.2283160864961734
4.58,2.4386206643645473e-05,1.6463959221060866e-05,0.9999365124608178,0.0010531634493792198,0.0005438171702015586,-0.22851154321964015
4.6,2.0014374784123365e-05,1.482484369081187e-05,0.9999509277322217,0.000918159238377962,0.00034862287814011654,-0.2291209937262925
4.62,1.6785657934234454e-05,8.68910644006905e-06,0.9999600626613172,-0.0005700327651069698,0.0005374037091364828,-0.22807303146029428
4.64,1.4074380764164523e-05,-1.267785196896609e-06,0.9999800345703255,0.000774638749188293,0.00017884076354537018,-0.22873367282968082
4.66,1.387566782500567e-05,-9.547535874473771e-06,0.9999280903912753,-0.002016301492656001,-0.0002811170620064756,-0.22893675979565425
4.68,1.3671258974092208e-05,-2.1004078984700048e-05,0.9999604361952091,-0.00032347518799171024,0.0005196502968601962,-0.22964031538321922
4.7,1.4172793267501379e-05,-2.466610255586596e-05,0.9999126409873247,-0.001756650521240368,-0.0014962722291006084,-0.2295203340791353
4.72,1.6990040615109276e-05,-2.753923220539415e-05,0.9999406632880369,-0.00011130130737613883,2.349794335839983e-05,-0.22991934302610456
4.74,1.5728565822705376e-05,-2.2502901124896896e-05,0.9999039238503643,-0.000911543169610717,-0.0010763666935296717,-0.2298558408790063
4.76,1.4660618692547666e-05,-1.705952751682722e-05,0.9999376051712641,0.0011416829430583677,0.0012614556287301802,-0.23032960677014003
4.78,1.0353330287567277e-05,-7.252801396290872e-06,0.9999069190933453,0.0007123132404609114,-5.256260167578308e-05,-0.2303674021107185
4.8,9.876684847359891e-06,-2.9901102819778063e-06,0.9999120193204636,0.001384786014651712,0.0019950602865646157,-0.23069433562055536
4.82,8.564636743824645e-06,-1.3946650488914065e-06,0.9999059314975514,-0.00034598598711979095,-0.0005842871217885192,-0.23089311466267068
4.84,1.3693698524899506e-05,-6.948552591872364e-06,0.9999415667565124,0.0003211983754744527,0.00017448877311803274,-0.23154706699079936
4.86,1.6917557994396085e-05,-1.067101030403219e-05,0.999940092419142,-0.001479410527654407,-0.0018322011942760873,-0.23124966335494326
4.88,2.0520102065253855e-05,-1.578933155343746e-05,0.9999850675353897,-0.00018048127521879876,-0.00026534337050342457,-0.2314219563155431
4.9,1.8587801213459307e-05,-1.3779807044797974e-05,0.9999400507585346,-0.0007314992458466882,-0.0010485830358276111,-0.23137748136170203
4.92,1.5791454689966734e-05,-1.0827849627198855e-05,0.9999663020761265,0.0013126316180913796,0.0016709187179541052,-0.23188229671759708
4.94,9.70545861632554e-06,-4.202051274684177e-06,0.9999322038096612,0.0008452196185608457,0.00047118943022755183,-0.23195411488329123
4.96,8.873502106967382e-06,-4.166071476563091e-06,0.9999411323360884,0.0013115468982052825,0.002381745227526427,-0.23240439818740052
4.98,9.07520890179085e-06,-7.768870513146343e-06,0.9999389010903665,-0.0006261186273177315,-0.0005656771230121021,-0.23268763925903954
5.0,1.7247339538841595e-05,-1.8584907182868753e-05,0.9999710340107175,-0.0002132485494668015,-0.00027333252931527194,-0.23339703538448545
5.02,2.3839933590272587e-05,-2.6526845164199063e-05,0.9999569859564142,-0.002276100359436412,-0.001642404499335964,-0.23248967690344333
5.04,2.956416301919669e-05,-3.3383832403399615e-05,1.000007638623423,-0.0004726535011708865,-0.00047570903874021253,-0.23227790229921086
5.06,3.117502437100709e-05,-3.031242194948869e-05,0.9999646361741119,-0.0011453814014964789,-0.000786218442730964,-0.23206788500591052
5.08,3.136597021260227e-05,-2.496223451414898e-05,1.0000075951962928,0.002087635440516205,0.0010439981334248493,-0.23271801826799524
5.1,2.962982159853185e-05,-1.4640698879712437e-05,0.9999712261828515,0.0011097627888034174,0.00033283251313083836,-0.2327166119460506
5.12,3.001336497074025e-05,-1.3333953504988315e-05,0.9999787893729919,0.0010050149775924669,0.0009554287212273336,-0.23331365828493467
5.14,3.0662597393336295e-05,-1.6557556199327132e-05,0.9999823739555199,-0.0005490791430006399,-0.002668703733379288,-0.23312535529433961
5.16,3.405894410669947e-05,-2.4502672010762213e-05,1.00000702412819,-0.000452405065055934,-0.001360276914779558,-0.23321668100189683
5.18,2.791749803971989e-05,-2.7998522123489082e-05,0.999972522369798,-0.0020457837276382286,-0.004136644246354871,-0.23311294327702736
5.2,1.696168381785466e-05,-2.8508304256901695e-05,0.9999718583742193,-0.0014175407539151281,-0.001684229888877572,-0.23321437108836107
5.22,-7.70362050649855e-06,-1.76401822389712e-05,0.9999131181420274,-0.001455730572092937,-0.0016924686024195287,-0.23333925210550374
5.24,-3.756063318803778e-05,2.4882130105302694e-07,0.9999095351673519,0.0010376930529994047,3.484906669909523e-05,-0.2324511380820813
5.26,-7.249018377347924e-05,2.515595470400906e-05,0.9998763925228452,0.0011419937159010106,0.002071237699066357,-0.23231435327664485
5.28,-0.00010819791821476126,4.604299018951784e-05,0.999853390432042,-0.00047364424683751577,-0.0006794782089897571,-0.23238905631834844
5.3,-0.000136933336777175,6.062128892541135e-05,0.9998721648929465,0.000394877884116454,0.0012149376171687316,-0.2327645838009284
5.32,-0.00016779022198273037,7.758589940001136e-05,0.9998549588747823,-5.652681662434222e-05,3.839518054593239e-05,-0.23284984885327126
5.34,-0.000194302215290143,9.190591800039005e-05,0.999877260950915,0.0014408312168279383,0.0034107189909208593,-0.2332269239758759
5.36,-0.00022059681221389438,0.00010639402375642686,0.9998711474117846,0.0009204776577798119,0.0026650026631342113,-0.2334881192165129
5.38,-0.00023507192670567427,0.00011221506437057455,0.9998970976532863,0.002194797480289234,0.0035620008071615334,-0.2341150726581428
5.4,-0.00024036374506305485,0.0001122035930365154,0.9998571342107455,5.068636827187071e-05,0.0008727749517718555,-0.23394582565283423
5.42,-0.0002338132054367497,0.00010033166957922971,0.9999024037331646,0.00040648844203611506,0.0003295821945985298,-0.23447543103900254
5.44,-0.0002240008503056503,8.748736892531795e-05,0.9999297782616405,-0.0012559547782324937,0.002373072548969944,-0.2341568316620085
5.46,-0.00021329758577868772,7.277754595066976e-05,1.000011833376105,-0.0026592769174354188,-0.0004340593013263428,-0.23395203859957348
5.48,-0.00019252848254816868,6.0680086963150014e-05,1.0000490119229377,-0.0011056311057326327,3.3815154879298365e-05,-0.2337422335626491
5.5,-0.0001710307350962943,5.8903542860538634e-05,1.0000029434143103,-0.0008456642362410437,-0.001191731314725483,-0.23398892711098196
5.52,-0.00014840739826040583,6.135097349198344e-05,0.9999915980324288,0.0006031410682367858,0.0021908668990215886,-0.23489328336818696
5.54,-0.0001295493584124586,6.807175771064498e-05,0.9999506792400882,0.00015952357364861397,0.0007304136238731137,-0.23531951298349862
5.56,-0.00010278776664164503,7.042472795384758e-05,0.9999683612349135,0.0016034356563929826,0.0011409686261640275,-0.2357747440369947
5.58,-7.34612193589124e-05,7.152533945502106e-05,0.9999086049393806,-0.0004785566442314863,-0.0017625662876276434,-0.23538444217134868
5.6,-4.121059990336359e-05,6.530220921661408e-05,0.9999400962733418,0.00011114029373326325,-0.0015376543990148499,-0.23561347778993724
5.62,-1.5145834557581338e-05,6.245332562246942e-05,0.9998958954837263,-0.0024498961261016825,-0.0026320403592167804,-0.23516934541783818
5.64,4.808093519310326e-06,6.061114783729688e-05,0.9999353227423122,-0.00029641609770008037,-0.0011455549742248688,-0.23539156896419242
5.66,1.712924357429654e-05,7.024400935132905e-05,0.9998846489114819,-0.0004940328872019756,-0.0012237031238662708,-0.23524603399176863
5.68,2.5245444213949675e-05,8.209915895390173e-05,0.999929073899671,0.0027334589721688314,0.0005637616469388101,-0.23656842617057655
5.7,2.9220578873353035e-05,9.688998210328413e-05,0.9999001042772162,0.0016241933828507055,0.00019958178512715212,-0.23721985872034537
5.72,3.282492863726019e-05,0.00010059274801137189,0.9999218905892342,0.001178892872056618,0.00010648691072154886,-0.23776307778467087
5.74,3.569077174135685e-05,9.792141357518018e-05,0.9999428833373211,0.001707106807601862,0.0003987185728208425,-0.23746978604215133
5.76,3.787250854355185e-05,9.066900648506125e-05,0.9999584287190176,-0.0004388601334959531,-0.0006835957017563067,-0.23835019165320379
5.78,3.9997335115766995e-05,7.654381478015512e-05,0.9999778653214659,-0.0002722929054858717,0.0004992210971367209,-0.23940163722580987
5.8,3.994425386671394e-05,6.471170152128998e-05,0.999958828784334,-0.001719561403936799,-0.0022527774639983203,-0.23943294917479652
5.82,4.2066440261957384e-05,5.3467559264814216e-05,0.999978001915123,-0.0007081178252335455,-0.0006126161111980649,-0.2396926965888165
5.84,3.733733322983004e-05,5.071312880059998e-05,0.9999236971003904,-0.0009100831344973748,-0.00160254442139902,-0.23963641029916025
5.86,3.0918020043874185e-05,5.1266893267793996e-05,0.9999167232940299,0.00047013167054000583,0.0016802061019813087,-0.23994739862255493
5.88,1.9281697754153207e-05,5.674516697163053e-05,0.9998847173376852,5.2283185882285544e-05,0.0006354229238057916,-0.24002766388471963
5.9,1.3697818934775268e-05,5.881671840787515e-05,0.9999075762131081,0.001386819183041512,0.0023286556578412244,-0.24033355709761411
5.92,1.0454314674126125e-05,6.010700808880417e-05,0.999872835388131,0.00016696109687020048,-0.00021089787293830076,-0.24010343297636044
5.94,1.4897990016257643e-05,5.383255336388821e-05,0.9998964102599863,0.0007541586722244149,0.00032658446176018455,-0.24037543410998172
5.96,1.8389841520556593e-05,4.712876243290896e-05,0.9998775271785837,-0.001881725822775971,-0.001864799768251698,-0.23999139359385893
5.98,2.2425822774243728e-05,3.721116359542228e-05,0.9999118480877212,-0.0006222536401105498,-0.0010924998152796086,-0.23998260204945515
6.0,2.1204188826484904e-05,3.60495193260754e-05,0.9998781007698042,-0.0020573512645744533,-0.0006266596931371165,-0.2398962299321802
6.02,1.631853475547173e-05,3.835637834743072e-05,0.9999373410512652,0.0015478978807976055,0.0010859970108089724,-0.24047287954182067
6.04,1.09769088307393e-05,4.8898949989202794e-05,0.9999127176149436,0.0011305466183096698,0.00029198111935932903,-0.2403835612595719
6.06,8.351248632127841e-06,5.2469050870239656e-05,0.9999204480067356,0.0018553911135424919,0.0025083854246530234,-0.24086762371880507
6.08,5.784063371416541e-06,5.147518835071043e-05,0.9999147215452521,-6.560757504300342e-05,8.44896716726027e-05,-0.24113220299403695
6.1,1.1099306233516286e-05,4.099347395032303e-05,0.9999422715142654,0.0004644306542710202,9.96505236734506e-05,-0.24181351013117575
6.12,1.6788433737469534e-05,3.068862880742711e-05,0.9999197578860151,-0.0021374605012481427,-0.0010049995538238354,-0.24092615736723536
6.14,2.2415099578114165e-05,1.8491201447720257e-05,0.9999808701218518,-0.0004245038960235855,7.70480097373666e-05,-0.24084658764533734
6.16,2.6254782118297376e-05,1.5161117538254851e-05,0.9999472244045042,-0.0014140853568249366,-0.0012630099293579303,-0.2404335762005341
6.18,3.0792716117442946e-05,1.3402513851413254e-05,0.9999766414591612,0.0005323190933737005,0.000648080916441556,-0.2406652837488296
6.2,3.1902519590680825e-05,1.8087424598330465e-05,0.9999339891012768,-5.701707979285828e-05,-0.0007062734729456079,-0.2404794740417066
6.22,3.501106187141807e-05,2.0096785226419363e-05,0.9999505299825935,0.0012827363122625915,0.0012619389805268533,-0.24083507292855405
6.24,3.55174914296162e-05,2.2969009735329425e-05,0.9999134159097403,0.00010157565160190159,-0.0007249709487749266,-0.2407308300639438
6.26,3.96872493759898e-05,1.967655934983447e-05,0.9999405205134974,0.0009808039970842463,0.0006293283185834369,-0.24114022743677874
6.28,4.1033384037849764e-05,1.667406940157049e-05,0.9999201144813584,-0.0007068243743906971,-0.001617800513865509,-0.24102826436854696
6.3,4.387693510497119e-05,9.28968635607269e-06,0.9999556324810777,0.0001955496299925785,-0.00013928935779853758,-0.24135369093760825
6.32,4.131517006566427e-05,6.043746933399107e-06,0.9999240602517507,-0.000913240749231289,-0.001627002123265577,-0.24126558755025262
6.34,3.803088215312221e-05,2.1769703025963448e-06,0.9999538760407989,0.000628003975982742,0.0006913392060391427,-0.2416254988350255
6.36,2.949841794516038e-05,3.2319211617600227e-06,0.9999198008317441,-8.427661539210311e-05,-0.0003054879035547092,-0.24162532499519793
6.38,2.3046960006741632e-05,1.1998334583296245e-06,0.9999469852171285,0.0014420191784631795,0.00186086846542584,-0.2420958600991915
6.4,1.5531366885426686e-05,-2.3137102540705804e-07,0.9999221604780446,1.0474993363341706e-05,0.00018549707471849188,-0.24206169449832388
6.42,1.382348670778995e-05,-8.992857730234548e-06,0.9999486811255159,0.0007281659292858963,0.0007706209525366008,-0.24253234923120126
6.44,1.2804720990519166e-05,-1.795891912341349e-05,0.9999281018605407,-0.0019345727111686755,-0.0013306024968159247,-0.2421430703066087
6.46,1.4064425632879801e-05,-3.0462010537306054e-05,0.9999611878316209,-0.0007734174729791882,-0.000726051493576466,-0.24214738935802332
6.48,1.2132306759619286e-05,-3.448690751924482e-05,0.9999283311088452,-0.002594916406998136,-0.0006144782549048615,-0.24202864890874412
6.5,8.118764827291839e-06,-3.479929899827369e-05,0.9999857415101947,0.0008546138630287102,0.0010929647152090488,-0.24250779529725952
6.52,4.20568481658596e-06,-2.4887974233745215e-05,0.9999570528780641,0.0005609374299955481,6.43762407351375e-05,-0.24231422554829957
6.54,3.6663546635692702e-06,-1.928597551691467e-05,0.9999471326528433,0.0013919001226343766,0.00213639703345031,-0.24275902603886712
6.56,2.845825580447403e-06,-1.5875829586997194e-05,0.9999232572110053,-0.00030063475565247764,-0.0003279893794970069,-0.2428991555915555
6.58,8.933668771581983e-06,-1.987449126894853e-05,0.9999512479040158,0.000489445137451139,0.0001378369205827761,-0.2433966228244606
6.6,1.4067628423263394e-05,-2.2440203356031228e-05,0.9999161309154759,-0.001989653278604046,-0.0019496533060724863,-0.242955955023654
6.62,1.926043158186761e-05,-2.7026766659477603e-05,0.999941282112881,-0.00048813568143369956,-0.0011223499212037727,-0.2429223652772559
6.64,1.8994028134894118e-05,-2.234802115090361e-05,0.9999050100626375,-0.001818879064564794,-0.0004052185451936654,-0.24285551992546348
6.66,1.4845670466546605e-05,-1.4702332595943487e-05,0.9999428452334116,0.0016295051992798364,0.0010421004838936088,-0.24354018905207322
6.68,1.0870396007391592e-05,1.1357564923103176e-07,0.9999127887075981,0.0009521088899174148,2.8956701745090627e-05,-0.2435667928274427
6.7,9.354485560404125e-06,7.638502402502306e-06,0.9999345222238609,0.0020014755762858666,0.0020119087447348586,-0.24409127894710198
6.72,7.057462440726151e-06,1.1543071010797141e-05,0.9999184831192708,8.046405027017868e-05,-6.581983984055489e-05,-0.24415246623936399
6.74,1.058572230067594e-05,5.815021107850409e-06,0.9999478528033158,0.0006990734440559128,0.0001556545334779275,-0.24465211167565143
6.76,1.3789905232872612e-05,-1.4813462998072656e-07,0.9999128773193345,-0.0020369116042980116,-0.0018994259704849669,-0.2440170717477456
6.78,1.6918485636371838e-05,-8.96241398466025e-06,0.9999468504296706,-0.0007133160785184931,-0.00104894084297549,-0.24391262541695388
6.8,1.483972030377868e-05,-8.386967962968602e-06,0.999913283104389,-0.0019925927496056072,-0.0005445303499279864,-0.24384335009250924
6.82,9.375786830362572e-06,-4.025048903504143e-06,0.9999648620268964,0.0015379190869055613,0.0010473602467437658,-0.24451203859734424
6.84,3.7342881069483066e-06,8.270290008570534e-06,0.9999397251997479,0.0008744057582344703,0.00027479127132365986,-0.24452017235561527
6.86,6.480379440665835e-07,1.364034268640148e-05,0.9999559639843361,0.0018835024737906346,0.0018528447613720524,-0.24501631586881487
6.88,-2.2225456847149894e-06,1.5455192060203848e-05,0.9999332978906005,-0.0001671183022116651,-0.00032328730913750147,-0.24498362108477562
6.9,2.3350901910030794e-07,8.226562044706507e-06,0.9999621939044462,0.0004276309219559997,5.2977944046001174e-05,-0.24537189547739077
6.92,1.6334451792385234e-06,1.932184373874675e-06,0.9999309907328061,-0.0022689272853690765,-0.0018227695835629132,-0.24481915255770412
6.94,2.822927958462377e-06,-6.062867935728327e-06,0.9999680110740131,-0.0007336498866761841,-0.0008757617735329554,-0.24479460729251445
6.96,-6.721527961646869e-07,-3.89192903611542e-06,0.9999288398860582,-0.0018634569067734893,-0.00034493304022381203,-0.2446683068891437
6.98,-6.850765652276906e-06,1.971916574354147e-06,0.9999681267328088,0.001748745982669111,0.0011032047731042687,-0.24537764578781268
7.0,-1.2574834462766093e-05,1.5116077472870835e-05,0.9999387988869171,0.001042760581536783,0.0003339887139523292,-0.24544010722350637
7.02,-1.5734440792892816e-05,2.0457767903413844e-05,0.9999561497851539,0.0016666353616594481,0.0019098696969725667,-0.24594054910148352
7.04,-1.861671165387595e-05,2.15424132959738e-05,0.9999455973939986,-0.0003850983302836062,-0.000840608959617228,-0.24601050065065783
7.06,-1.5771345731913352e-05,1.4388286102434346e-05,0.999972763208708,0.00011901702904370611,-8.389363213406855e-05,-0.2464045105235346
7.08,-1.57348592323883e-05,9.489104488936387e-06,0.9999697814287374,-0.001617228293197808,-0.002221695319403501,-0.24601813010203355
7.1,-1.6135730174019196e-05,4.2176481683893e-06,1.0000084617952056,-0.00032779504259782276,-0.0004595629661368688,-0.24602029345974913
7.12,-2.3287672100589544e-05,7.038656822679338e-06,0.9999610907848683,-0.000525108772791877,-0.0005481977197710908,-0.24601754750352556
7.14,-3.1898453000270404e-05,1.1577983918523026e-05,0.9999965072099996,0.0027276307263903905,0.002078138161018902,-0.24674646791546326
7.16,-4.206254369468207e-05,1.8597338141688307e-05,0.9999756710809898,0.0017194404876372971,0.0019779692618303456,-0.2469283141226617
7.18,-4.689450286890495e-05,1.316862890306529e-05,0.9999815557305756,-0.0008528646109222751,-4.434451043289371e-06,-0.24640674365485354
7.2,-4.5814020521755924e-05,-7.407101380696571e-07,1.000012541192954,-0.00017113489675938483,-0.0001645729560786926,-0.24646994819703902
7.22,-4.3948476957419794e-05,-1.1444034403278726e-05,0.9999811728018912,-0.002581828288120118,0.000324970213142961,-0.24647931950731067
7.24,-4.255808018204865e-05,-2.1310348786983596e-05,1.0000490854252437,-0.0006480906728416198,0.001049571914501925,-0.24673732324362502
7.26,-3.757024265411781e-05,-2.1937113697357956e-05,1.0000045630448087,-0.001556640286727541,-0.001380080485741153,-0.246172455197205
7.28,-2.7909384753106613e-05,-2.108355180634859e-05,1.0000168764162738,2.7355271085972188e-06,-0.00020615364671839942,-0.24619343809908012
7.3,-2.1955723460944827e-05,-1.3110353212351098e-05,0.9999662771118982,-0.0010959233919939854,-0.0011441123785747244,-0.24588992273012603
7.32,-1.680720652576449e-05,-4.953677497741175e-06,0.9999855106181749,0.0016624485746124674,0.0004851049141863887,-0.24614506323968469
7.34,-1.4918487323528599e-05,8.37762908382658e-06,0.9999470608140183,0.0003230893477664278,2.5169785572388694e-05,-0.24594860696436988
7.36,-1.2770063416466829e-05,1.4786050309556433e-05,0.9999828708529422,0.002016230701901862,0.0009380256085711987,-0.2465662771847729
7.38,-1.0832350333544242e-05,1.9958588287348815e-05,0.9999508185007523,-0.0006579711022849119,-0.00042833764046606196,-0.2464827238432644
7.4,-7.231505095995881e-06,1.6418865045985057e-05,0.9999856505126997,0.0005379218699884399,0.0002535766714267982,-0.247023222786312
7.42,-4.6137184202084835e-06,1.5738059349284995e-05,0.999946524698835,-0.0019139210293323498,-0.0013664428199474288,-0.2467506777329155
7.44,-1.542005512435272e-06,1.2730375147006635e-05,0.9999754955263024,2.1490337399146757e-05,-0.0005061130297782218,-0.24694047543870143
7.46,-1.7776046743947664e-06,1.816367734789916e-05,0.999938176976249,-0.0014483810840013147,-0.0004527623399305631,-0.24681317115548568
7.48,-4.002156490027234e-06,2.4005180361346546e-05,0.9999911482590593,0.0020483545326956836,0.0010146714368635837,-0.24735668732525487
7.5,-6.552124214217758e-06,3.566192212309778e-05,0.9999653400447611,0.001089490288784817,0.0003435832701589544,-0.24724593179774473
7.52,-7.193023465406096e-06,3.8473612558035026e-05,0.9999738702749764,0.001486530418028499,0.0011865776985789086,-0.24774894972120348
7.54,-7.57460190268353e-06,3.68445359395113e-05,0.9999543060557492,-0.0004876694082965829,-0.001756290568230584,-0.2475130857752513
7.56,-4.8372590716994244e-06,2.8342629046012715e-05,0.9999833837047281,-9.164890950603136e-05,-0.0006831780396685895,-0.24767732818964272
7.58,-8.227183789283916e-06,2.3341193235724218e-05,0.9999610052026793,-0.0013088752469093802,-0.002567216002511974,-0.24757154072616014
7.6,-1.4148932661588574e-05,1.9359124639260527e-05,0.9999797126268609,1.6018060787579192e-05,-4.082622665297645e-06,-0.24773426221389672
7.62,-2.8436495910469356e-05,2.270792031276545e-05,0.9999389950737702,-9.596492068499895e-05,-1.8380817004265446e-05,-0.2478072322001682
7.64,-4.274409123412516e-05,2.5996022717588424e-05,0.9999711965092596,0.002121699642224636,0.0013339491878539137,-0.24761118843810925
7.66,-5.701806674549302e-05,2.9659345812330714e-05,0.9999571531515576,-3.633586342031868e-05,0.0008519166824940889,-0.24716779067931874
7.68,-6.821125643844371e-05,2.3857028492388796e-05,0.9999924934695066,0.00045959315839101103,0.0010516598089049956,-0.24762082375934744
7.7,-7.618434382217139e-05,1.73932358208992e-05,0.9999538564633501,-0.0023019088625400082,-0.0010620042112795052,-0.246809134779527
7.72,-8.053498084214352e-05,8.130350570731356e-06,0.9999823607751126,-0.0008933726814964891,-0.0004202646076013064,-0.2465312481607281
7.74,-8.668020014593864e-05,8.45922731537529e-06,0.999937474526172,-0.0016453004650406635,0.00046003999940152473,-0.24690746619322598
7.76,-9.358168113009986e-05,1.2679066611725455e-05,0.9999886538559088,-0.0006052346082881182,-0.0021711228072384277,-0.24680786074841618
7.78,-9.719570418778554e-05,2.26334664323885e-05,0.9999890223363689,0.00012448534671057195,0.0006035969859152946,-0.24722143542390437
7.8,-0.00010840352169328269,3.691608497950004e-05,0.9999502608854691,-0.0005282209067951822,-0.0008065296983931096,-0.24729947865989999
7.82,-0.00011740023117183208,5.012185211167629e-05,0.9999608749152636,0.0011814537216219636,0.00208666288600736,-0.24761992386173906
7.84,-0.00012891335481563114,6.606061637191462e-05,0.9999179605953028,0.0009708848680502034,0.0009519745735085173,-0.24757780803547513
7.86,-0.00013356628694896296,7.543834516736845e-05,0.999907296250973,0.001434347963962128,0.0029088429235529494,-0.24780702641704816
7.88,-0.00013553607867683096,8.021434897802825e-05,0.9998880450587561,-0.00024322715623703415,-0.00014846018273549094,-0.24788487309574342
7.9,-0.00012770136665951823,7.662994130921675e-05,0.9999205369447464,0.00040209645436126184,0.0001685995156283745,-0.24826908272350348
7.92,-0.00012019802558588903,7.409885984940435e-05,0.9998918745052333,-0.0020765007481566306,-0.001818833359620703,-0.24770446331807536
7.94,-0.00011244329482366081,6.98523314172304e-05,0.9999262725975623,-0.00035450352685924513,-0.0008889388861115555,-0.24759400844277446
7.96,-0.00010951771114206234,7.506533639580187e-05,0.9998860552428492,-0.0012025777100358904,4.0702323583437556e-05,-0.24757373549864994
7.98,-0.00010969158899333977,8.251840114915591e-05,0.9999223974790452,0.0015409224186887453,5.517528646730997e-05,-0.24808495455265656
8.0,-0.0001085751874312613,9.442844086573854e-05,0.9998996021347887,0.00010328622025589242,0.0001338271386986084,-0.2483916323169423
8.02,-0.00010875605657212326,0.0001003144287526895,0.9999470918840021,0.0020751217874469367,0.0008096367784817754,-0.24881972183538337
8.04,-0.00010853520975618969,0.0001056836953379183,0.9999236837466395,-0.00047896936930411175,-8.42284008650764e-05,-0.2486406459110102
8.06,-0.00010722208505140823,0.00010222463162890539,0.9999719829568772,0.0009263196453727234,0.000990929400622861,-0.24914878856995681
8.08,-0.00010577081079223538,0.00010063169164234526,0.9999424588268938,-0.0011629424581183437,-0.00046149292745259045,-0.24894083829445565
8.1,-0.00010140880216213941,9.449641978033194e-05,0.9999713881785897,0.0008523487244114908,0.00029070364987498516,-0.24917784102204085
8.12,-9.767107159245449e-05,9.31579435704841e-05,0.9999422357620611,-0.001243118403939651,-0.0005283172592050819,-0.24892805271520232
8.14,-9.365027023345e-05,8.823036657592021e-05,0.9999923450038454,0.0010186037130646966,0.0008451191564878008,-0.24938217304214086
8.16,-9.042274267246065e-05,8.843225246490626e-05,0.999961858372951,-0.0005827448071701334,-0.0003147109576763973,-0.24916928466664526
8.18,-8.494081518610626e-05,8.387935987787717e-05,0.9999879123675435,0.0014249359548840072,0.0005946492334763493,-0.24948627347454727
8.2,-8.008606897054006e-05,8.181048197366889e-05,0.9999553064963264,-0.0008988513509229789,-0.0006292106158361724,-0.24922577627518322
8.22,-7.433917049778984e-05,7.364364219972333e-05,0.9999955577843483,0.0007068199778266089,0.0004330901642999589,-0.24963495479007328
8.24,-7.009030402455666e-05,6.943286235521983e-05,0.9999641628929061,-0.0015553431435213645,-0.0007850402012589848,-0.24939855064519456
8.26,-6.486713450389339e-05,6.20658298444205e-05,1.0000026960225676,0.0005323936009714943,0.00027741966191439113,-0.24974396724418207
8.28,-6.109748913670458e-05,6.124640627054825e-05,0.9999670225240873,-0.0012803086602943088,-0.0007501367468534298,-0.24949424794643066
8.3,-5.678308453616446e-05,5.8094701103091615e-05,1.0000031107740335,0.0011280101790474852,0.0005218448181466991,-0.24985522853061162
8.32,-5.4053533208271365e-05,6.043475501843293e-05,0.9999688665627539,-0.000556906892804163,-0.00042513110788145413,-0.24963547621703
8.34,-5.0421922230192485e-05,5.789915352944828e-05,1.000002956580431,0.0014499210564307926,0.0007165673928095573,-0.2500938894773232
8.36,-4.785036432170907e-05,5.7849509122669196e-05,0.9999700177646508,-0.0008525639457483239,-0.0004417760553623383,-0.24989829229739444
8.38,-4.3942630563285276e-05,5.148761749159466e-05,1.000006766936232,0.0007479780619277399,0.0004880789848051664,-0.2503580820833313
8.4,-4.0873722114473896e-05,4.872943619421075e-05,0.9999708896973795,-0.001727947666221911,-0.000832737469340287,-0.250107798306797
8.42,-3.665945781634743e-05,4.25981561678443e-05,1.0000067446889034,0.0002803153258033077,0.00010341190580081913,-0.2504282332028592
8.44,-3.390604997553112e-05,4.3699862706122526e-05,0.9999666857985281,-0.0014744393557181087,-0.0008144923541819419,-0.2501590781776187
8.46,-3.1032025141385024e-05,4.361238096035807e-05,1.0000050113731944,0.0011746441318757025,0.0005850876887682461,-0.2505364753810215
8.48,-2.979139617671144e-05,4.979421180963802e-05,0.9999690419032786,-0.00018449881364967968,-0.0003233772774860739,-0.25031550281953935
8.5,-2.745387179068798e-05,5.0859945377183237e-05,0.9999967543966681,0.001778211978823571,0.0008289013601557663,-0.25073271515492057
8.52,-2.6150803468642014e-05,5.292366631402563e-05,0.9999631722455831,-0.0005940300522055312,-0.00037643335297672,-0.25053576498210356
8.54,-2.3405633769058335e-05,4.7293886451160254e-05,0.9999985989641611,0.0007487679681417518,0.0004766884044983337,-0.2510111829147347
8.56,-2.1499279909684686e-05,4.424230314493878e-05,0.9999621473183766,-0.0018579916205521626,-0.0009286454856758165,-0.25074535913928114
8.58,-1.8493394348841597e-05,3.7824505427096954e-05,0.9999984253813182,6.123660735540408e-05,-3.179687594420086e-05,-0.25104370694207295
8.6,-1.717525681203372e-05,3.921362414135808e-05,0.9999573213443513,-0.0016358252958248933,-0.0008124166040528078,-0.2507690087893122
8.62,-1.604231384136075e-05,4.039585701417972e-05,0.9999981813774202,0.001193271798901022,0.000729086273459951,-0.2511727799866434
8.64,-1.637465914116319e-05,4.8441283609861554e-05,0.9999617490159752,0.00011084173649590767,-0.0001983056514092603,-0.25094982214149075
8.66,-1.5078333976955715e-05,5.1165167897710826e-05,0.9999806242463583,0.0019323092647650188,0.0010413260469320882,-0.25129150367301756
8.68,-1.4631601086391669e-05,5.36622870382974e-05,0.9999432437668434,-0.00037576484610481675,-0.0002979200045478737,-0.25104868131079766
8.7,-1.2077172584169903e-05,4.765338573253285e-05,0.99997735237939,0.0007681115256081746,0.00032852855380493265,-0.251476429656794
8.72,-1.0276837418000401e-05,4.333647147482523e-05,0.9999434690374596,-0.002144753876468101,-0.0011437018980908098,-0.2511675499020571
8.74,-7.970114002381787e-06,3.5722938615295345e-05,0.9999863126612852,-0.0004401445283335057,-0.00018155793709269895,-0.2514579198074987
8.76,-7.868606008594034e-06,3.716909454031589e-05,0.9999426050847434,-0.001847069875624236,-0.0009788005304378284,-0.2511722352814039
8.78,-8.032470140884067e-06,4.049970734405549e-05,0.9999783147963847,0.001289357673198053,0.0006112545207271591,-0.25151058284019345
8.8,-1.0078757486464454e-05,5.165166606267712e-05,0.999943666378535,0.0003997933613093375,5.754452334463911e-05,-0.2512964722524091
8.82,-1.1042946273240386e-05,5.721230322641565e-05,0.9999738623504234,0.002471733124472641,0.0013938334430590616,-0.25184320723857373
8.84,-1.2174958424777661e-05,6.121844226477565e-05,0.9999442288498311,0.00010473346625538345,0.0002232348781207902,-0.2517577545282431
8.86,-1.039095576282804e-05,5.433402054981264e-05,0.999966513632021,0.0006512313139088173,0.0005259926167566412,-0.2523480476655721
8.88,-7.873177102200876e-06,4.684778682963297e-05,0.9999360851042032,-0.0017262583295576577,-0.0014848760692207396,-0.2515711184589425
8.9,-3.975047962078632e-06,3.632986190384177e-05,0.9999724892667974,-0.00034018288513364326,-0.0005881993789554114,-0.25138699336440185
8.92,-3.961549181452844e-06,3.3678438911490694e-05,0.9999379393338235,-0.0017208849140628645,-0.000617126673233438,-0.25125330972473575
8.94,-5.8927270511359635e-06,3.293657213278679e-05,0.9999922796432346,0.0018005690962195125,0.0009033797453697409,-0.2518032867575682
8.96,-8.475140809729737e-06,3.9188880948244174e-05,0.9999686062021,0.0007512598271782067,0.00038771039023821234,-0.2516932781603432
8.98,-9.371682755745616e-06,3.765912457017991e-05,0.9999749661451114,0.0011559736105443165,0.0010822938710644257,-0.2522514812290176
9.0,-9.531465950139213e-06,3.2910773424526946e-05,0.9999681739272243,-0.0007421061131924004,-0.0014362909453673935,-0.25190408449189955
9.02,-6.681819690886531e-06,2.2660874349019313e-05,1.000003449388772,-8.769101408644742e-05,-0.00030836924541443727,-0.2519972173810598
9.04,-8.472148353923297e-06,1.655960063904456e-05,0.9999642338906666,-0.0011923677308735652,-0.0017635871051361839,-0.2518985452382952
9.06,-1.1362181397426889e-05,1.1106995146593272e-05,0.9999836568469069,0.0005349517900660336,0.0005789563487664474,-0.2521645794123462
9.08,-1.970987124674176e-05,1.1829158776229426e-05,0.9999533480387286,-0.00027380653998948024,-8.964714916332391e-05,-0.2520892479428029
9.1,-2.635123480150382e-05,9.91486773536098e-06,0.9999818410877901,0.0015307381373206338,0.001696299626775912,-0.2525226350735846
9.12,-3.3058917813926315e-05,9.11436171616875e-06,0.9999588374791409,-0.0001470375836025096,0.00022061373390028325,-0.2524178832196793
9.14,-3.476122162181128e-05,7.512619799111467e-07,0.9999839487548311,0.0005449020968540666,0.0007958411802528122,-0.2527896161939049
9.16,-3.549316968619742e-05,-7.267306832133237e-06,0.9999596693256458,-0.0022942748038309443,-0.0011604675458917833,-0.25234698396229127
9.18,-3.370098153835896e-05,-1.817049140540441e-05,0.9999941087611677,-0.0008258747832645368,-0.0006253663392963442,-0.25233027505068095
9.2,-3.403011617907104e-05,-1.94008563274547e-05,0.9999566656443285,-0.002281928104752337,-0.0001482697263159738,-0.2524005682171389
9.22,-3.595753625914287e-05,-1.680430806897517e-05,1.0000018877237151,0.0009836232972988109,0.0008525957242286183,-0.25288193314943785
9.24,-3.624674807311356e-05,-5.584270845168761e-06,0.9999663632502687,0.00014567137312155936,-0.00020151803322387838,-0.25268647990345783
9.26,-3.423069654213276e-05,9.892876342036918e-07,0.9999893028300897,0.0018583882127785117,0.001322334133518532,-0.25307004490059737
9.28,-3.311202270004605e-05,7.206820696265592e-06,0.9999609851338236,-2.07779951052079e-05,-0.00020484144750458196,-0.25290826603571365
9.3,-2.8756310378819658e-05,4.955058074398948e-06,0.9999860209433077,0.0008542688727999521,0.0004748827789704916,-0.2532470717591159
9.32,-2.5150177155525246e-05,2.980827767091984e-06,0.9999542640393028,-0.002019895555738808,-0.0011940455289976028,-0.2528554595850811
9.34,-2.0565967045791952e-05,-2.7687740754714307e-06,0.9999950724159237,-0.00039089654055568155,-0.0004351680503887451,-0.25301758715455186
9.36,-1.8483049386494598e-05,1.3856192897751096e-07,0.9999538474794016,-0.0019171359355143927,-0.0007373706362963551,-0.25276133235616627
9.38,-1.7697903910606335e-05,4.996509994005625e-06,0.999999635872165,0.0015891621244253217,0.0008739004509540578,-0.2531922089061637
9.4,-1.7814834134884058e-05,1.7694762187242255e-05,0.9999694087038656,0.0009038604858285217,0.00012324437365291734,-0.25297268263591705
9.42,-1.61594277857116e-05,2.3430096623865234e-05,0.9999754580994652,0.0018261213218142656,0.0013658179104502337,-0.25339661182221995
9.44,-1.4921181601260029e-05,2.563676114452326e-05,0.9999514760970879,-0.0004305885059349122,-0.0006970339674302117,-0.2532651449241562
9.46,-1.0254090239285046e-05,1.946863927999018e-05,0.9999753692329962,0.00035550332314286974,2.6303561457623744e-06,-0.25350999772614247
9.48,-7.78571019196634e-06,1.5595672595996306e-05,0.9999510806241493,-0.0022240503804767057,-0.0016288378004377583,-0.2531731011831518
9.5,-5.664357489516073e-06,1.0352220474910001e-05,0.9999905289337532,-0.0004210948129758942,-0.0005729270961089426,-0.25330902438026176
9.52,-7.460067143666905e-06,1.4945701895811695e-05,0.9999491362944298,-0.0015733749507625652,-0.00040490699088613493,-0.2531114565888934
9.54,-1.105647896145084e-05,2.1747429706255665e-05,1.0000004358438308,0.0023297405290983227,0.0010850813966692282,-0.25365083121484955
9.56,-1.4642337995544747e-05,3.4787990908491624e-05,0.9999751822721396,0.0014837686884059734,0.0007074861261650728,-0.25355244818052475
9.58,-1.6389470894937184e-05,3.785517095629993e-05,0.9999717770617055,0.0007908872792665016,0.0008744727789852632,-0.2539381009031085
9.6,-1.690967170708442e-05,3.45945002528103e-05,0.9999679431262442,-0.0007713309371829152,-0.0017337550227225647,-0.2532498538683489
9.62,-1.4863122305697894e-05,2.74330897336769e-05,1.0000060682685157,-2.83696717046742e-05,-0.0003432910272940565,-0.253140684131942
9.64,-1.8522987324484332e-05,2.4814223704356857e-05,0.9999652514915292,-0.0006818408666507838,-0.0008841854208185312,-0.25321938237315883
9.66,-2.3476212795047415e-05,2.2649587444521703e-05,0.9999900547336367,0.001489071420982814,0.0019435949912705844,-0.2536569314469329
9.68,-3.1073232738495345e-05,2.3893533697641537e-05,0.9999592050473723,0.0006828512642031928,0.0009301736289205245,-0.2535654765437391
9.7,-3.26941393251905e-05,1.749773167091353e-05,0.9999679979236022,0.0009036768139811146,0.001616490858313961,-0.25387814465321407
9.72,-3.147120495804853e-05,7.620371888223024e-06,0.999955310929777,-0.0010141485489626482,-0.002202403738045884,-0.2536199642774114
9.74,-2.495434930353096e-05,-7.318363305704707e-06,0.9999808191666834,-0.0009201618086386096,-0.0015436275753581818,-0.2536571249879297
9.76,-2.5695946343587e-05,-1.6317682753431943e-05,0.9999495606717224,-0.0025408249845866107,-0.004411297319775856,-0.2534478290654537
9.78,-3.143085457960735e-05,-2.025752911007017e-05,0.9999513176050902,-0.001638534087580191,-0.0023497857547633764,-0.25341574876011924
9.8,-5.1228471088479605e-05,-1.0388286304943596e-05,0.999904843885078,-0.0011343307206898698,-0.0006007494489901976,-0.25372546811624974
9.82,-7.837407459734228e-05,8.067109363322305e-06,0.999889106404772,-0.0010539503895955523,-0.0018302059970637945,-0.2535248737446285
9.84,-0.00010666620937068752,3.142362089582541e-05,0.99988985491364,-1.6696104117660746e-05,0.002328863601505284,-0.2538714740745623
9.86,-0.00014079572511252274,6.0512446306317715e-05,0.9998582464544684,0.0001235972321243402,0.0019482329310386204,-0.2539937751796484
9.88,-0.00016593404336043445,8.732055816418125e-05,0.9998757390733826,0.0009947205001658583,0.005386852888558513,-0.2544911060947925
9.9,-0.0001838381012070005,0.00011173770216456859,0.9998629110284968,0.00010245041106629054,0.003672938357268977,-0.2546588144640905
9.92,-0.0001819752885823151,0.0001269062474048037,0.9999100708965403,0.002446918261272829,0.0026650282001944438,-0.255064698023798
9.94,-0.0001666402453529275,0.00013815104727026126,0.9998555285181908,0.00029379304394941093,-0.00044809144703540844,-0.2543118897994944
9.96,-0.00014345598341484637,0.0001372016421166738,0.9998890821321338,0.0005965751973023819,-0.0008845429302719166,-0.254167648049891
9.98,-0.0001222553781106995,0.00013558862155805236,0.9998739714733533,-0.0007798210597629355,0.0022429893998287187,-0.25468574317084264
10.0,-0.00010504435644162747,0.00013257521022301208,0.9998872771604019,-0.0021568733779790557,-0.0010487527991568165,-0.2549690453408141
