0.02,-0.5,0.5,1.3998287967146767,0.00551803319431602,-0.0004563942570523028,0.0016991923758955551
0.04,-0.5,0.5,1.3992785351668495,0.011048506688492896,-0.0008465935065298094,0.003378182970280896
0.06,-0.500001584914365,0.4999804327137219,1.3983542581354598,0.016636344066054538,-0.001080070131303503,0.00502342462968339
0.08,-0.5000060487371378,0.4999215476997625,1.3970698362733924,0.022450636412870238,-0.000937759994700716,0.006623520470979958
0.1,-0.5000140849736244,0.4998029831511396,1.3954553619619527,0.02902527895259877,-0.00010506007373659001,0.008263316648276385
0.12,-0.5000249895040879,0.4996026741636624,1.3935663828962879,0.03789020996061305,0.0014486656702751147,0.010454831755852656
0.14,-0.5000353879757113,0.49929564493864215,1.3914408883507725,0.04996694602032293,0.003870291414021053,0.01347809444366356
0.16,-0.5000389826096091,0.498849337873822,1.3890801880551928,0.06496170918112643,0.007507756423346409,0.01716298422017218
0.18,-0.5000259857985019,0.49822107478009386,1.3864522094596716,0.08204867765037653,0.012323541793404403,0.02128752617018888
0.2,-0.49998191002484005,0.4973593286845553,1.383512064232194,0.10016427868528419,0.018197382704706427,0.0255741662116504
0.22,-0.49988773334805253,0.49620633985401413,1.380217867700073,0.11859353653267622,0.024782534966174375,0.02990760281679507
0.24,-0.49972009482816654,0.49470014335708884,1.3765490044643027,0.13706948075228903,0.0319273182246897,0.034259258553689005
0.26,-0.4994526010368907,0.49277756836322206,1.3724927229394694,0.15553941534022625,0.0395250130708319,0.038653620876119614
0.28,-0.4990565308971974,0.4903758226913189,1.3680361310870273,0.17395630127935252,0.047413405439949624,0.04314632032249374
0.3,-0.4984965214518855,0.48741662517410417,1.3632694313240534,0.18942875144720053,0.05539939964021266,0.0487057372079773
0.32,-0.4977347473876346,0.4838212871445648,1.3582669649551486,0.19945826352778562,0.06326645875348208,0.05614501838899252
0.34,-0.49673542134281484,0.47953352908809177,1.3530314427457233,0.2040341434338929,0.07139328868429677,0.06537349247995403
0.36,-0.4954603829489313,0.4745134032599844,1.3475909315708985,0.20317402592116937,0.08088216943470881,0.0762053001278031
0.38,-0.49387530920192535,0.46875672560093584,1.3419041173840156,0.19689424663019198,0.09064163178850249,0.0887124800543604
0.4,-0.4919384792664977,0.4622745520928101,1.3359651681852625,0.18520948290113404,0.10055752942229694,0.10284151149539365
0.42,-0.4896080771838237,0.4551000057508248,1.329768650813361,0.16813450147967166,0.11042331785128845,0.11855054774768538
0.44,-0.4868429609882764,0.4472872342263373,1.3233144912544381,0.14568580001235173,0.1200954970249334,0.13579520318947416
0.46,-0.4836041943803738,0.4389111577040986,1.3166093327454822,0.11788049378401098,0.12949261791677982,0.1545131535900395
0.48,-0.4798550132421434,0.4300660240244653,1.309678487871955,0.08471564084546944,0.13819682788237742,0.17445046601395717
0.5,-0.4755485824026712,0.42085773233339185,1.3026584749426064,0.046013987092523856,0.14278635783330215,0.1940737590590968
0.52,-0.47065895497935917,0.4114275813944189,1.2956047726166458,0.00184144536448366,0.1420016092020308,0.21319632171190916
0.54,-0.4651877749865656,0.4019395588186322,1.2885590525642723,-0.04596325805717162,0.13574635429610912,0.2325986473242843
0.56,-0.4591752324371413,0.39257537976244883,1.28151776181932,-0.08935272801172305,0.12399529910158187,0.2527003964768862
0.58,-0.4526952986256476,0.38352180762791566,1.274455662503277,-0.12704946670951484,0.10679405984056525,0.2736879297284135
0.6,-0.4458429228144243,0.37494082185348077,1.2673670312045262,-0.15907427710242672,0.08420248408613219,0.29587864279041254
0.62,-0.4387341548217739,0.3669628956706087,1.2602436946995457,-0.18550521490449123,0.05627973912027997,0.31949078355881766
0.64,-0.43150407879988495,0.3596860500797926,1.2530761520975957,-0.2064655341872577,0.023076129000096996,0.344651538683078
0.66,-0.4243047965244572,0.3531750508363143,1.2458541928251616,-0.2221173927275728,-0.015371508497039534,0.37140930688449425
0.68,-0.41730341864763787,0.3474606377494142,1.238566819040721,-0.23265373701368963,-0.05904145533735864,0.3997471644647103
0.7,-0.41067999024337415,0.342538755595711,1.2312014633087314,-0.2382885629705022,-0.10792645211045328,0.42959634655145956
0.72,-0.4046252644900181,0.33836979601052625,1.223742518413147,-0.23924619989466867,-0.16203128703410705,0.4608488840110224
0.74,-0.3993382313612295,0.3348778942092383,1.2161692028382838,-0.23575005327150603,-0.22136914212619077,0.4933686512558076
0.76,-0.3950233050540923,0.33195035851050475,1.2084527959269968,-0.22801096397212908,-0.2859571457379916,0.5270001584943027
0.78,-0.39188683689929715,0.32943726109600197,1.200552536876709,-0.21621393888291016,-0.3557846264127183,0.5615757185621374
0.8,-0.3900941958361252,0.32714526241684894,1.1923079685554858,-0.20004851623966818,-0.4241212495823208,0.5964009642114417
0.82,-0.3898842118966854,0.3248575207636929,1.1837508005264683,-0.1784893894498335,-0.48695439911099375,0.6291072973917426
0.84,-0.3914244065112477,0.32232831142509044,1.1747937045606178,-0.15111278893539748,-0.5442959477618241,0.6594783357439594
0.86,-0.3948365600137661,0.31930135581028546,1.165344986596742,-0.11752764603910074,-0.5961315586192666,0.6873285929257913
0.88,-0.400196907880542,0.31551303701547356,1.155311393679566,-0.07740871684464551,-0.642420803136804,0.71253935607191
0.9,-0.4075363949263144,0.31069550869882123,1.1446001693403804,-0.030536625901634997,-0.6831012902994245,0.7351011268650977
0.92,-0.4168409306178518,0.3045798126582782,1.1331204107782544,0.023158387861585313,-0.7180980196639962,0.7551595776054348
0.94,-0.4280516210767847,0.2968991224161875,1.1207837855008898,0.08355514836500967,-0.7473387926431936,0.7730589695175939
0.96,-0.44106499090084333,0.28739222780945856,1.1075046619786872,0.15031164285533197,-0.7707756615431485,0.7893740162388392
0.98,-0.4557332502919286,0.2758073674964141,1.0931997064071175,0.22285694828031744,-0.7884110802400804,0.8049196870152541
1.0,-0.471864705471263,0.2619065014680449,1.0777869978390984,0.30041357896866877,-0.8003259138139563,0.8207301684904714
1.02,-0.4892244502914223,0.24547009340570436,1.0611847166229105,0.38205286911984,-0.8067053108039347,0.8380041045392893
1.04,-0.5075355128907363,0.22630244234965802,1.0433094662818476,0.46677693284025523,-0.8078582667510648,0.8580222224198417
1.06,-0.5264806617130928,0.2042375639287896,1.0240742969424712,0.5536120168257039,-0.8042278380904536,0.8820520983475603
1.08,-0.5457050982237865,0.1791455728353339,1.0033865093442822,0.6416938558989123,-0.7963911098609157,0.9112589416227065
1.1,-0.5648202765347723,0.15093946022273086,0.9811453322897149,0.7303281569983561,-0.785050326772081,0.9466386989926112
1.12,-0.5834090896831803,0.11958209286197112,0.9572395827208207,0.8190171884679656,-0.7710181237856206,0.9889819082169068
1.14,-0.6010326448536614,0.08509318676950445,0.9315454356251788,0.9074527049704433,-0.7552000473226125,1.0388675327373604
1.16,-0.6172388116253659,0.0475559293840107,0.9039244494002832,0.995482296429209,-0.7385766909477265,1.096679336823292
1.18,-0.6315726648133538,0.007122845411106603,0.8742220093701596,1.0830590610598476,-0.7221863451928677,1.1626349243728356
1.2,-0.6435888538263776,-0.03597957206699312,0.8422663655877219,1.1701838685599906,-0.7071076823613259,1.2368188200089574
1.22,-0.6528658121388009,-0.0814480043552006,0.8078684481720468,1.2568470658360826,-0.6944410560311127,1.3192142754231375
1.24,-0.6590215738990651,-0.12890180207154336,0.7708226412014862,1.3429737910030615,-0.685286636230578,1.4097322777345438
1.26,-0.6617307929644551,-0.17788541820765974,0.7309086814635943,1.428374863412847,-0.6807178001517417,1.5082395824246606
1.28,-0.6607423691938311,-0.22787433117168102,0.6878948181533028,1.5127035228269818,-0.6817488373959661,1.614590151447338
1.3,-0.6558968879553636,-0.2782849238465828,0.6415423214270959,1.5954166221645405,-0.6892969188131677,1.728666187523229
1.32,-0.6471428859915928,-0.32848863897330666,0.5916113600307992,1.675736531486284,-0.704139132861134,1.850436308062806
1.34,-0.6345507885822848,-0.37783052043826953,0.537868180930291,1.7526062232005353,-0.7268657989741598,1.9800398905188275
1.36,-0.6183232413778871,-0.4256519739527029,0.48009341883158296,1.8246239724012336,-0.7578306722363402,2.1179093465448493
1.38,-0.598800509589767,-0.4713172451707902,0.41809124489726657,1.889934776758453,-0.7970963581184092,2.2649479011338607
1.4,-0.5764596619395772,-0.5142427323206483,0.35169893874725966,1.9460413649051513,-0.8443682961928985,2.4227920765765747
1.42,-0.5519064190284414,-0.5539278465000457,0.280796345629607,1.989476632255558,-0.8989014195265942,2.5942083202858823
1.44,-0.5258588420658776,-0.5899857374217959,0.2053145736302937,2.015253974979851,-0.9593469726067214,2.7836999017478226
1.46,-0.499121856629664,-0.622168983255724,0.12524243953319106,2.015915678143475,-1.0234968909049598,2.998408620971035
1.48,-0.47255589565203365,-0.6504023311741509,0.04063375144378842,1.980754603478933,-1.0877176134910211,-3.033995613269237
1.5,-0.45564806162913035,-0.6717508938414675,0.04212742333174958,1.0386588684680533,-1.091978495563364,-1.9373278859277334
1.52,-0.44004821332819044,-0.6905190027157131,0.04298430343376036,0.5932933411050866,-0.8010731391461234,-1.3344976546280327
1.54,-0.4270033406132461,-0.7063880385729268,0.04083830539819667,0.4534081118639113,-0.431019221567471,-1.0245295461676076
1.56,-0.4166634999660622,-0.7204709148787167,0.03704330581108806,0.43112857445998815,-0.045261157964794775,-0.7963193892808947
1.58,-0.40862153008139995,-0.7340222467079021,0.03284383241353635,0.4681608722623676,0.34214432746480766,-0.5738587280234071
1.6,-0.4025957463113988,-0.7441649271679546,0.03746195932401383,0.4177444003435221,0.6758866066026495,-0.3951240368789987
1.62,-0.3959819804695891,-0.7541401086559117,0.046179032982436516,0.44590513502490736,0.9305108435482649,-0.15781976673090897
1.64,-0.38799004658969544,-0.7663212808398738,0.053626409958468756,0.6053828967194033,1.1615309532185187,0.20826305559960592
1.66,-0.3775949376386845,-0.7804995920617123,0.05915550515634836,1.1512298893651065,1.315159303943226,0.9657384562747255
1.68,-0.3640206487122051,-0.7961526389699107,0.061977864389885944,1.9434727957079905,1.2711930593210132,1.9810208808300958
1.7,-0.3467910412423309,-0.8119861399691566,0.062445525110108306,2.2119813698654864,1.0862691168785887,2.4906592343744056
1.72,-0.32643014891408334,-0.826459285772682,0.061266796110441404,2.2173012203508136,0.8479730081729527,2.7636879191789503
1.74,-0.3041311602201604,-0.8383839297216282,0.059151730528738414,2.128684627942264,0.5575963888007103,2.9771749358606647
1.76,-0.28274888947792076,-0.8466189009063574,0.059441508450368934,2.011302542390826,0.18693617685410754,-3.0953295829043395
1.78,-0.2618033242167017,-0.8525654778127661,0.06090165524443581,1.8530744714397893,-0.18826621080077768,-2.8688184345412338
1.8,-0.24010931775206018,-0.8569293035172769,0.061791453822942606,1.64181154763431,-0.4964328247999455,-2.6242081325450037
1.82,-0.21893799701355268,-0.8590499280471288,0.06074091393756189,1.3212028744419968,-0.7266491524934102,-2.329613266326936
1.84,-0.19930724441468173,-0.8596491527635446,0.06173535598614948,0.9340696404946004,-0.8990734962949203,-1.9962432688020042
1.86,-0.18191151305507097,-0.8573133086450226,0.059497541655490385,0.40783651242714036,-0.9712325809260577,-1.5570342526165573
1.88,-0.16576926176737622,-0.8531999107868106,0.05777463904210616,-0.11691491307961117,-0.9495296576003905,-1.136317129605124
1.9,-0.15093999176000905,-0.8466642800798074,0.05539515298461,-0.5667481682504386,-0.8511841814064277,-0.795992305847952
1.92,-0.1360764016679114,-0.8397359280676018,0.057147582097997314,-0.9269661740415057,-0.7214302108317189,-0.5403682659284925
1.94,-0.1214905964804778,-0.8307184703201517,0.060716055840786196,-1.2239460623851632,-0.5711157571458901,-0.3310432660174215
1.96,-0.106659724035985,-0.8183922087121601,0.062042053296781675,-1.4524626297850733,-0.39072636727054644,-0.1587096968834999
1.98,-0.0914269586029839,-0.8025459365774754,0.060993749002384134,-1.6247092264486493,-0.18504688952098367,-0.014702560583989246
2.0,-0.07611583236032071,-0.7860878452242559,0.06297689181054185,-1.8307148636461021,0.05393892812658212,0.12052795958100747
2.02,-0.0607341246183223,-0.765734683365792,0.060828509076228554,-1.9637320928112907,0.3191677419597122,0.24425596461027527
2.04,-0.04672569784691671,-0.7446471600988309,0.059968373739043214,-2.2057941440918607,0.6201116005318781,0.2809376839854865
2.06,-0.03452174066941642,-0.7225222712323727,0.058509975670596605,-2.623930972106977,0.9157799431329622,0.1272246323485025
2.08,-0.02451368139734678,-0.7001983106269878,0.057096212608728214,2.843768804993676,1.0523431376422532,-0.4436087551254566
2.1,-0.01674801367878689,-0.6771999468459239,0.05958471871975821,2.138886193826854,0.8799194386122549,-0.9552281702190426
2.12,-0.010988066698394697,-0.6538416995423104,0.060663465087906494,1.7786444828104924,0.5865574177537417,-1.1705447155529622
2.14,-0.007389960703751125,-0.6311137554214726,0.06062759436293397,1.583016266228135,0.2611885702562784,-1.2751050475571641
2.16,-0.005857605317968218,-0.6097907469158707,0.0604589601374361,1.4656495871734547,-0.08240002324435063,-1.3472799328879224
2.18,-0.007603210025250005,-0.5887383415157613,0.05915812165314751,1.4351531591365254,-0.41439885978405805,-1.4190508437952642
2.2,-0.012824253114953513,-0.5684526923338883,0.05862530893750123,1.498924201947549,-0.7421560338253533,-1.527386469182962
2.22,-0.02150267964909508,-0.5487317813404881,0.058331016102066154,1.7614967050310613,-1.0456153698934287,-1.7801538973109703
2.24,-0.03248824119236467,-0.5290163128320998,0.058563334262683994,2.5442454170229287,-1.2324698650272614,-2.495718929630793
2.26,-0.045826204400274635,-0.5091320641459873,0.05790541728815971,-2.8007360996476054,-1.083896423666722,2.9669709110537594
2.28,-0.061241722060767376,-0.48974347000003904,0.05576296721504907,-2.3940721490840744,-0.7278190061338133,2.7266406325510553
2.3,-0.0783252853095075,-0.4713139021962526,0.05228383110404998,-2.1702487912860264,-0.2997738422842539,2.713122074430244
2.32,-0.0974124059643458,-0.45479192971327764,0.05267939097367511,-2.029169537916343,0.13731289315686904,2.7702966601013395
2.34,-0.11751879374812801,-0.44042991083857785,0.056220214571774986,-1.9142110941793817,0.5335282653154837,2.8139702966020073
2.36,-0.13794949657292666,-0.42827120221925996,0.058081880745978046,-1.8017130915678263,0.9035517508156624,2.830435596401024
2.38,-0.15794056156327516,-0.41894874630543233,0.05930373317687159,-1.7050770197729177,1.2653045449886733,2.8049626496306566
2.4,-0.1780268654682554,-0.4130800070929468,0.0571661691719565,2.0109918242910303,1.5114195113843651,0.10181403343830442
2.42,-0.19847930691502552,-0.40957883749928264,0.05703489871557481,1.8379459233969375,1.1501710413968103,-0.19707924961492837
2.44,-0.22039178811845536,-0.4089081396847811,0.05798613089888014,1.9413385333110422,0.7924385234165783,-0.20212541654868657
2.46,-0.2439238439844789,-0.4109162243372985,0.05850010798727566,2.064740256248113,0.4286799393054982,-0.1751637500226566
2.48,-0.2685198530799074,-0.4153719320774981,0.05717734526673589,2.2055671031778608,0.038084747637034906,-0.14523662516176794
2.5,-0.29340200622336043,-0.4220223281152897,0.05321914538122394,2.3792613745083,-0.38385891881075607,-0.15399084583460357
2.52,-0.3169208988045012,-0.432365441658318,0.052091025576390004,2.730740166376513,-0.7681579118948002,-0.3433043013542894
2.54,-0.33857792875224835,-0.44583034044213343,0.05382446270395735,-2.9011778662394434,-0.959465460289444,-0.8701831528179034
2.56,-0.3577829638330964,-0.461380636056555,0.057909555934681674,-2.2618140810349603,-0.8576923308319988,-1.4553485247604026
2.58,-0.37479639603430953,-0.4779078865865514,0.060017419712466415,-1.9243448757772788,-0.5920017410433284,-1.8066688645907372
2.6,-0.3888059858393798,-0.49505559965880774,0.06131845597175991,-1.7905046364146016,-0.2693707781593124,-2.0293991015302817
2.62,-0.399451217109021,-0.5129526180550845,0.06297695281282782,-1.781798289836033,0.06493764791044189,-2.2189318422021533
2.64,-0.40714031165677766,-0.5324866794065678,0.06081492677293569,-1.892633582259846,0.3839818462505012,-2.428169058807347
2.66,-0.4126284266904289,-0.5544137665818714,0.059752171922492506,-2.177159723888271,0.6353814615816302,-2.7265972276495734
2.68,-0.41598701834377727,-0.5788710211587108,0.056883191631114355,-2.6543234534853775,0.7531356906294944,3.132665365250618
2.7,-0.41682130410663665,-0.6057036287825214,0.048296886709620845,3.0917460016440805,0.7477765001449623,2.6877865067791507
2.72,-0.4162199387015954,-0.6325610822540897,0.03963740971979009,2.640902996572942,0.43377099695186094,2.359815739265039
2.74,-0.4091198056208614,-0.6588586456364164,0.03663786835662258,2.426908678202729,-0.0235283210864914,2.2245626943554275
2.76,-0.3962221147548602,-0.6819372258198053,0.03991621338210495,2.378022088946343,-0.45742334696731257,2.106613742855358
2.78,-0.38056992697885245,-0.702053867565384,0.04443791864150062,2.460263034330827,-0.8260690757864946,1.8790789220670965
2.8,-0.3636493691981161,-0.7196018211237581,0.04643568917287074,2.840092224236137,-1.0883708674341916,1.3463104787480433
2.82,-0.34522769302389406,-0.7338333757558521,0.04713874099004129,-2.7372770903742203,-1.0831145037053784,0.47467693133129185
2.84,-0.32481340512999185,-0.7448216973474812,0.04715363854318048,-2.3838310956879765,-0.8233616678704975,-0.05051456678910757
2.86,-0.3020170785540104,-0.7530627996945255,0.045906563295232856,-2.329749406483205,-0.478595168651399,-0.28751957773453224
2.88,-0.2771280252532387,-0.7592004059622453,0.042110368216212245,-2.406480064827635,-0.10011477667034134,-0.4302046397929033
2.9,-0.2511021421348196,-0.7637971290570789,0.034729366235877024,-2.586617039534118,0.3007648887107523,-0.5831308175768034
2.92,-0.2244070774260206,-0.7613523428726928,0.03212513416013644,-2.9708685902724863,0.5946956697647519,-0.9003560747204568
2.94,-0.20046879203433968,-0.7518295852714783,0.03474117477500592,2.824020981388219,0.629701398680754,-1.3653469016913964
2.96,-0.17946822723118747,-0.7383211704069439,0.03827052577512812,2.4651084349673678,0.4566592242978854,-1.7598063951694423
2.98,-0.16285243071548905,-0.7218020292275706,0.042866834663684905,2.2934202859100044,0.20035098717001187,-2.0522967155834158
3.0,-0.14927751209854895,-0.7035512581718898,0.04531735801230253,2.2681474906495964,-0.07989279189178909,-2.3059687699509124
3.02,-0.1389504189002046,-0.6833344016797764,0.04601421030507128,2.380144116326869,-0.3379350842929353,-2.580701091098077
3.04,-0.1303263954431844,-0.6617644669911621,0.04177424021507706,2.638316810326664,-0.5386301991474697,-2.9168803281729287
3.06,-0.12556565133849373,-0.637811771116504,0.03784762978631359,3.0438114889269716,-0.5737092288107929,2.9447676635044826
3.08,-0.12280284114881129,-0.6128169993477509,0.030413874638816455,-2.8273239439985174,-0.4058551203765406,2.5598702791302963
3.1,-0.12740736694436997,-0.5878463410617457,0.026609990839319395,-2.606587618132729,-0.05754137435945029,2.315595470985026
3.12,-0.13880958578098124,-0.5660898287826541,0.02692300831596035,-2.590054633516396,0.29876141581946436,2.109267216138073
3.14,-0.15466726434030242,-0.5502737864733867,0.03093236522011362,-2.71795989616342,0.5421613813548193,1.8243633230339649
3.16,-0.17279572979730576,-0.5390033120857745,0.03344427407945007,-2.953808596976758,0.6839600561787693,1.4387600021942555
3.18,-0.19251067682312809,-0.5320393810721002,0.03410322979950962,3.0396681808495924,0.6730988151791911,0.9955879421216205
3.2,-0.21368462993560247,-0.5289643917716952,0.03247207258949013,2.8285577324509594,0.507010987563964,0.6205585436197605
3.22,-0.23605683534764463,-0.5293138301464009,0.02782899812671062,2.749076291307226,0.23033987432197245,0.3531037003512808
3.24,-0.25899782064510823,-0.5321383818523777,0.019452191426260534,2.7952087306081976,-0.11511783592955618,0.13359652565229976
3.26,-0.27980301574587857,-0.5412042970178945,0.013611012959981163,3.082954253856299,-0.3320273090531574,-0.15002919206767856
3.28,-0.2954198030965232,-0.5539588254729758,0.010224263427646782,-2.8839452141534427,-0.25582454007050837,-0.4518519716599355
3.3,-0.3049787972716156,-0.5673867567048001,0.008835083387829554,-2.802974627491224,-0.046750391174578416,-0.6448870759933979
3.32,-0.31044191220365086,-0.5797222402188804,0.005535359694474273,-2.879836998935459,0.15190903083580537,-0.8033324724071248
3.34,-0.31274176746593213,-0.5888880347664683,0.0009059710573815129,-3.085849633744869,0.21200233678606648,-0.9659353973205091
3.36,-0.3136297926746063,-0.5944031861443381,-0.005909827141410818,3.0001525956875605,0.07934288348380494,-1.0811861245065069
3.38,-0.31595058982172064,-0.5956183767835581,-0.013404479436154413,3.049651900631629,-0.15800002294100532,-1.0962402473285955
3.4,-0.3198933597106409,-0.599036383564466,-0.01952230497742649,-3.010328795807066,-0.11204944625192712,-1.1202360702340461
3.42,-0.3195787148612251,-0.6040945149169413,-0.024632801202948276,-2.9821016941728606,0.12994685480687224,-1.1226793701511018
3.44,-0.3166678399855105,-0.6046415732405198,-0.027405596081391537,3.1197146050102718,0.13745620737196565,-1.1491417663895234
3.46,-0.3149849842778717,-0.6014223520802486,-0.028294624659511637,2.9019735226655077,0.00983465753029825,-1.1325742661992348
3.48,-0.3153809534715372,-0.6006667354266966,-0.023912091421907485,2.9032984856493678,-0.033581140544645,-1.1265009976930744
3.5,-0.31587902697873094,-0.6008475516133028,-0.020888975568011288,2.922730564830339,-0.03090161537852779,-1.1293402015090808
3.52,-0.3160881251300575,-0.6009838976029482,-0.018113486277621108,2.940550854491615,-0.028401373951564057,-1.1298459476696256
3.54,-0.3162533645956326,-0.6011007145216987,-0.015563912977982085,2.9568647933874144,-0.02612231081461273,-1.1307678067018572
3.56,-0.3163988410941269,-0.601204054925006,-0.013221497083729607,2.9718077016402624,-0.024046411574076533,-1.1317166339218938
3.58,-0.3165307318703091,-0.6012978847035856,-0.011069420126562911,2.985518873104498,-0.022135106211934753,-1.132594126130582
3.6,-0.31665146835702296,-0.6013839138371305,-0.009091989116171036,2.998105045755231,-0.020375345197922858,-1.1333843695453623
3.62,-0.3167622642466712,-0.6014633530656601,-0.007274833480505002,3.0096624223977875,-0.01875569007040369,-1.134092412691833
3.64,-0.3168644367055313,-0.6015368655347078,-0.0056048098733950365,3.0202787459142026,-0.017264362514075524,-1.1347185891535283
3.66,-0.3169525989128088,-0.6016038274932305,-0.004069957028469266,3.030028611912435,-0.01587740756819514,-1.135362550360543
3.68,-0.3170352773893224,-0.6016663938424464,-0.002659118935550521,3.0389901739958654,-0.014604451865745037,-1.1359152541101405
3.7,-0.31711266478562145,-0.6017247858401499,-0.0013621873259999054,3.047228433648558,-0.013435283889288194,-1.1363904097888522
3.72,-0.31718499403593986,-0.6017791840970431,-0.0001698925243692642,3.054802758456186,-0.012360690798524195,-1.1367991058232387
3.74,-0.3172525376499383,-0.6018296951942553,0.0009262677858981848,3.0617674477593244,-0.011372276776990785,-1.137149808755069
3.76,-0.3173156748642054,-0.601876254831942,0.0019340972142895805,3.068171951873143,-0.010462762874591306,-1.137448025703974
3.78,-0.3173765606453925,-0.6019153195845324,0.002860700137918118,3.0740611448173123,-0.009619899106430888,-1.1376553102057545
3.8,-0.3174334117615702,-0.6019509222633249,0.003712702678663384,3.079478330498664,-0.008842138958859075,-1.1378207441567167
3.82,-0.3174864629887329,-0.6019833767157737,0.0044961494161313295,3.0844613795203935,-0.008124981661843018,-1.1379510881759325
3.84,-0.3175392476542267,-0.6020098249146688,0.005216537751838913,3.089041474954248,-0.007457506037199089,-1.1379984168252626
3.86,-0.3175957369790905,-0.6020356228049091,0.005879098788002671,3.093240242213564,-0.006823395219874408,-1.1379678802720388
3.88,-0.3176492171719417,-0.6020634897415552,0.006488553060118144,3.0970842011895896,-0.006270249800519629,-1.1380122081163473
3.9,-0.31769790038119144,-0.6020892614165467,0.007049031238653449,3.100628303983581,-0.0057613641719611135,-1.1380494863406834
3.92,-0.31774222877483466,-0.602113093505821,0.007564486032157346,3.103894946952481,-0.005293185490062282,-1.1380810283449803
3.94,-0.31778260019879534,-0.6021351293388694,0.008038547491353505,3.106905094379743,-0.0048624409151634415,-1.1381079212421206
3.96,-0.3178192280081743,-0.6021571422311971,0.008474582243174373,3.1096768113044275,-0.0044689348941297224,-1.1381490382718442
3.98,-0.3178526046324665,-0.602177311816974,0.008875616159286814,3.1122301885560613,-0.004106175379226142,-1.1381838343537822
4.0,-0.3178830361770019,-0.6021957959057496,0.009244468358283039,3.1145819565846744,-0.0037718558025942963,-1.1382132744067452
4.02,-0.31791079798761895,-0.6022127386127393,0.009583729326905259,3.1167476663058626,-0.003463822573609198,-1.1382381776484949
4.04,-0.3179360713166757,-0.6022281954295872,0.009896071259190044,3.1187348775678836,-0.003182960944499072,-1.1382592090531793
4.06,-0.3179591525733312,-0.6022423686478366,0.010183370422785826,3.1205643235162857,-0.0029243069346229634,-1.1382770086049905
4.08,-0.31798024228410127,-0.6022553673761181,0.0104476392956303,3.1222483549992575,-0.002686141096297959,-1.1382920723762
4.1,-0.3179995213214132,-0.6022672911847954,0.010690727910184838,3.1237983933670277,-0.00246686967338422,-1.1383048207043172
4.12,-0.3180171529764662,-0.6022782309612066,0.010914337050069715,3.125224992906406,-0.0022650166923767123,-1.138315609645603
4.14,-0.3180332847962791,-0.602288269682171,0.011120030395287963,3.126537900051985,-0.002079216577930373,-1.138324740726789
4.16,-0.3180480502187749,-0.6022974831194807,0.0113092456608973,3.127746110011864,-0.0019082069673446752,-1.1383324692395211
4.18,-0.31806157002869617,-0.602305940484471,0.011483304817874284,3.1288579206616736,-0.0017508217122661927,-1.1383390112902345
4.2,-0.3180739536528533,-0.6023137050141237,0.011643423471359828,3.1298809834220362,-0.0016059842147500784,-1.138344549785721
4.22,-0.3180853003135248,-0.6023208345047427,0.01179071946963534,3.1308223511639905,-0.0014727010578278572,-1.1383492395128154
4.24,-0.31809570005563137,-0.602327381796791,0.011926220807689797,3.131688523101211,-0.001350055987120753,-1.13835321144644
4.26,-0.3181052346622295,-0.6023333952154066,0.01205087288489269,3.132485486748097,-0.0012372042366512875,-1.1383565764017027
4.28,-0.31811397846966627,-0.6023389189708841,0.012165545170171257,3.1332187570116736,-0.001133367218438053,-1.1383594281450784
4.3,-0.31812199910203587,-0.6023439935200988,0.012271037326440356,3.1338934126422147,-0.0010378274859780866,-1.1383618459504006
4.32,-0.31812935811462045,-0.6023486558997504,0.012368084834024021,3.1345141299477235,-0.0009499241399600295,-1.1383638969183194
4.34,-0.31813611158171157,-0.6023529400234822,0.012457364159786178,3.1350852141455303,-0.000869048475088036,-1.138365637789868
4.36,-0.3181423106172528,-0.6023568769549523,0.012539497506591316,3.1356106283750442,-0.0007946399542786836,-1.138367116554883
4.38,-0.3181480018426986,-0.6023604951553161,0.012615057178201298,3.1360940205376746,-0.0007261824723726142,-1.138368373799108
4.4,-0.3181532278069273,-0.6023638207082564,0.012684569591118777,3.1365387481059073,-0.0006632008933857812,-1.1383694438445673
4.42,-0.31815802736362736,-0.6023668775246898,0.012748518962254653,3.1369479010384156,-0.0006052578448500543,-1.1383703557143223
4.44,-0.318162436010787,-0.602369687529069,0.012807350698880606,3.137324322932808,-0.0005519507529617528,-1.1383711339490636
4.46,-0.3181664861964898,-0.6023722708290233,0.012861474515124717,3.137670630541387,-0.0005029091026376582,-1.1383717992979445
4.48,-0.3181702075946495,-0.602374645869898,0.012911267297254296,3.1379892317687244,-0.00045779190713382393,-1.1383723693030985
4.5,-0.31817362735392835,-0.6023768295756206,0.012957075738150095,3.138282342263007,-0.00041628537254167976,-1.1383728587941766
4.52,-0.3181767703226778,-0.6023788374771567,0.012999218759693466,3.138552000706238,-0.0003781007432058124,-1.1383732803067272
4.54,-0.3181796592524358,-0.6023806838297128,0.013037989740248333,3.1388000829016,-0.0003429723148709077,-1.1383736444360981
4.56,-0.31818231498220184,-0.6023823817197255,0.013073658563009863,3.139028314749704,-0.0003106556031458859,-1.1383739601368736
4.58,-0.31818475660547185,-0.6023839431625668,0.013106473499701411,3.1392382841990845,-0.00028092565565041396,-1.1383742349761279
4.6,-0.3181870016217889,-0.6023853791918192,0.013136662942917574,3.139431452250262,-0.00025357549696880327,-1.1383744753476732
4.62,-0.3181890660743632,-0.602386699940876,0.013164436999327787,3.139609163086947,-0.00022841469626992922,-1.1383746866532576
4.64,-0.3181909646751501,-0.6023879147175649,0.013189988954959769,3.13977265340255,-0.0002052680481631339,-1.138374873455865
4.66,-0.31819271091862156,-0.6023890320724137,0.013213496622871084,3.1399230609850615,-0.00018397435802987015,-1.1383750396093544
4.68,-0.31819431718533137,-0.602390059861124,0.013235123582680128,3.1400614326186354,-0.00016438532370463088,-1.1383751883680995
4.7,-0.3181957948362563,-0.6023910053017684,0.013255020320659935,3.140188731355742,-0.00014636450598161726,-1.138375322479745
4.72,-0.3181971542987969,-0.6023918750271683,0.013273325278394059,3.1403058432096236,-0.00012978638098680068,-1.1383754442636145
4.74,-0.3181984051452211,-0.6023926751328816,0.0132901658173461,3.140413583312974,-0.00011453546797241615,-1.1383755556770674
4.76,-0.318199588464722,-0.6023933456741888,0.013305716178188345,3.1405127952900256,-0.0001059240147867568,-1.1383756625380195
4.78,-0.3182006774277279,-0.6023939626110698,0.01332002253347831,3.1406040673130966,-9.800248461225995e-05,-1.1383757621428126
4.8,-0.3182016796606937,-0.6023945302580369,0.0133331843887292,3.1406880353105193,-9.071539067921385e-05,-1.13837585559019
4.82,-0.3182026021677897,-0.6023950525807293,0.013345293320782773,3.14076528417292,-8.401166367366025e-05,-1.138375943821305
4.84,-0.3182034513768304,-0.6023955332156782,0.013356433560280864,3.140836351263845,-7.784478408099755e-05,-1.138376027624795
4.86,-0.3182042331963148,-0.602395975510321,0.013366682606563918,3.140901731258321,-7.217176474552973e-05,-1.138376107672302
4.88,-0.31820495305533564,-0.6023963825425129,0.01337611175782803,3.1409618792498897,-6.695305978593485e-05,-1.1383761845329492
4.9,-0.3182056159429539,-0.6023967571423555,0.013384786607451533,3.141017213917018,-6.215228928857275e-05,-1.1383762586890256
4.92,-0.3182062264442659,-0.6023971019122422,0.013392767500572065,3.141068120436409,-5.773598596980955e-05,-1.1383763305492935
4.94,-0.31820678877345493,-0.6023974192452656,0.01340010995410458,3.1411149531633464,-5.3673362083640475e-05,-1.1383764004602368
4.96,-0.3182073068040857,-0.6023977113421247,0.01340686504313001,3.1411580380976747,-4.993609496880695e-05,-1.138376468715594
4.98,-0.3182077840968816,-0.6023979802266546,0.013413079756349859,3.141197675152544,-4.649812973963877e-05,-1.138376535564423
5.0,-0.3182082239251987,-0.602398227760093,0.01341879732308498,3.1412341402416843,-4.333549776267872e-05,-1.1383766012179306
5.02,-0.31820862929839405,-0.602398455654189,0.013424057514098286,3.1412676871997087,-4.0426149648633575e-05,-1.138376665855262
5.04,-0.31820900298326726,-0.6023986654832469,0.013428896918338328,3.1412985495487975,-3.77498016103474e-05,-1.13837672962839
5.06,-0.3182093475237375,-0.6023988586951948,0.013433349197532111,3.141326942124041,-3.528779411199361e-05,-1.1383767926662653
5.08,-0.31820966525890493,-0.6023990366217569,0.013437445320401229,3.1413530625687556,-3.302296182706391e-05,-1.1383768550783286
5.1,-0.3182099583396326,-0.602399200487802,0.013441213778133032,3.141377092710156,-3.093951400611934e-05,-1.138376916957484
5.12,-0.3182102287437714,-0.6023993514199378,0.013444680782607731,3.141399199824958,-2.9022924421527554e-05,-1.1383769783826172
5.14,-0.31821047829014226,-0.6023994904544097,0.01344787044876201,3.1414195378037295,-2.725983011392839e-05,-1.13837703942073
5.16,-0.3182107086513783,-0.6023996185443624,0.013450804962359356,3.141438248222063,-2.563793825080238e-05,-1.1383771001287468
5.18,-0.3182109213657214,-0.602399736566517,0.013453504734335034,3.1414554613260464,-2.4145940438639696e-05,-1.138377160555048
5.2,-0.31821111784785994,-0.6023998453273076,0.013455988542790872,3.14147129693888,-2.2773433892006983e-05,-1.138377220740763
5.22,-0.3182112993988862,-0.6023999455685256,0.013458273663627679,3.1414858652949404,-2.1510848919587088e-05,-1.1383772807208739
5.24,-0.3182114672154465,-0.6024000379725083,0.013460375990725618,3.1414992678071165,-2.0349382208482997e-05,-1.1383773405251416
5.26,-0.31821162239814943,-0.6024001231669104,0.013462310146508229,3.1415115977727286,-1.9280935457241395e-05,-1.138377400178901
5.28,-0.31821176595929396,-0.6024002017290911,0.013464089583660353,3.141522941022972,-1.8298058916868752e-05,-1.138377459703726
5.3,-0.3182118988299725,-0.6024002741901496,0.01346572667870755,3.141533376520385,-1.7393899455011425e-05,-1.1383775191179972
5.32,-0.3182120218665997,-0.6024003410386345,0.01346723281810842,3.1415429769085064,-1.6562152778477608e-05,-1.1383775784373842
5.34,-0.3182120415871535,-0.602400466525505,0.0134688474939155,3.1415471644197366,-8.316039187804316e-06,-1.1383775674231658
5.36,-0.318212055039859,-0.6024005821676406,0.013470346666450632,3.141550591258341,-5.685915668750064e-07,-1.138377546286316
5.38,-0.3182121267663133,-0.6024006659424082,0.013471756279529947,3.1415569802208436,5.473302373628948e-06,-1.1383781148199061
5.4,-0.31821219975018555,-0.6024007318189545,0.01347315940459091,3.1415635082355866,9.93129342071357e-06,-1.1383786579703994
5.42,-0.3182122361539312,-0.6024007777063098,0.013474603086604874,3.141567884803587,1.3520605642853549e-05,-1.138379080964087
5.44,-0.31821247904168204,-0.6024008606698488,0.013474876838772009,3.1415867605089245,1.139262763849113e-05,-1.1383789782162586
5.46,-0.31821264353630635,-0.602400864838852,0.01347560334561856,-3.1415877267288357,6.900235715935403e-06,-1.1383786364320885
5.48,-0.3182127386105612,-0.6024007512355625,0.013476238833820953,-3.141585241787165,-2.740292434611153e-06,-1.1383786881286326
5.5,-0.31821257300726136,-0.6024008406542175,0.013477496180958807,3.141592021759866,8.499644010006469e-06,-1.1383787869856876
5.52,-0.31821271055019396,-0.6024007942978379,0.013478507079506917,-3.141586456726524,9.451460894619442e-07,-1.1383786428004745
5.54,-0.31821323296678755,-0.6024004875901542,0.013478544283221353,-3.141561162937311,-3.64834637899259e-05,-1.1383790043360607
5.56,-0.3182131698164424,-0.6024005201208987,0.01347945099271355,-3.141564407814935,-3.214590014042544e-05,-1.1383790211885234
5.58,-0.31821311180884165,-0.6024005498679502,0.013480285177744519,-3.1415673931976027,-2.8155284301436414e-05,-1.1383790380567966
5.6,-0.31821305853415255,-0.602400577053147,0.013481052627499,-3.141570139764354,-2.448392447469583e-05,-1.138379054944215
5.62,-0.31821300961381477,-0.602400601881419,0.013481758680860188,-3.1415726666192745,-2.110627965679213e-05,-1.1383790718474447
5.64,-0.31821296469954247,-0.6024006245413054,0.013482408249592223,-3.1415749913382185,-1.7998852164682392e-05,-1.1383790887636958
5.66,-0.31821292347090385,-0.6024006452062656,0.013483005852510855,-3.1415771300910613,-1.5140024166927744e-05,-1.1383791056906347
5.68,-0.31821288563309413,-0.6024006640358848,0.013483555646920388,-3.141579097754169,-1.250990729159718e-05,-1.1383791226263142
5.7,-0.31821285091488655,-0.6024006811769834,0.01348406145753544,-3.141580908013873,-1.0090204269075579e-05,-1.1383791395691103
5.72,-0.318212819066747,-0.602400696764638,0.013484526803088955,-3.141582573461667,-7.864081638769897e-06,-1.1383791565176704
5.74,-0.31821279268458097,-0.6024007171929099,0.013484998575487947,-3.1415836533284422,-5.646928865536559e-06,-1.1383791558350471
5.76,-0.31821276836488266,-0.6024007359352204,0.013485432604965495,-3.1415846468230204,-3.607200014239029e-06,-1.1383791551531315
5.78,-0.3182128858046164,-0.6024006988559375,0.013485806888704526,-3.1415788374183298,-9.906403719348211e-06,-1.1383790173264972
5.8,-0.3182128548335874,-0.6024007195974197,0.013486176254270727,-3.1415802161844377,-7.525720114403847e-06,-1.138379016638786
5.82,-0.31821282629326814,-0.6024007386268206,0.013486516070744295,-3.1415814846450547,-5.335657317579182e-06,-1.1383790159468936
5.84,-0.31821293985145227,-0.6024007018113966,0.013486803679242473,-3.1415759280723647,-1.1496637861190672e-05,-1.1383788781403201
5.86,-0.31821290530801755,-0.6024007227958217,0.013487093302686813,-3.1415775395814807,-8.988709646665363e-06,-1.1383788774411105
5.88,-0.3182128734810599,-0.6024007420487039,0.013487359756311155,-3.1415790221660296,-6.681583902505571e-06,-1.1383788767397336
5.9,-0.3182129840166489,-0.602400705438678,0.013487579871546827,-3.141573662480688,-1.2734932256862082e-05,-1.1383787389473308
5.92,-0.31821294669134087,-0.6024007266122188,0.013487807400489531,-3.141575455233468,-1.0127920414499542e-05,-1.1383787382379393
5.94,-0.31821291230503795,-0.6024007460390672,0.013488016727095507,-3.141577104562473,-7.729639361300687e-06,-1.138378737528139
5.96,-0.31821302048690137,-0.6024007095889322,0.013488184285906065,-3.1415718981987895,-1.3699176266061546e-05,-1.1383785997458833
5.98,-0.31821298099531076,-0.6024007309096882,0.013488363462393843,-3.1415738320912308,-1.101500934253571e-05,-1.138378599027822
6.0,-0.31821294461600935,-0.602400750471959,0.013488528304680697,-3.141575611268946,-8.54574688211121e-06,-1.1383785983108359
6.02,-0.31821305096500024,-0.6024007141462904,0.013488654938251054,-3.1415705243010823,-1.4450021197023395e-05,-1.138378460535934
6.04,-0.3182130097864921,-0.6024007355816445,0.013488796463096071,-3.141572568103057,-1.1705774631649465e-05,-1.1383784598106743
6.06,-0.31821297185521125,-0.6024007552493336,0.013488926665823915,-3.141574448397717,-9.181239888165825e-06,-1.1383784590877155
6.08,-0.3182130767769227,-0.6024007190205558,0.01348902143125696,-3.1415694544066537,-1.5034695341718719e-05,-1.1383783213182017
6.1,-0.3182130342847833,-0.6024007405451179,0.013489133637089114,-3.1415715837983735,-1.2243665533741734e-05,-1.1383783205870677
6.12,-0.3182129935820771,-0.6024007587968502,0.013489229207984893,-3.141573694453568,-9.728324006655314e-06,-1.1383783198562107
6.14,-0.3182130937297079,-0.6024007182967569,0.013489277539372103,-3.1415691541344732,-1.5720848150210676e-05,-1.1383781820835104
6.16,-0.31821301714037364,-0.602400724940258,0.01348927837710985,-3.1415740388173274,-1.2872142670488973e-05,-1.1383781812784377
6.18,-0.3182129751403983,-0.6024007454731898,0.013489362430967468,-3.14157616589792,-1.0163104630237716e-05,-1.1383781805535953
6.2,-0.3182129381555184,-0.6024007621128376,0.013489431285414974,-3.1415780765161196,-7.871610106205663e-06,-1.138378179841996
6.22,-0.31821295184202564,-0.602400720152321,0.013489473307413716,-3.1415765411981655,-1.2304435234456588e-05,-1.138378753961261
6.24,-0.31821295950166306,-0.6024006800174011,0.013489502189659225,-3.141575354706747,-1.642735270095364e-05,-1.1383793280212668
6.26,-0.31777644692460144,-0.6034817153173406,0.01127823328683053,-3.1373856134543168,0.08625822250152575,-1.1381961790954722
6.28,-0.3178088568391151,-0.6033628343236512,0.011429911961402712,-3.137748006021452,0.07905819607260596,-1.1382063046757016
6.3,-0.31783399997940387,-0.603294666879328,0.011594028204997853,-3.1380721503133593,0.07266449372124235,-1.1381962357265114
6.32,-0.3178575782657297,-0.6032317589041033,0.011748213811917475,-3.138355588660142,0.0668460119543223,-1.1381878995960575
6.34,-0.31787535110059884,-0.6031711185103525,0.011889805927622085,-3.138638264018272,0.061313299046840165,-1.138250810666882
6.36,-0.31789804129899546,-0.6030970175187307,0.012019872050419525,-3.138865187728944,0.056476734937159045,-1.1382525201304832
6.38,-0.3179190918978545,-0.6030296099542051,0.012139219249753318,-3.139075997306391,0.05201240786876541,-1.138253535127914
6.4,-0.3179385986949259,-0.6029682501564609,0.012248723594138804,-3.139272359875106,0.047893177035007596,-1.1382540647862596
6.42,-0.3179566574943767,-0.6029121673811118,0.012348518086913955,-3.1394600592591098,0.044082302336235515,-1.138254299763984
6.44,-0.31797333935368893,-0.6028610519047295,0.012440213215413389,-3.139632823782066,0.04056782396933028,-1.1382551117490152
6.46,-0.3179885845017118,-0.6028138427687458,0.012524226410077959,-3.1397757984369736,0.037324018985898884,-1.138260047610835
6.48,-0.31800255772739827,-0.6027708140854378,0.012601648352173183,-3.1399146579920783,0.03434048532277782,-1.1382649119522223
6.5,-0.3180158951040082,-0.6027322377758602,0.01267282084432102,-3.1400446928256978,0.03159713732226898,-1.1382642822693945
6.52,-0.31802822185322077,-0.6026970435355219,0.012738282211942065,-3.140163739085976,0.029071833791819636,-1.138263672073364
6.54,-0.318039604350944,-0.6026649115918808,0.012798478164088427,-3.1402732523054526,0.02674729524952068,-1.1382630996557634
6.56,-0.3180501100944636,-0.602635560520104,0.012853834483538116,-3.140374083890846,0.024607794384648975,-1.1382625728206035
6.58,-0.3180598026806538,-0.6026087366896069,0.012904742457903625,-3.1404669900762494,0.02263878528370569,-1.1382620948953701
6.6,-0.3180687418271445,-0.6025842112934708,0.01295156158535217,-3.140552646963502,0.02082682543161458,-1.1382616662114482
6.62,-0.3180769834628961,-0.6025617777175795,0.012994622152759209,-3.1406316616930825,0.01915950023830854,-1.1382612851578302
6.64,-0.31808457984602356,-0.6025412492227261,0.013034227586180785,-3.140704581548316,0.01762535206857581,-1.1382609489313955
6.66,-0.31809157971122637,-0.602522456872215,0.013070656641507951,-3.140771901623075,0.01621381166353091,-1.1382606540651845
6.68,-0.3180980284316789,-0.6025052476943358,0.013104165417208246,-3.140834071192864,0.014915133508165646,-1.1382603967930645
6.7,-0.318103968190068,-0.6024894830490434,0.013134989206112297,-3.140891499080483,0.01372033494805655,-1.1382601732953792
6.72,-0.3181094381539509,-0.6024750371751904,0.013163344197792368,-3.1409445581997892,0.012621139066183869,-1.138259979859178
6.74,-0.31811447465170634,-0.6024617958974364,0.013189429042517142,-3.1409935894293217,0.011609921260338609,-1.1382598129777206
6.76,-0.31811911134626525,-0.6024496554742164,0.013213426287302571,-3.1410389049369147,0.01067965941483735,-1.1382596694067322
6.78,-0.31812337940463176,-0.6024385215703536,0.01323550369402699,-3.141080791052293,0.009823887527854843,-1.1382595461911345
6.8,-0.3181273076617261,-0.6024283083398801,0.013255815448985008,-3.1411195107653813,0.009036652634529551,-1.138259440671602
6.82,-0.3181309227775541,-0.6024189376062983,0.013274503272637498,-3.141155305912827,0.008312474853553775,-1.1382593504777831
6.84,-0.31813424938707885,-0.6024103381290925,0.013291697437700279,-3.1411883991031715,0.007646310378803991,-1.1382592735133727
6.86,-0.3181373101593605,-0.6024024448254175,0.013307517378264407,-3.141219004511172,0.007033511814326601,-1.138259207950116
6.88,-0.3181401261040133,-0.6023951984319343,0.01332207321786238,-3.1412473106145304,0.006469807723978209,-1.1382591521737042
6.9,-0.31814271663468807,-0.602388544883526,0.013335466311952059,-3.1412734883655924,0.005951269323214354,-1.1382591047762627
6.92,-0.3181450996530555,-0.6023824347866275,0.013347789833038248,-3.1412976962173396,0.005474281214667204,-1.1382590645397768
6.94,-0.31814729166212435,-0.6023768229939083,0.013359129440225444,-3.1413200810060125,0.005035516614067141,-1.1382590304136164
6.96,-0.3181493078718023,-0.6023716682205724,0.013369563892604588,-3.141340778777183,0.004631914485548633,-1.1382590014939336
6.98,-0.31815116229709506,-0.6023669326978498,0.01337916561139543,-3.141359915557654,0.0042606584500074806,-1.1382589770049236
7.0,-0.3181528678493637,-0.6023625818597677,0.01338800119530373,-3.1413776080757807,0.0039191573374651335,-1.138258956282073
7.02,-0.3181544364210346,-0.6023585840597311,0.013396131893138203,-3.1413939644329085,0.0036050272618843317,-1.1382589387572122
7.04,-0.31815587896416647,-0.6023549103138272,0.01340361403735985,-3.1414090847286684,0.0033160751043985817,-1.138258923945334
7.06,-0.3181572055632589,-0.602351534068126,0.013410499441901653,-3.1414230616428322,0.003050283298305097,-1.138258911433036
7.08,-0.3181584255026719,-0.6023484309875405,0.013416835767294919,-3.1414359809763948,0.002805795816365484,-1.138258900868392
7.1,-0.31815954732901874,-0.6023455787640909,0.013422666855866865,-3.141447922154452,0.002580905267854283,-1.1382588919521786
7.12,-0.31816057890886734,-0.6023429569426432,0.013428033039528409,-3.141458958693353,0.002374041019382969,-1.1382588844302426
7.14,-0.3181615274820778,-0.6023405467624076,0.013432971422449124,-3.1414691586344827,0.0021837582597658213,-1.1382588780869212
7.16,-0.31816239971108073,-0.6023383310126632,0.01343751614071537,-3.1414785849469182,0.0020087279350757092,-1.1382588727393768
7.18,-0.31816320172638435,-0.6023362939013398,0.013441698600885397,-3.141487295901076,0.0018477274855589663,-1.1382588682327188
7.2,-0.31816393916858343,-0.6023344209352315,0.01344554769919014,-3.1414953454153514,0.0016996323212424538,-1.1382588644358291
7.22,-0.3181646172271237,-0.6023326988107421,0.013449090022978448,-3.141502783377626,0.0015634079778776779,-1.1382588612377864
7.24,-0.31816523997718,-0.6023311148670132,0.01345234868139903,-3.141509688087912,0.0014380874114741328,-1.1382588643773484
7.26,-0.31816580587795273,-0.6023296560306335,0.013455346821185687,-3.141516442640779,0.00132282584162448,-1.1382588974572077
7.28,-0.3181662807796209,-0.6023282971965113,0.013458167359210117,-3.141524906834936,0.0012167361149248773,-1.1382592007571346
7.3,-0.31816671546173997,-0.6023270468341584,0.013460762293799241,-3.141532726121291,0.0011191238405222467,-1.138259509016813
7.32,-0.3181671131615457,-0.6023258962232492,0.01346314968530905,-3.14153994924538,0.0010293118774425427,-1.1382598217741027
7.34,-0.3181674768548051,-0.602324837346462,0.013465346141665752,-3.141546621394014,0.0009466769796313705,-1.1382601386328803
7.36,-0.3181678092785051,-0.6023238628351174,0.013467366940443131,-3.1415527843532085,0.0008706456880351237,-1.1382604592326102
7.38,-0.3181681129499045,-0.602322965916046,0.01346922613564154,-3.1415584767617792,0.0008006903550197226,-1.1382607832450313
7.4,-0.3181683901840832,-0.6023221403629062,0.013470936655862503,-3.1415637343463163,0.0007363254859313189,-1.13826111037118
7.42,-0.3181686638658325,-0.6023213768802492,0.013472457650863195,-3.1415672914493764,0.0006762174261777824,-1.1382614431785927
7.44,-0.3181689150334503,-0.6023206735236932,0.013473852293146085,-3.1415704805207705,0.000620826365176864,-1.1382617817208684
7.46,-0.31816914382466427,-0.6023200257560791,0.01347513490622929,-3.1415734333729435,0.0005698462628678771,-1.1382621255411272
7.48,-0.31816935203584923,-0.6023194291394495,0.01347631449165312,-3.141576167406631,0.0005229258628818785,-1.1382624742093175
7.5,-0.31816954131936587,-0.6023188795914648,0.013477399326981504,-3.1415786987485075,0.00047974187349660035,-1.1382628273320023
7.52,-0.3181697131950936,-0.6023183733567864,0.013478397024413972,-3.141581042343793,0.0004399967479422325,-1.1382631845483147
7.54,-0.31816986906101685,-0.6023179069807049,0.013479314584342454,-3.1415832120427303,0.0004034166346956563,-1.138263545527162
7.56,-0.3181700102029794,-0.6023174772849202,0.01348015844456409,-3.141585220680183,0.00036974949052756307,-1.1382639099646905
7.58,-0.3181701378036612,-0.6023170813452969,0.013480934525528945,-3.1415870801495087,0.0003387633437954116,-1.1382642775819753
7.6,-0.3181702520677401,-0.6023167153776535,0.013481648466512076,-3.141588847489847,0.0003101882157384263,-1.1382646576372106
7.62,-0.31817035408336153,-0.6023163768788579,0.013482304934305937,-3.1415905242721496,0.0002838222126387249,-1.1382650506233125
7.64,-0.31817044486072515,-0.6023160637362971,0.0134829085036712,-3.141592112596871,0.00025949360795748526,-1.13826545555874
7.66,-0.3181705253065848,-0.6023157740035372,0.013483463436149937,3.141591691120978,0.00023704488666970785,-1.1382658715359553
7.68,-0.3181705904419448,-0.6023155009429594,0.01348397102228997,3.1415901415964065,0.00021608000960190524,-1.1382663810751752
7.7,-0.31817064645049,-0.6023152481858841,0.013484438692884342,3.141588654260621,0.00019675124812485852,-1.1382669000894248
7.72,-0.31817069447031615,-0.6023150141127224,0.013484868665639716,3.1415872519816608,0.0001789154932598479,-1.1382674278511227
7.74,-0.31817073514574695,-0.6023147972900794,0.01348526397836442,3.141585930518764,0.00016245735361783672,-1.1382679637031121
7.76,-0.3181707690697147,-0.602314596395036,0.013485627423972375,3.141584685807039,0.00014727036879560974,-1.138268507034877
7.78,-0.3181707967870109,-0.6023144102061275,0.013485961570563464,3.1415835139019057,0.00013325630773355915,-1.138269057282889
7.8,-0.3181708187989096,-0.6023142375959571,0.013486268779240553,3.1415824110314112,0.00012032454123464805,-1.138269613923901
7.82,-0.3181708355658701,-0.6023140775234559,0.013486551221005099,3.141581373544123,0.00010839144136802493,-1.1382701764756482
7.84,-0.3181708934217058,-0.6023138852752115,0.013486972941892151,3.141574260488733,9.633958183282591e-05,-1.1382713360197267
7.86,-0.31817099733585896,-0.6023136990538719,0.013487238926064245,3.141570760752934,8.322372315610386e-05,-1.1382723999404318
7.88,-0.31817109916795366,-0.6023135271751436,0.01348748250955941,3.1415675692719938,7.113785198380755e-05,-1.1382734627985132
7.9,-0.3181711990535924,-0.6023133621699954,0.013487768409272266,3.1415659062900203,5.775735869370679e-05,-1.1382740417188175
7.92,-0.31817128508363823,-0.6023132106545313,0.013488061112172217,3.1415637302307347,4.57149761025991e-05,-1.138274620616642
7.94,-0.3181713667427945,-0.6023129677056827,0.013488681807512162,3.141558443364127,2.9100087847949014e-05,-1.1382754911241644
7.96,-0.3181714963126813,-0.6023126021506707,0.013489550818796228,3.1415534101176323,2.7968736828518842e-06,-1.13827631151687
7.98,-0.3181716960217744,-0.6023126348701142,0.013489051338940747,3.1415668921279667,-2.57012363123596e-06,-1.1382760662158204
8.0,-0.3181717431862048,-0.6023126520808011,0.013489028698107716,3.141570216608652,-3.30110172460709e-06,-1.138276001805358
8.02,-0.31817175903680905,-0.6023126728834752,0.013489077135474432,3.1415715466303613,-2.818481592557013e-06,-1.1382759373779894
8.04,-0.31817177356301507,-0.6023126926485979,0.013489122293910506,3.141572755366659,-2.3645262505681585e-06,-1.1382758729520268
8.06,-0.318171787107674,-0.6023127114216913,0.013489163844108922,3.1415738672903126,-1.9468147490670687e-06,-1.138275808527857
8.08,-0.3181717997510927,-0.6023127292818367,0.013489202070287315,3.1415748902574903,-1.5625216014742736e-06,-1.1382757441052471
8.1,-0.31817180387671884,-0.602312818821318,0.013489314842070336,3.141575152507288,3.2861945976055987e-06,-1.138275125808858
8.12,-0.3181718603392539,-0.6023129432739102,0.01348961831179952,3.1415808634565625,9.88688720812379e-06,-1.1382746705739673
8.14,-0.31817186539718445,-0.6023125660791857,0.013490762508893262,3.141567109369782,-1.3347473852103886e-05,-1.1382754860201598
8.16,-0.3181719788049151,-0.6023122867492171,0.013491271338727183,3.1415636580010373,-3.3339539016202366e-05,-1.1382763091558017
8.18,-0.3181721795425813,-0.6023126473248143,0.01348972754785288,3.1415884227209885,-1.369047046508679e-05,-1.1382764300218693
8.2,-0.31817207546175524,-0.6023127220078217,0.013489493575780899,3.1415829633378354,-6.245584764970421e-06,-1.1382763484667415
8.22,-0.31817205516589514,-0.6023128105766588,0.013489697091419572,3.1415845022359896,8.913485831168591e-07,-1.138276280630503
8.24,-0.31817208455341867,-0.602312903087884,0.013489915844584706,3.1415878946321403,6.136258759616186e-06,-1.1382759409099543
8.26,-0.318172215311513,-0.602312926136781,0.013489760853999822,-3.1415881991331243,2.831451551019915e-06,-1.1382760573131248
8.28,-0.3181724901347785,-0.6023129377683575,0.013489461870211937,-3.1415689637459745,-4.717531455958398e-06,-1.1382761641166923
8.3,-0.318172376740404,-0.6023128429098531,0.0134894820502314,-3.1415791315582338,-6.1284864096800565e-06,-1.138275913988633
8.32,-0.31817212707578935,-0.6023126571681124,0.013489877843252701,3.1415849096409594,-6.826042503231128e-06,-1.1382752661188744
8.34,-0.31817199869165197,-0.6023126515580529,0.013489689664999003,3.141577477004514,-3.3567641896096585e-06,-1.1382754627921243
8.36,-0.31817205642422997,-0.6023126592808812,0.013489568889524626,3.141581616769997,-4.538587581948877e-06,-1.138275445170797
8.38,-0.31817188775710176,-0.6023126937194946,0.013489787808479172,3.141571613360623,3.981657699607211e-06,-1.1382753196564095
8.4,-0.3181720279644516,-0.6023127078859961,0.013489579085970102,3.141581490674644,6.451958643565817e-07,-1.1382753058245538
8.42,-0.3181720654508125,-0.6023127088050675,0.013489497768256628,3.141584052111166,-3.7516985322720593e-07,-1.1382752885041183
8.44,-0.3181720767641149,-0.6023127067195273,0.013489454691134379,3.1415847600694846,-7.849584060425929e-07,-1.1382752711863569
8.46,-0.31817207570132916,-0.6023127010770479,0.013489423968946757,3.1415845297195726,-1.045703020288393e-06,-1.1382752546699444
8.48,-0.31817207428883304,-0.6023126951070825,0.01348939048324673,3.1415842667197893,-1.3120343766112741e-06,-1.1382752370638731
8.5,-0.3181720730137392,-0.6023126895173029,0.013489359676312821,3.141584024764939,-1.5570633233396908e-06,-1.1382752194577312
8.52,-0.3181720718650654,-0.6023126842773079,0.01348933133394005,3.14158380217251,-1.782493529079508e-06,-1.1382752018515365
8.54,-0.3181720708326908,-0.602312679359115,0.013489305258962829,3.1415835973930344,-1.9898926147969385e-06,-1.1382751842452852
8.56,-0.3181720699073046,-0.6023126747369805,0.013489281269988872,3.1415834090010386,-2.1807028136903883e-06,-1.1382751666389732
8.58,-0.3181720690803416,-0.6023126703872198,0.013489259200137304,3.141583235685122,-2.3562510009909726e-06,-1.1382751490325989
8.6,-0.3181720683439222,-0.6023126662880435,0.01348923889587775,3.1415830762388293,-2.5177579209682807e-06,-1.138275131426162
8.62,-0.31817206769079764,-0.602312662419405,0.013489220215962312,3.1415829295522495,-2.6663466753854807e-06,-1.1382751138196618
8.64,-0.31817206711429946,-0.6023126587628614,0.013489203030442957,3.141582794604292,-2.803050533954873e-06,-1.1382750962130996
8.66,-0.3181720666082931,-0.6023126553014457,0.013489187219767523,3.1415826704555805,-2.9288201194518294e-06,-1.1382750786064764
8.68,-0.31817206616713517,-0.6023126520195478,0.013489172673948056,3.1415825562419095,-3.0445300184146125e-06,-1.1382750609997938
8.7,-0.3181719658265251,-0.602312683173337,0.013489447574348069,3.1415771624910733,2.2982011342053385e-06,-1.1382750719175043
8.72,-0.31817190557520375,-0.6023126874161469,0.013489923533790046,3.1415725064335525,3.904259518755722e-06,-1.13827500946535
8.74,-0.3181719467003976,-0.6023126729023099,0.01349010474620382,3.141574085199814,1.1010621879121997e-06,-1.1382749469226807
8.76,-0.3181718909478471,-0.6023127117164182,0.013490177736044084,3.1415719814903835,5.602187435785634e-06,-1.1382749349076848
8.78,-0.31817197340837067,-0.6023126877498256,0.01349023149580703,3.1415760467615335,8.800651065812423e-07,-1.1382748723397151
8.8,-0.3181719097069586,-0.6023127455180918,0.013490255807747029,3.141573996863023,6.902665276592031e-06,-1.1382748603236827
8.82,-0.31817199712803984,-0.602312667053964,0.013490447335287564,3.1415771582044405,-1.3563851582800816e-06,-1.1382748406949006
8.84,-0.3181719255379062,-0.6023127737287898,0.013490333844590528,3.1415760957260903,8.200053457446433e-06,-1.1382748286538975
8.86,-0.31817201041756416,-0.6023126932552209,0.013490521947216425,3.141579023851341,-1.1515992379816339e-07,-1.1382748090394148
8.88,-0.3181719375174588,-0.6023127978943711,0.013490402550152807,3.1415778099976417,9.344988198730265e-06,-1.1382747969984222
8.9,-0.3181722416983438,-0.6023121802278655,0.01349113912280663,3.1415780719270296,-3.9675970887594654e-05,-1.1382753814608328
8.92,-0.3188337310441424,-0.6024718876662501,0.012899786290686194,-3.0921606832537005,-0.00983461619661932,-1.138517332960393
8.94,-0.31876663699723484,-0.6024598326576566,0.012936289251041995,-3.0962842402116952,-0.009004494553907519,-1.1384860239511274
8.96,-0.31870881417461827,-0.6024490588431005,0.012981261434708975,-3.0998954532483918,-0.008287487148227654,-1.1384608553408595
8.98,-0.3186562762039261,-0.6024390790884214,0.013022595984670373,-3.103220088644202,-0.007627205399684806,-1.1384393540994573
9.0,-0.31860849304237476,-0.6024298381114497,0.013060543882521595,-3.106281197615128,-0.007019149527726971,-1.1384209995284977
9.02,-0.3185650031953449,-0.6024212861412654,0.013095384329373811,-3.1090993310079305,-0.0064592715929436065,-1.1384053444288027
9.04,-0.3185253936975853,-0.602413375939586,0.013127373906786324,-3.111693508418823,-0.005943819457822297,-1.1383920018782607
9.06,-0.3184892946267449,-0.6024060628117361,0.013156748101596165,-3.114081318689791,-0.005469318972985384,-1.1383806379317614
9.08,-0.31845628364647294,-0.6023992482241345,0.013183438382350643,-3.1162867029529533,-0.00503555027129978,-1.1383714451745996
9.1,-0.31842618877633294,-0.602392971495251,0.013208068558321826,-3.118314253453437,-0.0046359945252718495,-1.1383636774265022
9.12,-0.3183987102692327,-0.6023871727633037,0.013230676178254063,-3.12018041775198,-0.00426850875359594,-1.138357129541795
9.14,-0.31837360764784894,-0.6023818182175861,0.013251431128926237,-3.1218979217386655,-0.003930501318723223,-1.1383516202355843
9.16,-0.3183506623382038,-0.6023768773960747,0.013270482287828959,-3.123478590388423,-0.003619449222832783,-1.1383469930602268
9.18,-0.3183296791564961,-0.6023723201706437,0.013287971882391881,-3.124933256257245,-0.0033331831670687655,-1.1383431164073734
9.2,-0.3183104822645542,-0.6023681180210428,0.013304031120300269,-3.1262718947242267,-0.0030697400987447702,-1.1383398782880123
9.22,-0.3182929126563145,-0.6023642443539653,0.013318779654441792,-3.1275037064160554,-0.0028273098139205786,-1.1383371831129456
9.24,-0.31827682641730737,-0.6023606744074383,0.013332326687643246,-3.128637174114176,-0.0026042236349527303,-1.1383349493637405
9.26,-0.3182620931767198,-0.6023573851531526,0.013344771958104394,-3.1296801161964236,-0.002398943794470066,-1.1383331075763348
9.28,-0.3182485947300535,-0.6023543551984556,0.013356206620109284,-3.1306397366681753,-0.0022100535163875478,-1.1383315986002593
9.3,-0.3182362238128552,-0.6023515646894066,0.013366714032957772,-3.131522671869625,-0.0020362477709222433,-1.1383303720992617
9.32,-0.31822488300819074,-0.6023489952159553,0.013376370469209052,-3.1323350339786438,-0.0018763246754380535,-1.1383293852622822
9.34,-0.31821448377243505,-0.6023466297200184,0.013385245751772436,-3.1330824514503544,-0.0017291775097005096,-1.1383286016972154
9.36,-0.3182049455657561,-0.6023444524070111,0.013393403828068444,-3.133770106548069,-0.0015937873122844916,-1.1383279904829604
9.38,-0.31819619507524616,-0.6023424486612127,0.01340090328837502,-3.1344027701273216,-0.001469216024122187,-1.138327525358109
9.4,-0.31818816552008605,-0.6023406049652006,0.013407797834535735,-3.1349848338371267,-0.0013546001451970578,-1.1383271840274185
9.42,-0.3181807960293744,-0.6023389088234763,0.013414136704409885,-3.135520339901504,-0.0012491448709999618,-1.1383269475695945
9.44,-0.31817403108438547,-0.6023373486903263,0.013419965056765732,-3.1360130086407185,-0.0011521186763734151,-1.1383267999319804
9.46,-0.31816782001800153,-0.6023359139018836,0.013425324320738855,-3.1364662638863567,-0.0010628483156495557,-1.1383267274998394
9.48,-0.3181619437911745,-0.6023344714060971,0.013429637123785632,-3.136899510046962,-0.0009873522707320055,-1.1383275857446424
9.5,-0.3181565469204565,-0.6023331493565816,0.013433603330961993,-3.137298075936244,-0.0009178930270041079,-1.1383284916481626
9.52,-0.31815158968160073,-0.6023319383109368,0.013437251465383705,-3.137664723605811,-0.0008539828782426699,-1.138329437113286
9.54,-0.3181470356137276,-0.6023308294583893,0.013440607204544663,-3.1380020079269086,-0.0007951786620832471,-1.1383304158942074
9.56,-0.31814285136664794,-0.6023298146800039,0.013443694125874638,-3.138312279537118,-0.000741072576531223,-1.1383314227114398
9.58,-0.3181390064229038,-0.6023288864956436,0.013446533883143357,-3.1385977011005632,-0.000691289362273478,-1.138332453103958
9.6,-0.31813547284632104,-0.6023280380147136,0.013449146366982658,-3.138860262295944,-0.000645483712009006,-1.1383335033041018
9.62,-0.31813222505441124,-0.6023272628905366,0.01345154985144352,-3.139101793618954,-0.0006033378846245997,-1.1383345701313687
9.64,-0.318129239612159,-0.6023265552781218,0.013453761127894145,-3.139323979090811,-0.0005645595083244441,-1.138335650902295
9.66,-0.31812649504501006,-0.6023259097950973,0.013455795627428017,-3.1395283679579884,-0.0005288795579939901,-1.138336743353989
9.68,-0.31812397166911527,-0.6023253214855886,0.01345766753283165,-3.1397163854619436,-0.0004960504931675716,-1.1383378455793083
9.7,-0.318121651437107,-0.602324785786838,0.013459389881055559,-3.1398893427517933,-0.000465844543993588,-1.138338955971909
9.72,-0.3181195177978702,-0.6023242984983691,0.01346097465703806,-3.1400484460073828,-0.0004380521335504786,-1.1383400731796751
9.74,-0.31811755556893995,-0.6023238557535143,0.013462432879649287,-3.140194804835023,-0.0004124804257524095,-1.1383411960652827
9.76,-0.31811575082030175,-0.6023234539931333,0.013463774680448078,-3.1403294399934176,-0.0003889519889195503,-1.1383423236727979
9.78,-0.3181141816416234,-0.602323167715384,0.01346539875547009,-3.140444358984097,-0.0003624577001660963,-1.1383429689942568
9.8,-0.3181127387161854,-0.6023229075349061,0.013466893012562833,-3.1405500754122593,-0.0003380813255105284,-1.138343615161887
9.82,-0.31811141179226066,-0.6023226713341232,0.013468267744730483,-3.1406473290071277,-0.0003156545178785639,-1.1383442621514577
9.84,-0.31811019148860986,-0.6023224571878663,0.0134695325241327,-3.1407367972040103,-0.00029502136040264064,-1.1383449098181793
9.86,-0.31810906918960563,-0.6023222633257844,0.013470696154600045,-3.1408191032164128,-0.0002760384044397423,-1.1383455580408786
9.88,-0.31810803698169127,-0.60232208811985,0.01347176673354643,-3.140894820375607,-0.00025857367304985885,-1.1383462067183183
9.9,-0.31810708759527956,-0.6023219300728854,0.013472751708885218,-3.1409644761221323,-0.0002425057437346611,-1.1383468557660401
9.92,-0.3181062143515954,-0.602321787808019,0.013473657931323008,-3.1410285556781314,-0.00022772290449332843,-1.1383475051136929
9.94,-0.3181054111140179,-0.6023216600589951,0.013474491702412572,-3.141087505425983,-0.00021412237733622183,-1.138348154702784
9.96,-0.3181046722435275,-0.6023215456612668,0.013475258818713334,-3.141141736016697,-0.00020160960387179746,-1.1383488044847787
9.98,-0.31810399255789584,-0.6023214435438103,0.01347596461237889,-3.1411916252296557,-0.00019009758800772494,-1.1383494544194974
10.0,-0.3181033672942926,-0.6023213527215994,0.013476613988463957,-3.1412375206035565,-0.00017950629120391296,-1.1383501044737603
