0.02,3.5,3.5,3.000012411416813,0.00275421757138669,-0.0005167787584049132,-0.0021181703375267947
0.04,3.5,3.5,3.0001944163886307,0.005783012753954508,-0.0021336894410651235,-0.00569885928252689
0.06,3.4999978713154594,3.499988786063725,3.0005294421737685,0.011546248543453354,-0.0025544506438154625,-0.010740034142117967
0.08,3.499986888976162,3.499953994689736,3.0010313944981006,0.01724835911338452,-0.004468253336038045,-0.017252912826994513
0.1,3.499964991535778,3.4998722503327726,3.001691652426713,0.024491786152703178,-0.006199908652904501,-0.02527051768174813
0.12,3.499923655517636,3.499720465013142,3.0025144242887865,0.03257648310781731,-0.008302755973229973,-0.034829340815919846
0.14,3.4998545212496985,3.499469459831724,3.0034993488519484,0.04156539935607158,-0.010598317135617463,-0.04595188883427087
0.16,3.499746956090001,3.4990869505278392,3.0046438098140347,0.05134647735838362,-0.01309024536646681,-0.058682270072771194
0.18,3.4995884941180613,3.498537250495137,3.00594697577624,0.06183093810172945,-0.015754612561272016,-0.07303662633301147
0.2,3.4993646063455492,3.4977819953396168,3.0074055372309716,0.07290638224899426,-0.018583338349652548,-0.08904935182818167
0.22,3.499058490954155,3.4967805114139416,3.0090166293945484,0.0844499576721355,-0.0215602409898223,-0.10674524462535902
0.24,3.4986508628800226,3.495490509539198,3.0107762245695415,0.09640267452391127,-0.024622350647942666,-0.1261351945880226
0.26,3.4981196132753647,3.493868345105351,3.0126843816629396,0.10879467061635437,-0.02778028970087125,-0.14712690438902773
0.28,3.497439900737529,3.4918697398351934,3.014740210034673,0.12169708072277019,-0.031024109967252047,-0.16962392435103274
0.3,3.496583894788812,3.4894499913129606,3.016940694452349,0.13517157971494304,-0.034367779456863055,-0.1935379058622416
0.32,3.4955204432944202,3.48656368732512,3.0192828934564653,0.14925573603538894,-0.03786280830093664,-0.21875802613559348
0.34,3.494214777345642,3.4831648403805002,3.0217626260613297,0.16398771573771917,-0.041570664124692853,-0.24518110084266725
0.36,3.4926281949116866,3.4792073440024867,3.0243723513863388,0.17942602195768736,-0.045587178034419,-0.27270134504882143
0.38,3.4907173315916014,3.4746446889652804,3.027104938150177,0.19562496922834338,-0.049934852630102854,-0.3012007071727314
0.4,3.4884338229874112,3.469430717627637,3.0299499137692663,0.21261180102607988,-0.054594835477457644,-0.3305492657657703
0.42,3.485724254079536,3.463520179132724,3.032891774930518,0.23036049045920898,-0.05924772278896932,-0.36064158582957834
0.44,3.4825301349174618,3.4568689554156875,3.0359108651379847,0.24864028670039137,-0.06339763817029498,-0.3913007278592919
0.46,3.4787890495495337,3.4494340308161915,3.0389843467685878,0.2671501906255903,-0.06670834677666812,-0.4223812131206653
0.48,3.4744371853117193,3.4411743361872453,3.0420845125766776,0.2855940644089224,-0.06881610053653553,-0.45370834958810247
0.5,3.469410096867051,3.4320501105291674,3.0451853669109763,0.3036814885241172,-0.06952800054527976,-0.48512587086862163
0.52,3.4636450802818417,3.4220239671821204,3.048259379510229,0.3210222183243944,-0.06882897542623158,-0.5165791587295141
0.54,3.457082407866225,3.4110612339645434,3.0512780820559273,0.3372605810310664,-0.06674309257071132,-0.548016613693687
0.56,3.4496657627414793,3.399130494622469,3.0542142314267893,0.3521489215286711,-0.06324362147814314,-0.57929621493234
0.58,3.441343398982991,3.3862049006918955,3.057040211191762,0.3653498123424269,-0.058491597850388204,-0.6103235992801771
0.6,3.432068785601117,3.3722620434471433,3.0597294872089433,0.3765035338079637,-0.05284332017606259,-0.6410120344340422
0.62,3.4218006910829293,3.3572842786651194,3.0622586096254465,0.3852608417536598,-0.04668187927492841,-0.671361228345423
0.64,3.4105030209687914,3.3412596713536535,3.0646084577500843,0.3915748645353108,-0.040262481489565495,-0.7012403402093106
0.66,3.3981460121742293,3.324184385863591,3.066760826503214,0.3955445785263831,-0.033716467160672565,-0.7304633028876075
0.68,3.384706158506509,3.306062390515566,3.0686993650988663,0.3973882146317187,-0.027281990410367576,-0.758844328133149
0.7,3.370165626525245,3.2869038577985297,3.0704121401578557,0.3974403873260119,-0.02124404088548261,-0.7861475669640791
0.72,3.3545130204926843,3.2667254750748755,3.071887328245014,0.396129179482013,-0.015940478638784856,-0.8121256871103806
0.74,3.337740809564172,3.245547904768965,3.0731182272412756,0.3938437953989975,-0.011554320859542428,-0.8363997534875621
0.76,3.31984584844496,3.223396596190683,3.0740966179434897,0.3907937600911859,-0.00809101422161835,-0.8586050292759424
0.78,3.300827818198986,3.200299934738104,3.0748146124496865,0.38720735380822235,-0.005523160045387328,-0.8784827002676515
0.8,3.280688638406819,3.1762877382435843,3.0752661124773213,0.383295112778069,-0.003802275885203339,-0.8958262913855394
0.82,3.2594328674872557,3.1513908178032457,3.075444481634586,0.3792853512040463,-0.0027729147754304647,-0.9104814043874719
0.84,3.2370672373382057,3.1256399537449626,3.075342792496429,0.3753836945966991,-0.0022145663465399893,-0.9223475823882389
0.86,3.213600466570397,3.0990648251504833,3.0749533420281767,0.3717944145355624,-0.0018425137837839787,-0.9313826556445771
0.88,3.1890438623473445,3.071693428465064,3.074264964199918,0.3687982600856533,-0.0013122741302068555,-0.9375879627397629
0.9,3.1634107088026595,3.043550445450712,3.073264304649782,0.366595952371011,-0.00011811931561023326,-0.9410470291193933
0.92,3.136718873431257,3.014657844573092,3.07192623764018,0.3652866642056457,0.0027284077519997706,-0.9420682679413587
0.94,3.1089612424062594,2.985011514160351,3.070309487952178,0.35859812783665695,0.006369040747860595,-0.9426611140960279
0.96,3.0801558208807998,2.9546139908263425,3.068400566353435,0.34876277348881884,0.01132139303668867,-0.9429034118249153
0.98,3.050337351929337,2.9234757047051123,3.066196741307366,0.3355428302216851,0.01755077840506536,-0.9429529799013472
1.0,3.0195527193944245,2.891609417942996,3.0636993668972754,0.3193587102785639,0.02472805403865985,-0.9428181627828573
1.02,2.987862567009158,2.859031873413856,3.0609095370489636,0.30081944108641245,0.03256291754592131,-0.9424334347320112
1.04,2.955337446206469,2.825762364702075,3.0578336142546587,0.28063499987031654,0.04083601983189173,-0.9416998248027358
1.06,2.9220558473534552,2.7918225119020397,3.054480804045669,0.25951910926227373,0.0493329770187935,-0.9405077309902524
1.08,2.888101503177547,2.7572351371751727,3.0508631510554727,0.2381743775268525,0.057871667581831494,-0.9387512147452975
1.1,2.853560801489371,2.7220232188530247,3.046995645984348,0.2172675136523197,0.06638246079995296,-0.9363220687722711
1.12,2.8185206115876085,2.6862091345777137,3.0428950906138033,0.19742742469914454,0.0747818893273232,-0.9331734144392697
1.14,2.7830661318065446,2.649813309508479,3.038581104600247,0.17918218564324945,0.08298162714458322,-0.9292472149325308
1.16,2.7472792564252955,2.612853609501832,3.034074216792107,0.16283887419995877,0.09081164488667122,-0.924502042697258
1.18,2.7112383954668795,2.5753472967345057,3.029380449611043,0.1483577533039532,0.09790093253390084,-0.9191714706261447
1.2,2.675015158686688,2.5373080276175575,3.0245077589399103,0.13566365139307032,0.10387938703845417,-0.9133710655906785
1.22,2.6386736443312526,2.4987470652382795,3.0194674813924633,0.12460297824995936,0.10828867334090866,-0.9071621147421
1.24,2.6022697105867696,2.45967366113114,3.0142805276533102,0.11475581631048111,0.1105808255532272,-0.9003369044819975
1.26,2.565851142793154,2.420099027508683,3.008964385086073,0.10548091265225962,0.11017663400034272,-0.8926790113880803
1.28,2.5294576645673383,2.380039794665376,3.003527599803563,0.09610115267452529,0.10681590524198643,-0.8838392321541313
1.3,2.4931212481383804,2.3395215330827543,2.9979670016338558,0.08595567777349954,0.10056945214173559,-0.8734232383797897
1.32,2.4568670987549646,2.2985783836845055,2.9922842804620546,0.0747836564670022,0.09159429283281467,-0.8611730841448301
1.34,2.4207157090246754,2.2572553869651846,2.9864787761246894,0.06230229323957135,0.07988333168602348,-0.8469682787768588
1.36,2.384683539040116,2.2156082448307832,2.9805488314886426,0.048277967441652234,0.06537190341596821,-0.8307644406446236
1.38,2.3487831564035657,2.1737036397498137,2.974493362103926,0.032562451874619286,0.04805507447655057,-0.8125144589117097
1.4,2.3130228738028378,2.1316199010707915,2.9683106835979536,0.015050581730631086,0.027967114280528175,-0.7921642438807763
1.42,2.2774061242488357,2.089447091825548,2.9619984856715664,-0.004283712164239137,0.005249488911610655,-0.7696297217969013
1.44,2.241930652582036,2.0472868939228093,2.9555523291683947,-0.025372594516848482,-0.019860500961281113,-0.7448253887229243
1.46,2.2065876710805306,2.0052518106138146,2.948966377952841,-0.04802725102347432,-0.04695015645503624,-0.7176347876987854
1.48,2.1713608992645312,1.9634635929230941,2.9422228998462865,-0.07189403479103837,-0.0753964605325567,-0.6880326774117461
1.5,2.136226022635329,1.9220491535269595,2.935277483456194,-0.09586883328277478,-0.10381418411725805,-0.6563053472088413
1.52,2.1011505126151775,1.8811380939821245,2.9280907102943114,-0.11821304624427711,-0.13028752330424295,-0.6228690943193717
1.54,2.0660930420334624,1.8408624381070047,2.920670115241561,-0.13781329643737197,-0.15358584823817062,-0.5877988415558025
1.56,2.0310054084080518,1.801341909595678,2.9130127165929665,-0.1541526008038974,-0.17313388888097248,-0.5512031321332925
1.58,1.9958348250261468,1.762676338258713,2.9051043994678913,-0.16701235910544796,-0.1886811823657843,-0.5132263750085169
1.6,1.9605255888433646,1.7249445196488076,2.8969326182611743,-0.17614617443151181,-0.20001984876607287,-0.47400033876243125
1.62,1.9250215383438078,1.6882019443295118,2.888482205090053,-0.18143560343772658,-0.20706673915829094,-0.433673528831603
1.64,1.8892678830492047,1.652481332473718,2.8797423777054094,-0.18281443078289975,-0.20974181991687474,-0.3923842774537161
1.66,1.8532135893087796,1.6177925181220119,2.870706571132307,-0.18023857868775653,-0.20800121681805078,-0.35023335989017373
1.68,1.8168139580193834,1.5841230069140018,2.8613732591652044,-0.17367770920316505,-0.20183211767029008,-0.30727038199842266
1.7,1.7800332004192243,1.5514389459906108,2.8517468031260993,-0.16315546425820704,-0.1912462267822229,-0.2635104728093744
1.72,1.7428470872581105,1.519686202356229,2.8418373725302404,-0.1487289041068706,-0.17629797446664303,-0.21892502823997648
1.74,1.705245846813926,1.488791573524595,2.8316591839163654,-0.13053584305898674,-0.15713011575552355,-0.1734669916294051
1.76,1.6672380029844966,1.458663102635889,2.8212208565041177,-0.10890558960834501,-0.13417369808866178,-0.12711439142157024
1.78,1.6288532801196531,1.4291924476226465,2.8105178116423706,-0.08468736983682869,-0.10831120218813178,-0.08007338375680687
1.8,1.5901422908265166,1.4002608600624584,2.799536226783713,-0.05918845062103241,-0.08077012506055,-0.03283985502597735
1.82,1.5511693460837543,1.3717512509899676,2.7883051286900415,-0.03328246612832013,-0.051966412613491136,0.01412386200818269
1.84,1.5120140031735827,1.3435496848163957,2.776869392589068,-0.0076358040535220596,-0.022103471236119877,0.06032743322802116
1.86,1.4727721611754123,1.3155480689164498,2.7652706631932054,0.01724861609901525,0.00885106758766838,0.10543710949241672
1.88,1.433554747269597,1.2876480715885812,2.753548335840151,0.040964852099734876,0.040897589126670165,0.1491973617489838
1.9,1.3944865209265758,1.259764394365719,2.741715945710268,0.06364830351640631,0.07322254310743422,0.19175015555131092
1.92,1.3557025599180141,1.231828000153676,2.729770984809363,0.0855428067280091,0.10365615924272216,0.23382379113300378
1.94,1.3173448742324283,1.2037843778771626,2.717726063370211,0.10621462703951033,0.13066781590470514,0.27586978020731256
1.96,1.2795530859634245,1.1755912956443413,2.705590600516931,0.1249534180538256,0.1533727377050603,0.31809546573554365
1.98,1.2424554719642666,1.1472191575066102,2.6933591051763144,0.14118991657047775,0.17156562702178374,0.36045287635068296
2.0,1.2061651478727478,1.1186506626981916,2.6810246977891476,0.15433008477930618,0.1854888697376918,0.4027562601673438
2.02,1.1707783479369953,1.0898804464415797,2.6685833305198896,0.16374766707376626,0.1955930875101621,0.44478578342939756
2.04,1.1363725846119124,1.0609156117151546,2.6560301482483313,0.16895726942325676,0.20236527602701013,0.48632932956344205
2.06,1.1030079160563606,1.0317757137033254,2.643367712704736,0.16968132710742723,0.206343105487659,0.5270778077244193
2.08,1.070726751527014,1.0024929432617171,2.6306065081348637,0.16568339486810363,0.20803271996901748,0.5667328907716517
2.1,1.0395489527683797,0.9731125536478422,2.617746975626701,0.15713914795563994,0.20762324985260192,0.6050889754652878
2.12,1.0094754682510938,0.9436911923894782,2.6047940854014846,0.1444024833269379,0.20513224253151968,0.6419510092945485
2.14,0.9804868496240433,0.9142944952620434,2.59175236342112,0.12799952128991657,0.20061221103146898,0.6771184194009755
2.16,0.9525425881411856,0.8849935632478518,2.578622814748239,0.1085780319967764,0.19422877657206628,0.7104003793974827
2.18,0.9255820079347818,0.8558610089778566,2.5654011584614747,0.08695883223619824,0.1858866109336506,0.7417152726538842
2.2,0.8995266823951784,0.8269672603623994,2.552076788855743,0.0640082199690968,0.17609867349054495,0.7708246992717508
2.22,0.8742876974607121,0.7983777684228719,2.5386550225596025,0.040117582820642976,0.16544119121619266,0.7975206758287877
2.24,0.8497674437446671,0.7701511724013645,2.5251475105774075,0.015519472242199758,0.15430293086290184,0.8216488197473876
2.26,0.8258616176917806,0.7423393173012159,2.511565899596552,-0.009579882747862685,0.14293934892362872,0.8430916022375525
2.28,0.8024625017139431,0.7149888649181089,2.497930190296127,-0.03518289019419842,0.13163378673578793,0.8616760833898688
2.3,0.779459021438441,0.6881411325479038,2.4842581364541183,-0.061275301481562496,0.120529377534905,0.8772757869261373
2.32,0.756737835374408,0.6618331828814612,2.470561740915087,-0.08778493622904614,0.10967420874139429,0.8898268364143922
2.34,0.734184466650285,0.6360988188434384,2.4568459285876103,-0.11464427198370979,0.09913036846926179,0.8993413924448872
2.36,0.7116844446248268,0.6109701994337075,2.443114042589985,-0.14173318550015856,0.08897804742498285,0.9058451725099097
2.38,0.6891237130512285,0.5864799495082759,2.429374592747438,-0.1687478322305143,0.07935803365613901,0.9093738704707389
2.4,0.6663887128086428,0.5626626676253677,2.4156431198171364,-0.1949027012853305,0.0708645927293432,0.9101903681337854
2.42,0.6433646872929086,0.5395607459992654,2.4019709029378626,-0.21865164438289075,0.06474611074113525,0.9086465094859255
2.44,0.6199430858977191,0.5172163086586345,2.388388606243444,-0.2390780446732006,0.06180177222911464,0.9047880074256011
2.46,0.5960340349522371,0.4956678202193711,2.374887285522721,-0.255828038002182,0.061951627528997494,0.8985442735484492
2.48,0.5715746309305512,0.47494888277474445,2.361415777546837,-0.26816844783303184,0.06440128648069678,0.8902847076880022
2.5,0.5465305110637261,0.4550874724524705,2.3478894340783016,-0.27573691771999703,0.06750631160982412,0.8804431457650433
2.52,0.5208866566692253,0.4361124968748249,2.334246434546691,-0.27936538837375446,0.07010609901768981,0.8689153520194726
2.54,0.49463444846004384,0.4180596350760973,2.3204972128493613,-0.28072112102704794,0.07242228682761163,0.8548893464737926
2.56,0.46777764371180935,0.40095538692696914,2.3066571853651845,-0.2800268071479577,0.0748961128405444,0.8381892602647726
2.58,0.440329794882116,0.3848202936576022,2.2927386163857517,-0.2772693630742616,0.07790611932753423,0.81878472755241
2.6,0.4123160203172276,0.3696685140991132,2.2787428169949395,-0.272633098809904,0.08151827964180737,0.7966325154844728
2.62,0.3837722397597381,0.35551054627855466,2.2646693767620176,-0.26643406461230523,0.08580723522509123,0.7716763795669708
2.64,0.35474375198522373,0.34235470500021264,2.2505218678303556,-0.258813733290632,0.09095386901985353,0.7439457055580935
2.66,0.32528480830761164,0.33020684139405904,2.236305232154408,-0.24984828858289773,0.09709738750223536,0.7135069887393239
2.68,0.2954587362833044,0.31906984205944394,2.2220237319617797,-0.23966486247959426,0.10425587565774194,0.6804200276198928
2.7,0.26533764040849417,0.3089435810089028,2.2076823741288005,-0.22844546800223797,0.11244770032226561,0.6447469123878279
2.72,0.23500159883988683,0.2998250390517174,2.193289952240966,-0.21626379078199762,0.1217796911135755,0.6066062248176434
2.74,0.20453815814423568,0.29170762214447676,2.178858531546163,-0.20305610040264005,0.13237788973012926,0.5662221346742664
2.76,0.17404236331272296,0.284579581509298,2.1644001618246738,-0.18887695135839186,0.14434745826722606,0.5238149731672157
2.78,0.14361671830744285,0.27842254355075075,2.149925886641749,-0.17381041163760547,0.15768196270548693,0.4795921965596976
2.8,0.1133706778835738,0.27321068882070776,2.135446085569875,-0.157894565584007,0.17240156594035153,0.43374831404151826
2.82,0.08341941192319437,0.2689086359561219,2.120965758277494,-0.14121837566328557,0.18842864429964246,0.3863989992074223
2.84,0.05388094069952648,0.26546661467551225,2.106466749101194,-0.124213718556149,0.20512282790936667,0.3374643925507606
2.86,0.02487609380029326,0.2628261294173891,2.091935518198905,-0.10701182145816343,0.2220145839948595,0.28681653437991794
2.88,-0.003474637969963317,0.26091957635022006,2.077364201173425,-0.08973050474726274,0.23875662403674372,0.23447822421273556
2.9,-0.03105139643126715,0.25967082985557766,2.06276094552283,-0.07280955306596353,0.2544843245898094,0.18061918623946782
2.92,-0.0577372865824374,0.25899302322890366,2.0481442978395425,-0.05675640086230107,0.2684681395660255,0.12543038185198843
2.94,-0.08342752775084539,0.2587862905857307,2.0335232449817666,-0.042201821517358865,0.27973828031523645,0.06899041345507506
2.96,-0.10803207361312962,0.25894186483646897,2.018907483573606,-0.02997911322481621,0.2875123334497588,0.01141632047910658
2.98,-0.1314797838492376,0.2593460040344277,2.0043111004485894,-0.02080379652750957,0.2914085589631634,-0.04734963854018298
3.0,-0.15372511820627624,0.2598851859584485,1.9897425870956675,-0.014994787708830323,0.2912710293919565,-0.10735209853887516
3.02,-0.1747478095430226,0.2604528342582875,1.9752101221868517,-0.012601518827970738,0.2870778800342047,-0.16854291135378607
3.04,-0.19455113111917255,0.26095421132392727,1.9607242899987907,-0.0133960980217748,0.2789417826068597,-0.2307038010785335
3.06,-0.21316519656000044,0.26131078790644907,1.946279331922793,-0.01705757614526661,0.26668551912915583,-0.29362002616590366
3.08,-0.23063740567107527,0.2614624706416264,1.9318735573077366,-0.02309297310415343,0.2500544129011077,-0.3570891751433358
3.1,-0.24703026394466976,0.2613692814682419,1.917508854977785,-0.03081917470802365,0.2289266800850845,-0.4208396707522238
3.12,-0.2624145577385257,0.26101100999353216,1.9032104977473885,-0.03886383269019717,0.20423933980006678,-0.4847087922841582
3.14,-0.2768737816958248,0.2603888992095594,1.8890040122472218,-0.04630158009521396,0.17724133796274033,-0.5487995882732468
3.16,-0.29050019249587355,0.2595215448825665,1.874912474700404,-0.052343749641841714,0.1491053432392735,-0.6132670064671326
3.18,-0.30339019235331605,0.25844084153252195,1.8609532784564524,-0.056186146907646374,0.12118758507620003,-0.6784442099644316
3.2,-0.31563898445763566,0.25718711853172255,1.8471463006938327,-0.05724885524040297,0.09437391147322795,-0.7444450995802013
3.22,-0.3273378649890845,0.2558036934938061,1.8335138369298067,-0.05556720938909589,0.06927759649825975,-0.8113970681291565
3.24,-0.33857411158185147,0.25433310988598995,1.8200774710336394,-0.051900374845807694,0.04637053922417827,-0.8789604492560971
3.26,-0.3494310536413926,0.2528157006391466,1.8068497742697776,-0.04738492703611535,0.026184113435173635,-0.9465995333915025
3.28,-0.35998601869057734,0.2512900459886873,1.793825586353469,-0.043083756279397714,0.009240168579914929,-1.0137299277712783
3.3,-0.3703053054026647,0.24979312339085794,1.780992296942834,-0.039835331459167594,-0.004225518227863714,-1.0798100589097879
3.32,-0.3804403692032478,0.24835935051617228,1.7683354882147924,-0.03823145176712566,-0.014324902060033147,-1.1442998522434806
3.34,-0.3904265715437863,0.24701877199711228,1.7558231890489313,-0.038295239181007364,-0.021662446315236162,-1.206540397351729
3.36,-0.40028278999469513,0.24579557238665956,1.743408054551431,-0.039372475057528694,-0.027234477500236384,-1.2658738866840185
3.38,-0.4100133787995267,0.24470865119721347,1.7310592941877692,-0.040955164598583525,-0.031743704119635424,-1.3219074312117989
3.4,-0.41961387315155757,0.243772657822016,1.7187582518136735,-0.04273085739268844,-0.035629596084400035,-1.37441455929177
3.42,-0.42907488159682994,0.24299912735322776,1.7064967303013732,-0.044552273172522645,-0.03911539692250135,-1.4233056695772852
3.44,-0.4383845810083121,0.2423972606261326,1.6942710752094485,-0.04631906374759798,-0.042346246152843166,-1.4685529155420214
3.46,-0.44752997229551317,0.24197449778692467,1.6820805107775372,-0.04796504525871131,-0.04542460748751413,-1.5101608298706937
3.48,-0.45649771869283534,0.2417370079475249,1.6699260261328663,-0.04943258531259906,-0.04843743117710404,-1.5481536167093986
3.5,-0.465274737385369,0.24169010500176696,1.6578088941802311,-0.05066500308844601,-0.05146803381203014,-1.582558478684148
3.52,-0.4738486580015653,0.24183867680854979,1.645729652741949,-0.051631695581613006,-0.05456341197616652,-1.6134011445305225
3.54,-0.4822080784505829,0.24218776797459446,1.6336897861039972,-0.05228475391032869,-0.05776987328858493,-1.640724169468204
3.56,-0.49034251586506433,0.24274317206381257,1.6216958518977616,-0.05244916754756258,-0.06123438456108256,-1.6646240428037506
3.58,-0.4982424577649551,0.24351195315266874,1.609761870628095,-0.05176708081578175,-0.06523285136053829,-1.6852861567940733
3.6,-0.5058998469512932,0.24450342674370068,1.5979116915923826,-0.04958516210480684,-0.07018324228632232,-1.703056285232808
3.62,-0.5133109230375721,0.2457290794627735,1.5861520810314897,-0.04560605344946067,-0.07592741323152427,-1.7182594014755608
3.64,-0.5204790284735228,0.2472040207457491,1.57446398858711,-0.04022722046096372,-0.08152690252469848,-1.7310560080614954
3.66,-0.527414035555099,0.24894815847576446,1.5628293346092057,-0.03394863266569872,-0.08615874031235284,-1.7414947278107415
3.68,-0.5341306426188724,0.2509832345096934,1.5512420912139664,-0.027646360084540387,-0.08949594267738571,-1.7492919192223444
3.7,-0.5406478421061234,0.2533285068005699,1.5396951856849692,-0.021821347964720576,-0.09169666816798669,-1.7540806706986294
3.72,-0.5469864419610885,0.2559980932770567,1.5281709637423566,-0.016447555221561168,-0.09321816585295667,-1.7554967968557849
3.74,-0.5531650619145041,0.25900588443079425,1.516696953995711,-0.012163597856238472,-0.09336370070325412,-1.753845337224538
3.76,-0.5592014150672409,0.2623661347081905,1.5053296812359773,-0.010099633708089074,-0.09111835505162713,-1.7496273255513595
3.78,-0.5651135742406189,0.26608105914864083,1.4940548755204763,-0.01026970207172525,-0.08566892182574004,-1.7435894791867335
3.8,-0.5709130374685129,0.2701431337188406,1.4828711228421885,-0.0128832618557715,-0.07795145852220017,-1.7355833536446332
3.82,-0.5766048968289366,0.27453183050471175,1.4717908199654053,-0.018047315385969157,-0.06810276307843566,-1.7256301910600307
3.84,-0.5821864635305307,0.27921585037756047,1.4608242648767245,-0.025656847338403177,-0.05623877367587094,-1.7136961468531877
3.86,-0.5876461942315834,0.28415401482414576,1.4499824338266238,-0.03550059112311737,-0.042463858594893295,-1.6997478639456918
3.88,-0.5929634884023837,0.28929602987869957,1.4392759559653765,-0.047174967623003515,-0.027068786857749393,-1.683791501888165
3.9,-0.5981087680851496,0.29458347932390255,1.4287158703780727,-0.05983890640884876,-0.010821202050306023,-1.6658771505430734
3.92,-0.6030444409309507,0.2999515469045835,1.4183081656107142,-0.07250137207364436,0.00531927655301789,-1.6460282283281409
3.94,-0.607726653238105,0.3053332920053337,1.4080652860011962,-0.08427948558943633,0.020505482101191568,-1.624345737995185
3.96,-0.6121089356299415,0.3106641328423716,1.3979955289324668,-0.0946430150745889,0.034301520255923146,-1.600959598245957
3.98,-0.6161452645692649,0.315885940023671,1.3881051238670947,-0.10328023311730626,0.046599006692549134,-1.5760967308812845
4.0,-0.6197927713035928,0.32094924231000266,1.3783931231716096,-0.10986909903929783,0.05730531472776352,-1.5499698549511796
4.02,-0.623013391807877,0.3258136754550899,1.3688529009391326,-0.11420984756298393,0.06649881426530314,-1.522809382242436
4.04,-0.625775607834605,0.3304480136326441,1.3594737639678371,-0.11623931990160738,0.07427134193869207,-1.4947961852823204
4.06,-0.6280554404084112,0.3348290611201479,1.3502444549809187,-0.11602644303762194,0.08071772486355207,-1.4661357557591062
4.08,-0.6298371846685371,0.33894051026625077,1.341153040160795,-0.11359177820359626,0.08590995637287949,-1.4370322190390572
4.1,-0.631113101195154,0.34277148463424045,1.3321903675864266,-0.10886752863736492,0.08986281602859024,-1.4075625137022163
4.12,-0.6318834045275191,0.34631519572850344,1.3233521485680935,-0.10185472941401018,0.09267544024202094,-1.377801168932512
4.14,-0.6321564801401494,0.34956775822240865,1.314641882012033,-0.0927000934624929,0.09444138567482742,-1.3477491912432356
4.16,-0.6319494275529195,0.3525270593257057,1.3060684715451807,-0.0817029467559682,0.09528260327446841,-1.3173505299784507
4.18,-0.631288430073278,0.3551921352864613,1.2976394498853858,-0.06922625306544945,0.09528108086498,-1.2865155942792252
4.2,-0.6302083190610509,0.35756274447132214,1.2893532444730578,-0.05578860816597385,0.0946233946560414,-1.2551645252417478
4.22,-0.6287500976138692,0.3596382113462977,1.2812067579698143,-0.041981677344589116,0.09353910914826963,-1.223232744451552
4.24,-0.626958688790607,0.361416833176418,1.2731943049747005,-0.0284467170494794,0.0923483425452943,-1.1907408750231885
4.26,-0.6248793593355196,0.3628945259716162,1.2653194030031714,-0.0157425272623514,0.09131811422534522,-1.1577076313242676
4.28,-0.6225549337904702,0.36406414032735807,1.2575970318672385,-0.004448700533734071,0.09074448586222333,-1.1242214739942207
4.3,-0.620024191786795,0.3649163370270682,1.2500408368763491,0.004996368124017188,0.09077045571771158,-1.090393866056145
4.32,-0.617319154323253,0.3654399453124638,1.2426612981102054,0.012398534578633403,0.09135533636531255,-1.0563827141452113
4.34,-0.6144629790976132,0.36562266657597675,1.2354682273147672,0.01794390085307568,0.092536579411106,-1.022326914740915
4.36,-0.6114693359079282,0.36545238638268207,1.2284711574964646,0.021978162108211692,0.09434573466860717,-0.9883761524330488
4.38,-0.6083431610123213,0.3649177070181316,1.22167741690876,0.02477616222379201,0.09677548436158506,-0.9546651234269364
4.4,-0.6050819559251229,0.3640079973301129,1.2150910860597852,0.026450912560021373,0.09977141747537019,-0.9212954539149603
4.42,-0.6016769097565946,0.3627135865541122,1.208711985071735,0.027052904664033466,0.10323762798823091,-0.8883698477301611
4.44,-0.5981133402209806,0.36102574392727704,1.2025413526436113,0.02672657314125312,0.10709155911678096,-0.8559883205623804
4.46,-0.5943712306930158,0.35893734372927194,1.1965821265909493,0.02574693390731502,0.11117626011340609,-0.8242529884646075
4.48,-0.590426288506255,0.356443595546339,1.1908347506787766,0.024366175652190722,0.11537824391418551,-0.793217475377371
4.5,-0.58625179656933,0.353542654935332,1.1852917459375543,0.02273008046326366,0.11966272838346377,-0.7629420152251454
4.52,-0.5818192233670544,0.35023415822728665,1.1799506103611672,0.02094116342656908,0.1238435040064955,-0.7334450051852501
4.54,-0.5770990658587344,0.3465193322768013,1.1748101132824178,0.019056703390208856,0.12761461826140894,-0.7046928550898596
4.56,-0.5720623705004345,0.34240195820473596,1.169862953158252,0.016919380296271692,0.13054109524633548,-0.6767063230244235
4.58,-0.5666819239477221,0.3378887680716591,1.165097734306062,0.014513446224128375,0.13241239303453567,-0.649505127857843
4.6,-0.5609333246886752,0.33299071007998843,1.1605009018687305,0.011938781637753276,0.13306085114694535,-0.623128916295871
4.62,-0.5547970133364877,0.32772424630538505,1.1560457461612708,0.00914873995490468,0.13219502513749407,-0.5977591333046478
4.64,-0.5482573503596981,0.32210901945170234,1.1517138154994515,0.006157168275839338,0.12961620548480535,-0.5735070416313357
4.66,-0.5413035086720502,0.31616818821586745,1.1474962247817493,0.002917365426393857,0.12503897576792705,-0.5502593150416277
4.68,-0.5339298490466953,0.30992810287921885,1.1433984892217297,-2.6141981144448902e-05,0.11904517891772579,-0.5279524534144586
4.7,-0.5261382306825014,0.3034197631644286,1.139428737237273,-0.0023504976353499333,0.1122344086350663,-0.5065852317209898
4.72,-0.5179378656857424,0.2966756063233043,1.1355925276133318,-0.003960707053356738,0.10495311652870681,-0.4861185681390388
4.74,-0.5093442525349423,0.2897269364983196,1.131888362941533,-0.0047779783379253106,0.09740714237229933,-0.46638374352599665
4.76,-0.5003788929824589,0.2826030228062644,1.1282966560291483,-0.005023956060991099,0.09002658328827115,-0.44715803431482454
4.78,-0.4910666155801875,0.2753293411744673,1.1247966788596786,-0.004983880812630762,0.08312084648290455,-0.4283854306033151
4.8,-0.481432093067832,0.2679271324539432,1.1213809862238417,-0.004799113007414938,0.07666130297097483,-0.4100236719460534
4.82,-0.4714988979933532,0.2604144247086345,1.1180471317077316,-0.0046576068267844585,0.07060198585890784,-0.3918728081426269
4.84,-0.4612892447287461,0.25280675422672844,1.1147986650286108,-0.004705349952087439,0.06469685264114482,-0.37361448252221624
4.86,-0.4508244997677422,0.24511837347220414,1.1116353669580665,-0.004968357300816983,0.05884245407116613,-0.35491752990996517
4.88,-0.4401258288309343,0.23736331022132368,1.1085520495454881,-0.005381740603950636,0.052972115035710206,-0.33545815290576203
4.9,-0.42921500035452953,0.2295558134579827,1.1055291634641586,-0.006022689159680502,0.04703969860610014,-0.3150047440514112
4.92,-0.4181137351213279,0.22170991750644864,1.1025480330067214,-0.006958006186803,0.04099947346503157,-0.2933329487740683
4.94,-0.40684372451977063,0.21383977065501647,1.0995930732235975,-0.00822263851587181,0.03483438938344325,-0.2702028282110826
4.96,-0.3954272060189417,0.2059599783271107,1.0966428580049903,-0.009931177519826442,0.028306331601032617,-0.24548051277078523
4.98,-0.38388668034361717,0.1980856034969588,1.093678734700796,-0.01227916500913893,0.02112173536776567,-0.21904972845236892
5.0,-0.3722459989387501,0.19023272712633715,1.0906802872342118,-0.015389997070926267,0.013259655397058805,-0.1907537261405598
5.02,-0.36053117152807407,0.182419280493686,1.0876366212546498,-0.01927174546011788,0.0048462672346481096,-0.16057955090555728
5.04,-0.34877087917740873,0.17466527211273952,1.0845412673325263,-0.023994786714968765,-0.004037210254578112,-0.1285543876702502
5.06,-0.3369963351659235,0.16699258293292524,1.0814006869554051,-0.029582571776754493,-0.013218007469344565,-0.09476194409906429
5.08,-0.3252416083419056,0.15942527741546525,1.078243659590204,-0.03605805807884157,-0.02226814136658157,-0.05926452585497337
5.1,-0.31354379538216226,0.1519892370298737,1.0751066928971909,-0.043411407422850434,-0.0305237455367818,-0.02216390039039619
5.12,-0.30194153290269615,0.14471116597516184,1.0720122266788832,-0.051517886003168645,-0.03742958449454902,0.016180894929099847
5.14,-0.29047247793074044,0.13761824949974016,1.0689735226218438,-0.06006416383617219,-0.0425126399896556,0.05519233184589409
5.16,-0.27917134640742647,0.1307379426187859,1.0660005992450599,-0.06850455235684433,-0.04538004716722349,0.0939948098954581
5.18,-0.26806829083824274,0.1240975414060212,1.0631057590229118,-0.07614081789042772,-0.046341782080468276,0.1316919990561904
5.2,-0.257186374222448,0.11772212083043382,1.060289744315106,-0.08249745103894383,-0.04595075558546926,0.16752045160715462
5.22,-0.24654188356772447,0.11163244074941987,1.0575411632628924,-0.08724308706054895,-0.04458970365252058,0.2008322198639901
5.24,-0.23614551414910157,0.1058435940498366,1.054837131683929,-0.09048682721530796,-0.04268340141974992,0.23125974731924898
5.26,-0.22600380181640672,0.10036538978958547,1.0521596146962813,-0.0924380345264632,-0.04050820193007583,0.25857677074428104
5.28,-0.21612033370048683,0.09520328345570886,1.0494978367511372,-0.09325932762020668,-0.03825379370402245,0.2826638771026882
5.3,-0.2064961768283012,0.09035899809493683,1.0468438239378999,-0.09312594519120629,-0.036069379514018014,0.30342382847981386
5.32,-0.1971303089163896,0.0858311245472492,1.0441916370390707,-0.0922085871284382,-0.03406935870789957,0.32077618565992216
5.34,-0.18802004176950973,0.08161570689468575,1.041536821347855,-0.0906393005585212,-0.03234332728162539,0.33466706354438935
5.36,-0.1791612936626878,0.0777066041448067,1.0388738397699837,-0.08856047399687078,-0.031008354000589187,0.34504193936167504
5.38,-0.17054931336050638,0.07409629230407236,1.036201563188293,-0.08613001101707611,-0.030096263968357788,0.3518284134862948
5.4,-0.16217911440737312,0.07077603428784975,1.0335212360344712,-0.08346261375874885,-0.02959169824597669,0.35497157920236283
5.42,-0.15404579512965283,0.06773635336652989,1.0308364843084221,-0.08065475406921445,-0.029428560674074764,0.3544226290189403
5.44,-0.146147696031089,0.06497101912303237,1.0282063847683667,-0.0785566282516555,-0.03072475069700582,0.35151953310692774
5.46,-0.13848693197074513,0.062477912013102016,1.0257591636609502,-0.0753613165711836,-0.032116999524475304,0.34740361036986156
5.48,-0.1310643824404799,0.06024742453796233,1.023495049300365,-0.07149712551053485,-0.03415696930732054,0.3422438923343613
5.5,-0.12387890360839046,0.05826520746461938,1.0214032960192316,-0.06641643555926388,-0.036271296831874696,0.3358574915693391
5.52,-0.11693131318336702,0.05651428428416697,1.019482106316826,-0.06037669253977674,-0.038708904506838775,0.32827814575292225
5.54,-0.11022033849417129,0.05497261472867994,1.0177179863514596,-0.05331798732171127,-0.04135719685470482,0.3193483714446306
5.56,-0.1037445545342977,0.05361432580907349,1.016093735671444,-0.045377995129988684,-0.04426852039345165,0.30894509159910705
5.58,-0.09750223889020374,0.052409924434755055,1.0145921018183395,-0.036710391654591924,-0.04740838270776421,0.29695301313373995
5.6,-0.09149212985458763,0.05132693126970256,1.0131988271589871,-0.027494161548955332,-0.05076536546962451,0.2833358628703278
5.62,-0.08571333488511501,0.050330369688756114,1.011895848741058,-0.01797650697121678,-0.054269108934780354,0.26811712650784014
5.64,-0.08016599034439424,0.04938367731373809,1.010665614967855,-0.008307165331239432,-0.05765173727968395,0.25139517618361407
5.66,-0.07485109166243595,0.04844974595041815,1.0094838276106186,0.0011709914325438143,-0.060689986136772456,0.23336208688092283
5.68,-0.06977088861285054,0.047491862393401335,1.0083381145319799,0.010043079273039702,-0.06307238788265146,0.2143329947074427
5.7,-0.06492795323544308,0.04647501645157297,1.0072182039438595,0.01789548934091259,-0.06459684728307839,0.1947139460398745
5.72,-0.060324799958143674,0.045367436856308146,1.0061230546776603,0.02405117152887259,-0.06457944647541142,0.17471167776762786
5.74,-0.05596281721928225,0.04414220958624029,1.005052587823759,0.027955813525769174,-0.06280304335216894,0.15444007891072015
5.76,-0.051841944485520965,0.04277895815027706,1.0040435014319486,0.029168874375157534,-0.059344512417752494,0.1339402470626492
5.78,-0.04795621643872622,0.04126773327238502,1.0031120174163046,0.02769728640931263,-0.05443477056123078,0.11310132811918423
5.8,-0.04429528086519029,0.03960963051208261,1.0022815208645508,0.023770635624846558,-0.04850778467712786,0.09165795021136215
5.82,-0.04084551176486817,0.0378158753190958,1.0016024077803967,0.017757740713588776,-0.04282178872285697,0.06905811704689707
5.84,-0.037587060073754563,0.035909203761119106,1.0010767158492866,0.00992248578997711,-0.03782631412377205,0.044952858968916376
5.86,-0.03449982981723223,0.033920570514730644,1.000680678564579,0.0006792702039760484,-0.03378499596658773,0.018874588504621113
5.88,-0.031565463378261084,0.03188718490118396,1.0003783541478455,-0.00939427180339134,-0.030571280556571028,-0.009553133940448402
5.9,-0.028769271577745406,0.02985043639353513,1.0001649172773999,-0.019408904676475214,-0.0282899689915313,-0.040028085596467734
5.92,-0.02609774095070727,0.02785438706173161,1.00003424116864,-0.027689816725596398,-0.026713930442280074,-0.07201102408999231
5.94,-0.023538317513435356,0.025942062782691584,0.9999699523722716,-0.03207594429931363,-0.026479240258580884,-0.10443680177771247
5.96,-0.02107931380451823,0.02414904114320675,0.9999619888432383,-0.031694267440787946,-0.02781133196268703,-0.1368416166575258
5.98,-0.018714646832990355,0.0224965457172204,1.000037958510092,-0.02645094669065389,-0.03025555873127213,-0.16902130130789955
6.0,-0.01644547731761106,0.020987040099073487,1.0002113229351501,-0.016805343767412675,-0.031880725619276316,-0.2013273422033317
6.02,-0.014278087820052507,0.019601419483950597,1.000393338877826,-0.003832720294453069,-0.03064413880790908,-0.23293275052001897
6.04,-0.012220872430412293,0.018305739998662845,1.0005360371387988,0.010807969574656842,-0.02546542909197675,-0.2630238598548774
6.06,-0.010279648215255349,0.017053846477255184,1.0007026993823902,0.025122934715329132,-0.01774618818576984,-0.2907013286247608
6.08,-0.00844958522316461,0.0157878274295263,1.0009420685200938,0.03531830695121949,-0.008408457608770334,-0.31677617214960757
6.1,-0.006716370559354831,0.0144482325861311,1.0011948339824268,0.03967304495803752,0.0007392162342104345,-0.3421547596338625
6.12,-0.005059092726356559,0.012988592643019443,1.0014436313744872,0.03756997157049596,0.008842500146269703,-0.3673563107944629
6.14,-0.0034524249680086567,0.011383711043753336,1.001665279243931,0.02986022557469244,0.014942883315099752,-0.3923605303033075
6.16,-0.001867557243526051,0.009631762155135294,1.0018483065742487,0.01724973502302585,0.01824385599132924,-0.4170708331550568
6.18,-0.0002748078469720194,0.007751527181091969,1.0020087436412788,0.0025418612896453345,0.016114815135414434,-0.4415400547785162
6.2,0.0013551488069617177,0.005780629095546767,1.0022355465181385,-0.011173945942349104,0.007883895337728111,-0.4653328140975095
6.22,0.0030386560064888093,0.003774029562513462,1.0026226128550455,-0.021832330302217245,-0.004163814313729644,-0.48722222813045485
6.24,0.004769803635524915,0.001795537846741318,1.0031660371483886,-0.029165193020665565,-0.01930689651872431,-0.5069317599256271
6.26,0.006525339658736658,-9.688069340242785e-05,1.0037560191917017,-0.03251380116913632,-0.03512779557758411,-0.5247948903030285
6.28,0.00826875604251824,-0.0018522811082924023,1.004304152102818,-0.031216615419271797,-0.049899076275668294,-0.5412481217882124
6.3,0.009956688127299272,-0.0034311636438092946,1.0047535888466343,-0.025157309152016374,-0.06258828797012629,-0.5565053122050222
6.32,0.011542349821359502,-0.004810364987264887,1.0050572834687947,-0.015219837552438295,-0.07231445057720726,-0.5704841340812687
6.34,0.012973612850787271,-0.00597930282352552,1.0052755583011597,-0.003773362706785428,-0.07781573041386097,-0.5833414783274724
6.36,0.014197834518358089,-0.006944404534536961,1.0054765334689808,0.007564826591042702,-0.07890930430323824,-0.5948301198425531
6.38,0.0151744219873299,-0.007728192744107416,1.0056716574191955,0.01800765298700652,-0.07576234204061057,-0.6049986837539385
6.4,0.015876984564812287,-0.008362367393264259,1.005863684397736,0.02718651945900973,-0.06831299158239375,-0.613920451533368
6.42,0.016291841984480845,-0.008884184801561733,1.0060845027478416,0.03416057786435509,-0.05742248357051176,-0.6213020284237317
6.44,0.01642537918662699,-0.009338353089644638,1.0063078718979483,0.038502060133869455,-0.04570371503468113,-0.6264429722815748
6.46,0.01630298095192157,-0.009770549439535715,1.0064483630615102,0.0405777772184171,-0.035354422304050726,-0.6290784637315205
6.48,0.01595378795278963,-0.01021922503909053,1.0064719720095634,0.039907121483019364,-0.02697145522092815,-0.6295791892173324
6.5,0.015401587847433158,-0.010714141090083385,1.0064476549516896,0.03799668248707615,-0.01939819554302196,-0.6271117368491668
6.52,0.014675265546455369,-0.011271816459440396,1.0063551722788655,0.033420773383891725,-0.012948221888816674,-0.6224662512349118
6.54,0.013804185495379732,-0.01190320894390113,1.0061660733794644,0.025679207435589907,-0.008556309719369118,-0.6158434662102322
6.56,0.012819115782965018,-0.01260904279047784,1.005879396020002,0.01547685134818408,-0.006396857115877149,-0.6069487159100092
6.58,0.011750714927800951,-0.013376083488509287,1.0055300174690325,0.003738487602964061,-0.005845551749813495,-0.5955628352248963
6.6,0.010628802839153299,-0.014177502399131766,1.0051255392299603,-0.00878598333368468,-0.006145137572289294,-0.5819118694113398
6.62,0.009480985696224058,-0.014977520127977378,1.0046747308597586,-0.020939716433522125,-0.005993680396733222,-0.5661406530493488
6.64,0.008332971417047207,-0.01573523058698829,1.004187588869663,-0.031472607258875365,-0.0047199338226915286,-0.5487062966689203
6.66,0.00721006746466881,-0.01641067268938623,1.0036878123610131,-0.039047956280978846,-0.0022629133179900176,-0.5302721253021663
6.68,0.006137106424270691,-0.016969650278645394,1.0032204625189185,-0.04218289377644043,0.0007732587201832478,-0.5114931205526856
6.7,0.0051350026938168135,-0.017391278174538484,1.0027613293724378,-0.0412170208758577,0.004189855199403986,-0.49228402594950954
6.72,0.004216947677265065,-0.01767048824785275,1.002282408444352,-0.03677512918043844,0.007475729812726854,-0.4723513335290378
6.74,0.003389920358812555,-0.0178156908344168,1.0017767660622303,-0.029751789600017654,0.010632500711933104,-0.4514530021383616
6.76,0.00265424470452007,-0.017847000123808788,1.0012262550462474,-0.02113579620752443,0.013306648654395752,-0.4297692088773548
6.78,0.0020069725041170195,-0.01779209318229863,1.0006488709491341,-0.012373985764616862,0.014201695031666378,-0.40738120610716533
6.8,0.0014425104522064322,-0.017683422863057328,1.0000872255256636,-0.004784531230613952,0.012496483308990856,-0.38456414771529085
6.82,0.0009496268177503767,-0.017552112462690877,0.9995689211227825,0.0005008394137942837,0.008877625377917383,-0.36168003653424097
6.84,0.0005104520233825555,-0.017421918436713823,0.9991147782426019,0.0029355196666848524,0.004290363932832794,-0.33894714655857083
6.86,0.00010402912863954563,-0.017306219870974887,0.9987267556038631,0.00248413540664621,-0.0002907175349338093,-0.3163964905758961
6.88,-0.0002898880148183688,-0.017207246968021603,0.9983833383036018,-0.0009057254452364434,-0.00435701595982164,-0.29456444648828983
6.9,-0.0006876070394197294,-0.01711728224933113,0.9980521003244185,-0.006585361769879487,-0.007083375122381501,-0.27396920545790193
6.92,-0.001100501726869084,-0.01701893209209803,0.9977695192683705,-0.013030452588152086,-0.00767255025982726,-0.2548898023199275
6.94,-0.0015332383258670472,-0.016887586728257548,0.9975732218894472,-0.019141672290787077,-0.0057867402713182095,-0.23742279498267735
6.96,-0.001982256805922201,-0.01669788583703783,0.9974765215865553,-0.02407842050674675,-0.0015324649459006402,-0.22164788465101457
6.98,-0.002435373799802123,-0.01642882945690135,0.9974417569027468,-0.02735272955220362,0.0038385654898390738,-0.2075604582082622
7.0,-0.0028732616525788766,-0.01606680631832969,0.9973974027667808,-0.0282131619789411,0.008337977178703949,-0.19514393281387152
7.02,-0.0032742567769694884,-0.01560404467536373,0.9973218680657188,-0.02635714800516688,0.010903037146652805,-0.18436581888489653
7.04,-0.0036214937486125005,-0.015039644650772673,0.997239835162973,-0.021896051601410272,0.011492949756552674,-0.17512021080964674
7.06,-0.0039060985082040277,-0.014379823479620977,0.9972466974045148,-0.015624048542974932,0.01088257754977153,-0.16722221474174426
7.08,-0.004129585630854535,-0.013641844777342756,0.997356559563205,-0.007952961978585336,0.009426282514727189,-0.160430245201716
7.1,-0.004299972078661864,-0.012850513660182136,0.9975153187229355,-0.00032921092949827194,0.007541835421501286,-0.15470356580658254
7.12,-0.004428622880780615,-0.012034885851330624,0.9976867763396361,0.005740483538563234,0.00565349312477675,-0.1497498205674092
7.14,-0.004527917981505627,-0.011223200390414913,0.9978365134393027,0.009275580422928241,0.004393480236187341,-0.14565108922642164
7.16,-0.004608768387524801,-0.010437480974853156,0.9979450045300271,0.009636041368461669,0.004155002300063812,-0.14299121406794832
7.18,-0.004677973091995606,-0.009690288492713054,0.9979919730579446,0.007897890023661713,0.005378569916808841,-0.14281973815345894
7.2,-0.004736315105684158,-0.008983673754307083,0.9980633043608401,0.007250344667729367,0.004028946513862206,-0.14428726193212701
7.22,-0.0047781045748655,-0.00831137582794087,0.9981444527482354,0.008701060298674446,0.002895361174377693,-0.14331769709234932
7.24,-0.004808497731777405,-0.007669555065517209,0.9981640773889519,0.006979064141413245,0.003298650849143403,-0.14331977586792025
7.26,-0.004832410994054502,-0.007064162247170765,0.9982410173331477,0.008809617986007563,0.0019404653221861037,-0.1424986360031989
7.28,-0.004847521746084159,-0.006487842799854593,0.9982703721512577,0.007582477959455782,0.00197809531240722,-0.14189900003296554
7.3,-0.004859953067763931,-0.005947826340543019,0.9983623661699172,0.009907085514659622,0.00042046221642657986,-0.14096233563173136
7.32,-0.004868959722936542,-0.005438264852963348,0.9983886957350336,0.008836688868872532,0.00048557533500436705,-0.1402472557781381
7.34,-0.0048818215997508485,-0.004968189424817916,0.9984539780442313,0.010222204306274643,-0.0009460582845907009,-0.13974246120980582
7.36,-0.004897581309207738,-0.004532490374323442,0.9984539661817401,0.008368353555726503,-0.00017766548088365763,-0.139585571414104
7.38,-0.004922731814508898,-0.004136946165865727,0.9985173521954955,0.008057828638502436,-0.0009073344022422795,-0.13974619527601123
7.4,-0.004953088037774146,-0.0037739430854196393,0.998560062515001,0.008923018515392539,0.0011700599331253274,-0.13814967137931575
7.42,-0.004991187130577615,-0.003441419997984089,0.9985263653203404,0.005954467191501425,0.005119089154898358,-0.13816726051576622
7.44,-0.005029535508846768,-0.0031452441488408547,0.9985815012603411,0.0015535923041592957,0.007819031247890783,-0.14093364963235142
7.46,-0.005050731196894268,-0.0028759078960470755,0.9987449722610738,-0.00020532051729530533,0.008914649051409105,-0.14224588924836024
7.48,-0.005041702396319515,-0.002617376625988405,0.9990034028749789,0.0013145449250448475,0.00811341543431354,-0.1421284859863745
7.5,-0.004998623405679139,-0.0023631355754464727,0.9991882143421602,0.00158776794727787,0.006799491755202669,-0.14076473063244768
7.52,-0.0049251974879782005,-0.0021185911902857186,0.9993253714957546,0.0016941608243220174,0.00593024354730723,-0.14185578418370998
7.54,-0.004826506259781663,-0.0018840727876251366,0.999432827100186,0.0036912599087401683,0.004894098118221694,-0.1411345896244669
7.56,-0.00470612979859477,-0.0016594676791610629,0.9994853045515528,0.0035676202710432066,0.0036340055287785336,-0.140147715449921
7.58,-0.0045689636154135965,-0.0014519975622971932,0.9995212020791686,0.0036139727834209627,0.0030891072518151315,-0.1412478855231969
7.6,-0.004419663285427985,-0.0012606549425239902,0.9995871192303791,0.0040606153843254595,0.00280747122935463,-0.14092144512376972
7.62,-0.004260645294251128,-0.0010849527448998227,0.999591897612083,0.002097195177075981,0.0026549933849935262,-0.14138626199566423
7.64,-0.004093026132128155,-0.0009268371987260871,0.9996280890665028,0.004018743843066544,0.002110775498852639,-0.14014231983247263
7.66,-0.003916460966884873,-0.0007783884146706502,0.9996369853409719,0.003596859939105103,0.0014662942301873333,-0.13938764418355876
7.68,-0.003734083206762119,-0.0006467108801160536,0.99962158674216,0.002475073867035261,0.0014060484145530217,-0.1407545694707454
7.7,-0.0035480660726604817,-0.0005301140849117965,0.9996626577236878,0.0029915234054078625,0.0012597021018303472,-0.13978784321526397
7.72,-0.0033581399444252,-0.00042389848398948285,0.9996686741181322,0.0010693373547878916,0.002066010948064145,-0.1408633891363989
7.74,-0.0031650326254940007,-0.00033036712763040964,0.9997696187982433,0.0020593544471709225,0.0012027958195948956,-0.1401369939830012
7.76,-0.0029648294166416734,-0.0002420722835930319,0.9997766619429636,0.0008642184823325764,0.0009430155849810142,-0.14035047613145424
7.78,-0.0027612403995734966,-0.0001625170213783374,0.9997909682317805,0.004107147099205747,0.00078992922135575,-0.13906178408451456
7.8,-0.0025546325535947567,-8.689415167080653e-05,0.9998017221191035,0.004861776502826896,0.00014828199727733745,-0.13748637791619384
7.82,-0.002347369981330708,-2.7449517624339503e-05,0.9997509784863894,0.0029210730151596398,0.0006686715698787597,-0.13789499386058018
7.84,-0.0021423564527051154,1.2568382151599637e-05,0.9997872262420282,0.004160440735439955,-0.0006567159789249145,-0.1364926104218855
7.86,-0.0019365091074056,4.111218702371545e-05,0.9997361793822929,0.0024733626312988654,-0.0007790762205068751,-0.1366329017348999
7.88,-0.0017356275551091182,5.372705263855039e-05,0.9997096767345319,0.004818385036332267,-0.0012467970685409177,-0.13519250176495082
7.9,-0.001539236652585764,5.71801443219901e-05,0.9996671188348902,0.004447204797574749,-0.0018030542393554167,-0.13419151292643916
7.92,-0.0013502939199698846,4.281560809949654e-05,0.9995719926467853,0.002556061958665001,-0.0010881001995119734,-0.13578322360787476
7.94,-0.0011710247176311603,1.1810076097526721e-05,0.9995541798588269,0.0020909891901337067,-0.0009568831648450049,-0.13505590718428395
7.96,-0.0009974535210046896,-2.8471766928612934e-05,0.9995159069079949,0.0008390636360186298,-0.0006780083240192674,-0.1368582126654013
7.98,-0.0008289253511294747,-7.646833844716016e-05,0.9995446958703527,0.0009524821540648836,-0.0007951708945387721,-0.13625262634840513
8.0,-0.0006635699914830253,-0.0001272797581854692,0.9995163581737685,-0.0008432032594504231,0.0003700079841939052,-0.13823193779909176
8.02,-0.0005020311365537606,-0.0001814058276972081,0.9995836859708805,-0.0007045978641852756,0.0005794997693486131,-0.13803889293228705
8.04,-0.00033869865466311226,-0.0002323622501366476,0.9997172443979202,-0.001326495906130494,-0.0013273286729745168,-0.13896417964535382
8.06,-0.00017289228493811524,-0.00028087651214504794,0.9998147509581671,0.0002187402852028105,-0.0022206871200616675,-0.13740070005200256
8.08,-1.1559303787188373e-05,-0.0003236046355346351,0.9998296939640531,-0.00080950205762805,-0.0024732656360305317,-0.13706161079239518
8.1,0.00014083634003234547,-0.0003659527286073721,0.9998745292918545,0.002749874378344792,-0.003670635305052846,-0.13610516964301672
8.12,0.00028409420560927725,-0.00040387442130257315,0.9998527040357118,0.0036110323212631096,-0.004522416264350536,-0.13481667052586546
8.14,0.00041188374928397047,-0.0004502900657747918,0.9997397046121348,0.0013682014045001006,-0.0036856779618051473,-0.13528594465205634
8.16,0.0005197765924203117,-0.0005085061270934149,0.999691993940947,0.0017596968120107929,-0.0038954818204544684,-0.1337212951546792
8.18,0.0006127956121991728,-0.0005699845734866138,0.9995785470056454,-0.0001814873133445377,-0.0025244671855441025,-0.13456832978086034
8.2,0.0006891435876849609,-0.0006363762149520103,0.9995976161564716,-5.927439960341912e-05,-0.0024335584308182046,-0.13398026652939593
8.22,0.0007557712455979474,-0.0007006927094941555,0.9995956413479196,-0.0017653472130967198,-0.0016592641709961497,-0.13581874083013576
8.24,0.0008128474589587607,-0.0007634409925013009,0.9996248095237753,-0.0018544116887590644,-0.0005713269165051007,-0.13528929510910895
8.26,0.0008643133470824303,-0.0008183215743100121,0.9996945537285503,-0.0024501986006677983,-0.000975895981810951,-0.1367991389234808
8.28,0.0009144884859257178,-0.0008655883082118546,0.9997980718735108,-0.0009960694303990931,-0.0013733962982718628,-0.13616593484310865
8.3,0.0009621989282565507,-0.0009030053829948333,0.99981356891303,-0.001210526774198122,-0.0017050835349734848,-0.13572590650627248
8.32,0.001005115738379317,-0.0009358396015912931,0.9997894706870015,-0.002147696059521841,-0.0009041280899895338,-0.13772004449145425
8.34,0.0010419319616287884,-0.0009629610413515596,0.9998216111085517,-0.001818550208009729,0.00037350809548819893,-0.1375027470082389
8.36,0.0010763026838049674,-0.0009810057312010184,0.9999555064989242,-0.0002463595191211163,-0.0029468991867913725,-0.13651526788039284
8.38,0.001112985693910652,-0.0009924224074024529,0.9999480114452722,0.0006762156309932057,-0.0045726104324754465,-0.13539214866985672
8.4,0.001138629924074049,-0.0010013689350453626,0.9998353241810288,-0.0009693292516700377,-0.003823208698244557,-0.13592647836860905
8.42,0.001145797352765707,-0.001010519193678061,0.999795778622362,9.266031991236584e-05,-0.0036786789295969896,-0.13467181063038353
8.44,0.0011386094158927483,-0.0010138601438867685,0.9997605612259174,-0.001306637153315142,-0.002701510005102421,-0.13464521663397117
8.46,0.0011168440459027797,-0.0010155953120094764,0.9997922175173158,0.00044294027948542857,-0.003970551072494441,-0.13477722658566063
8.48,0.0010853551056561935,-0.0010108752275846602,0.9997976644819732,0.0002862532445206254,-0.004254970883315044,-0.13368153583119896
8.5,0.0010385430995937396,-0.0010057954112617097,0.9997258667282134,-0.0017161816791974008,-0.002603072406316669,-0.13517607083488176
8.52,0.0009746467435125778,-0.0009995792549434396,0.9997579128801456,-0.0022458254291944277,-0.00014848064765722634,-0.13526638536286142
8.54,0.0009013624311504247,-0.000985121632712946,0.9998899738101309,-0.00388573257718501,0.0009634950309745232,-0.1376643897986712
8.56,0.0008287484683146981,-0.0009618624794976081,1.000027032445454,-0.0037570945383269727,0.0027412480582688532,-0.13770598324355013
8.58,0.0007621936787521928,-0.0009236297235854751,1.0002776848578856,-0.0015094540468251808,0.0008447160108634832,-0.13664976272723156
8.6,0.0007078083083956137,-0.000872884207876436,1.0003578370015471,-0.0005804673011871222,-0.00035507553227258717,-0.1356121817128987
8.62,0.0006574245330627488,-0.0008169389897381609,1.0003145420333015,-0.0020468011202830006,0.0004740902784719985,-0.13619113058214893
8.64,0.0006059875119211953,-0.0007585452939384643,1.0003526551918416,-0.0004732590493100034,-6.820571464455127e-08,-0.13520544525718536
8.66,0.000557472192384975,-0.000692633510694614,1.0003235854937933,-0.000606126104259895,0.00010369114321432376,-0.13485459404554054
8.68,0.0005092431474461039,-0.00062495485853736,1.0002551886885473,-0.0017019388729492813,0.0009626094330051527,-0.13724809005522448
8.7,0.00046178590965922537,-0.0005549964838771732,1.0002454178250453,-0.0011507125214181373,0.0021525282815515485,-0.1375231122715183
8.72,0.00041912671769081186,-0.00047885868630718207,1.000327679271218,0.0011615871820315064,0.0012746131616537257,-0.13519992342993745
8.74,0.0003852803089217406,-0.00039954381536266257,1.0003233257237063,0.0007738119370649517,0.0012359684656288975,-0.13403419455867438
8.76,0.00035575700197974146,-0.0003254287162718371,1.0002817081309936,-0.0006604979347949051,0.002182367116007719,-0.13575706816830627
8.78,0.00033071789321918266,-0.0002550801947519797,1.0002974463607115,-0.0002411625852148457,0.0031307913973809636,-0.13531181201783055
8.8,0.00031471189008257477,-0.00018335093005321753,1.0003959542935161,0.00046805665573119347,0.00012673482560379446,-0.134999329643762
8.82,0.00031063524832514915,-0.00011237652516531471,1.0003758357412786,0.002566087328749809,-0.0013548499519675605,-0.13358501484912488
8.84,0.0003068018610429803,-4.33029073348335e-05,1.0002701467675623,0.0019914927414890786,-0.001599139845780829,-0.1330921045280643
8.86,0.0002963257175578596,1.6393530312781668e-05,1.0001897085880453,0.002608944089827824,-0.0025350793865631907,-0.1331299124504848
8.88,0.0002786365638948222,6.916257488004804e-05,1.0000943539832199,0.0024836975814841434,-0.002424384157153527,-0.1317902529768482
8.9,0.0002499150259241011,0.00011319790863117938,0.9999429362953991,0.0005638899537529599,-0.0008429582298345276,-0.1330661553068951
8.92,0.0002101164156434618,0.00014848106545090842,0.9999380369249565,-1.664902883695707e-05,0.0008006398532933512,-0.1330222617218051
8.94,0.00016671372888844084,0.00018195024598677902,1.000007342044189,-0.0016308590157954547,0.0012400214771673235,-0.13567857450673862
8.96,0.00012647602167942232,0.00021503975703284357,1.0000899947647435,-0.001329010710464289,0.0018652993709786314,-0.13593160164375293
8.98,9.199045888263148e-05,0.0002538182183996368,1.0001993896782584,-0.00029977419376144373,0.0007689590171890889,-0.13388290937580224
9.0,6.529449987935334e-05,0.00029663729780628325,1.00021567138212,-0.0014676583245801977,0.0012086039013726175,-0.13386996289174918
9.02,4.182448727690491e-05,0.0003401988944814107,1.000307155496405,0.0019858181841476037,-0.0008412120064001271,-0.13315007589385705
9.04,2.370300439245508e-05,0.0003886709255076022,1.0003027260846693,0.003044805996617257,-0.0018388915604921991,-0.13212679282963455
9.06,1.4141676676921526e-06,0.000430029198964585,1.00018903132231,0.0010480851032882378,-0.0008897111992495313,-0.13257040140013565
9.08,-2.976358996753497e-05,0.0004602365339306043,1.0001603144315236,0.0020071128466825614,-0.001195496732866466,-0.1313478644056707
9.1,-6.485146369658779e-05,0.0004868668986130932,1.0000679092415028,8.55108725682416e-05,1.8939680684981022e-05,-0.1317758271766924
9.12,-0.00010575419158679067,0.0005060785531346565,1.0000906436762815,0.0011319498073566257,-0.0005604165474738478,-0.13086627338525453
9.14,-0.00014659512853074566,0.0005249393443010451,1.000037762151715,-0.0005433908163178052,-2.3686518963459764e-05,-0.13113410357100394
9.16,-0.00019020185375469474,0.0005396104636194915,1.000043922175654,0.0015283756206528958,-0.0007478053697305006,-0.12995347739338564
9.18,-0.00023358991831416676,0.000556362104041776,0.9999916456122933,0.001326860334898699,-0.000684574673011051,-0.12932088052710486
9.2,-0.00028057724865886483,0.0005676133942421599,0.9998872856448511,-0.00024030770373071047,0.0006101596999601518,-0.13146212644023428
9.22,-0.00033094162049561324,0.0005739240302205738,0.9998806125384311,-0.0011500098557570746,0.0034231162118195197,-0.1319362533006752
9.24,-0.00037869776150224223,0.0005808681474726453,0.9999889149484342,-0.0032852422686886636,0.004959290714066542,-0.134609707925712
9.26,-0.00041228133664643677,0.0005905567967295767,1.0001645650911561,-0.0027246240924243678,0.005532700282765637,-0.13532053239318567
9.28,-0.0004248794955220225,0.0006103736895311768,1.0003335888375597,-0.0012954453286690407,0.003633713349476691,-0.13457956100363244
9.3,-0.0004153554928979256,0.0006375582331542368,1.00036246180001,-0.0003998956125824777,0.002171565005591432,-0.13389548213377395
9.32,-0.0003913119747857395,0.0006677851773095712,1.0003198809387577,-0.0004777164950034195,0.0017189325366552836,-0.13392187268512012
9.34,-0.00035863892406631776,0.0006984051993471337,1.0002787850682393,0.0019075939208230846,0.0016348725549005351,-0.1322332625536947
9.36,-0.00031905213004505026,0.0007299584950921091,1.000244531293426,0.0021719547687605576,0.0017120018542302418,-0.13123476082790536
9.38,-0.00027411889618251633,0.0007532114771249294,1.0002186182369346,0.0008125959230246381,0.0019024997419013225,-0.1327537196372434
9.4,-0.00022360689644045247,0.0007669995270460577,1.000246232839269,0.0015477039204813718,0.0017730796799244899,-0.13208400625613126
9.42,-0.00016623362170422638,0.0007766728916315902,1.0002351607916726,-0.000301778023668015,0.0017919250943207777,-0.1323520151459944
9.44,-0.0001027366566801482,0.00077931928110765,1.0002748210193508,0.0021683005425050185,0.0008739407285577612,-0.13111350017949513
9.46,-3.228369722206566e-05,0.0007822053293924333,1.0002527503649286,0.0025395461467347634,-0.0002317915525697361,-0.13011405072102858
9.48,4.035558829618931e-05,0.0007763786648728708,1.0001581276646516,0.0012977462773730846,0.00016588598101358208,-0.13141789112398716
9.5,0.00011070697568340673,0.000760639735751233,1.0001294777200802,0.001707095210605142,0.00025739446435496104,-0.1304416674858498
9.52,0.000180979683944928,0.0007397327758206524,1.0001407171267382,0.0003692678372559565,0.0002347524611990704,-0.13169760117852697
9.54,0.00025132695833447456,0.0007120244918611014,1.0001820162130923,0.0011956985542389688,0.00021256425302013533,-0.13066871638837152
9.56,0.0003223336569294361,0.0006827960564099856,1.0001894612614293,-0.0006941839018456616,0.0007688869901620975,-0.13098229167197803
9.58,0.00039350280862896246,0.0006487459238636693,1.0002706035700426,0.0013170478770103244,-0.0006383376597939776,-0.12990703703772669
9.6,0.0004678677306468171,0.0006169649822981179,1.0002454598921537,0.0010230788577080944,-0.0017134813741312722,-0.12915725087959534
9.62,0.0005390391266219166,0.000580439087007591,1.0002001506203848,0.0009206870195013169,-0.0013501997199396206,-0.13025266024563575
9.64,0.0006027888706635183,0.0005407495155477155,1.0002570100574022,5.21972693142957e-05,-0.0006687952955585717,-0.12943216463867357
9.66,0.0006607947385210627,0.0004982129505601363,1.0002973107614967,-0.0004949256256618517,-0.0007291317158110249,-0.13151091333042872
9.68,0.000716089611595387,0.00045584800888431946,1.000394659873573,-0.000523012020037248,-0.0008705037385178367,-0.1311397956144155
9.7,0.0007688044990313471,0.00041577645094416805,1.0004256317994185,-0.0020625848262779997,0.0005549411317219179,-0.13348703663962946
9.72,0.0008183348786928006,0.0003782375334914584,1.0004908088883053,-0.0019520527044388906,0.00229001298629797,-0.13362746258553107
9.74,0.0008711486369759276,0.0003486703299360218,1.000666395950268,-0.00021457838436358351,0.0005367904182325368,-0.1328561903486326
9.76,0.0009334708879133021,0.0003252796226352846,1.000697478767313,9.366742787597617e-05,-0.0007767464227614314,-0.132108396200257
9.78,0.0009978946297446007,0.00030245118432065295,1.0006472377522897,-0.000251570461620889,-0.00041160084211200776,-0.13303891694224348
9.8,0.0010591478669895755,0.00027967881993960027,1.0006635906664592,0.00043543794767671813,0.0001395048648004401,-0.13176001159705067
9.82,0.0011188694415012793,0.00025812763009015185,1.0007175388878253,-5.604995871897106e-05,-6.415615027705117e-06,-0.13176948404030234
9.84,0.0011788587129841661,0.0002348419528145839,1.000744404784274,0.00418534216943232,0.0006413996323318752,-0.13041630939745827
9.86,0.0012388037320671666,0.00021179436608869014,1.0007407853022097,0.005749798286690891,0.0006678234032224529,-0.12843915084460047
9.88,0.0012990568081684899,0.00017231576491353565,1.0007029688591869,0.003960303906996407,0.0013631311301963009,-0.12781630295615415
9.9,0.0013589716280731242,0.00011024485677448534,1.0006539353849762,0.004719119371121753,-0.0024421633748904943,-0.12749197353271388
9.92,0.0014220966285413423,3.244822536656566e-05,1.000530986433176,0.0053031238926434235,-0.004440445612821866,-0.12594293114330796
9.94,0.0014736671963905502,-6.191977934288962e-05,1.0002942601668072,0.0030633815571589227,-0.003899222188650254,-0.12642447543602167
9.96,0.0015049435389895636,-0.00017499419664946615,1.0001311507448312,0.002999773449248278,-0.004266577172802927,-0.12476124831126648
9.98,0.001519859479079771,-0.00029775793079223826,0.9998877742381788,0.0007306312820648414,-0.002755531205508797,-0.12559967752836815
10.0,0.0015159049954244794,-0.0004304333998231297,0.9998182421560204,-0.0002794524603532537,-0.0020782127295400255,-0.12529883830796862
